Intermediate,WeekStart,Batches
TSP-049,2025-12-29,0.0
TSP-049,2026-01-05,0.0
TSP-049,2026-01-12,0.0
TSP-049,2026-01-19,0.0
TSP-049,2026-01-26,0.0
TSP-049,2026-02-02,0.0
TSP-049,2026-02-09,0.0
TSP-049,2026-02-16,0.0
TSP-049,2026-02-23,0.0
TSP-049,2026-03-02,0.0
TSP-049,2026-03-09,0.0
TSP-049,2026-03-16,0.0
TSP-049,2026-03-23,0.0
TSP-049,2026-03-30,0.0
TSP-049,2026-04-06,0.0
TSP-049,2026-04-13,0.0
TSP-049,2026-04-20,0.0
TSP-049,2026-04-27,0.0
TSP-049,2026-05-04,0.0
TSP-049,2026-05-11,0.0
TSP-049,2026-05-18,0.0
TSP-049,2026-05-25,0.0
TSP-049,2026-06-01,0.0
TSP-049,2026-06-08,0.0
TSP-049,2026-06-15,0.0
TSP-049,2026-06-22,0.0
TSP-049,2026-06-29,0.0
TSP-049,2026-07-06,0.0
TSP-049,2026-07-13,0.0
TSP-049,2026-07-20,0.0
TSP-049,2026-07-27,0.0
TSP-049,2026-08-03,0.0
TSP-049,2026-08-10,0.0
TSP-049,2026-08-17,0.0
TSP-049,2026-08-24,0.0
TSP-049,2026-08-31,0.0
TSP-049,2026-09-07,0.0
TSP-049,2026-09-14,0.0
TSP-049,2026-09-21,0.0
TSP-049,2026-09-28,0.0
TSP-049,2026-10-05,0.0
TSP-049,2026-10-12,0.0
TSP-049,2026-10-19,0.0
TSP-049,2026-10-26,0.0
TSP-049,2026-11-02,0.0
TSP-049,2026-11-09,0.0
TSP-049,2026-11-16,0.0
TSP-049,2026-11-23,0.0
TSP-049,2026-11-30,0.0
TSP-049,2026-12-07,0.0
TSP-049,2026-12-14,0.0
TSP-049,2026-12-21,0.0
TSP-049,2026-12-28,0.0
TSP-049,2027-01-04,0.0
TSP-049,2027-01-11,0.0
TSP-049,2027-01-18,0.0
TSP-049,2027-01-25,0.0
TSP-049,2027-02-01,0.0
TSP-049,2027-02-08,0.0
TSP-049,2027-02-15,0.0
TSP-049,2027-02-22,0.0
TSP-049,2027-03-01,0.0
TSP-049,2027-03-08,0.0
TSP-049,2027-03-15,0.0
TSP-049,2027-03-22,0.0
TSP-049,2027-03-29,0.0
TSP-049,2027-04-05,0.0
TSP-049,2027-04-12,0.0
TSP-049,2027-04-19,0.0
TSP-049,2027-04-26,0.0
TSP-049,2027-05-03,0.0
TSP-049,2027-05-10,0.0
TSP-049,2027-05-17,0.0
TSP-049,2027-05-24,0.0
TSP-049,2027-05-31,0.0
TSP-049,2027-06-07,0.0
TSP-049,2027-06-14,0.0
TSP-049,2027-06-21,0.0
TSP-049,2027-06-28,0.0
TSP-049,2027-07-05,0.0
TSP-049,2027-07-12,0.0
TSP-049,2027-07-19,0.0
TSP-049,2027-07-26,0.0
TSP-049,2027-08-02,0.0
TSP-049,2027-08-09,0.0
TSP-049,2027-08-16,0.0
TSP-049,2027-08-23,0.0
TSP-049,2027-08-30,0.0
TSP-049,2027-09-06,0.0
TSP-049,2027-09-13,0.0
TSP-049,2027-09-20,0.0
TSP-049,2027-09-27,0.0
TSP-049,2027-10-04,0.0
TSP-049,2027-10-11,0.0
TSP-049,2027-10-18,0.0
TSP-049,2027-10-25,0.0
TSP-049,2027-11-01,0.0
TSP-049,2027-11-08,0.0
TSP-049,2027-11-15,0.0
TSP-049,2027-11-22,0.0
TSP-049,2027-11-29,0.0
TSP-049,2027-12-06,0.0
TSP-049,2027-12-13,0.0
TSP-049,2027-12-20,0.0
TSP-050,2025-12-29,0.0
TSP-050,2026-01-05,0.0
TSP-050,2026-01-12,0.0
TSP-050,2026-01-19,0.0
TSP-050,2026-01-26,0.0
TSP-050,2026-02-02,0.0
TSP-050,2026-02-09,0.0
TSP-050,2026-02-16,0.0
TSP-050,2026-02-23,0.0
TSP-050,2026-03-02,0.0
TSP-050,2026-03-09,0.0
TSP-050,2026-03-16,0.0
TSP-050,2026-03-23,0.0
TSP-050,2026-03-30,0.0
TSP-050,2026-04-06,0.0
TSP-050,2026-04-13,0.0
TSP-050,2026-04-20,0.0
TSP-050,2026-04-27,0.0
TSP-050,2026-05-04,0.0
TSP-050,2026-05-11,0.0
TSP-050,2026-05-18,0.0
TSP-050,2026-05-25,0.0
TSP-050,2026-06-01,0.0
TSP-050,2026-06-08,0.0
TSP-050,2026-06-15,0.0
TSP-050,2026-06-22,0.0
TSP-050,2026-06-29,0.0
TSP-050,2026-07-06,0.0
TSP-050,2026-07-13,0.0
TSP-050,2026-07-20,0.0
TSP-050,2026-07-27,0.0
TSP-050,2026-08-03,0.0
TSP-050,2026-08-10,0.0
TSP-050,2026-08-17,0.0
TSP-050,2026-08-24,0.0
TSP-050,2026-08-31,0.0
TSP-050,2026-09-07,0.0
TSP-050,2026-09-14,0.0
TSP-050,2026-09-21,0.0
TSP-050,2026-09-28,0.0
TSP-050,2026-10-05,0.0
TSP-050,2026-10-12,0.0
TSP-050,2026-10-19,0.0
TSP-050,2026-10-26,0.0
TSP-050,2026-11-02,0.0
TSP-050,2026-11-09,0.0
TSP-050,2026-11-16,0.0
TSP-050,2026-11-23,0.0
TSP-050,2026-11-30,0.0
TSP-050,2026-12-07,0.0
TSP-050,2026-12-14,0.0
TSP-050,2026-12-21,0.0
TSP-050,2026-12-28,0.0
TSP-050,2027-01-04,0.0
TSP-050,2027-01-11,0.0
TSP-050,2027-01-18,0.0
TSP-050,2027-01-25,0.0
TSP-050,2027-02-01,0.0
TSP-050,2027-02-08,0.0
TSP-050,2027-02-15,0.0
TSP-050,2027-02-22,0.0
TSP-050,2027-03-01,0.0
TSP-050,2027-03-08,0.0
TSP-050,2027-03-15,0.0
TSP-050,2027-03-22,0.0
TSP-050,2027-03-29,0.0
TSP-050,2027-04-05,0.0
TSP-050,2027-04-12,0.0
TSP-050,2027-04-19,0.0
TSP-050,2027-04-26,0.0
TSP-050,2027-05-03,0.0
TSP-050,2027-05-10,0.0
TSP-050,2027-05-17,0.0
TSP-050,2027-05-24,0.0
TSP-050,2027-05-31,0.0
TSP-050,2027-06-07,0.0
TSP-050,2027-06-14,0.0
TSP-050,2027-06-21,0.0
TSP-050,2027-06-28,0.0
TSP-050,2027-07-05,0.0
TSP-050,2027-07-12,0.0
TSP-050,2027-07-19,0.0
TSP-050,2027-07-26,0.0
TSP-050,2027-08-02,0.0
TSP-050,2027-08-09,0.0
TSP-050,2027-08-16,0.0
TSP-050,2027-08-23,0.0
TSP-050,2027-08-30,0.0
TSP-050,2027-09-06,0.0
TSP-050,2027-09-13,0.0
TSP-050,2027-09-20,0.0
TSP-050,2027-09-27,0.0
TSP-050,2027-10-04,0.0
TSP-050,2027-10-11,0.0
TSP-050,2027-10-18,0.0
TSP-050,2027-10-25,0.0
TSP-050,2027-11-01,0.0
TSP-050,2027-11-08,0.0
TSP-050,2027-11-15,0.0
TSP-050,2027-11-22,0.0
TSP-050,2027-11-29,0.0
TSP-050,2027-12-06,0.0
TSP-050,2027-12-13,0.0
TSP-050,2027-12-20,0.0
TSP-067,2025-12-29,0.0
TSP-067,2026-01-05,0.0
TSP-067,2026-01-12,0.0
TSP-067,2026-01-19,0.0
TSP-067,2026-01-26,0.0
TSP-067,2026-02-02,0.0
TSP-067,2026-02-09,0.0
TSP-067,2026-02-16,0.0
TSP-067,2026-02-23,0.0
TSP-067,2026-03-02,0.0
TSP-067,2026-03-09,0.0
TSP-067,2026-03-16,0.0
TSP-067,2026-03-23,0.0
TSP-067,2026-03-30,0.0
TSP-067,2026-04-06,0.0
TSP-067,2026-04-13,0.0
TSP-067,2026-04-20,0.0
TSP-067,2026-04-27,0.0
TSP-067,2026-05-04,0.0
TSP-067,2026-05-11,0.0
TSP-067,2026-05-18,0.0
TSP-067,2026-05-25,0.0
TSP-067,2026-06-01,0.0
TSP-067,2026-06-08,0.0
TSP-067,2026-06-15,0.0
TSP-067,2026-06-22,0.0
TSP-067,2026-06-29,0.0
TSP-067,2026-07-06,0.0
TSP-067,2026-07-13,0.0
TSP-067,2026-07-20,0.0
TSP-067,2026-07-27,0.0
TSP-067,2026-08-03,0.0
TSP-067,2026-08-10,0.0
TSP-067,2026-08-17,0.0
TSP-067,2026-08-24,0.0
TSP-067,2026-08-31,0.0
TSP-067,2026-09-07,0.0
TSP-067,2026-09-14,0.0
TSP-067,2026-09-21,0.0
TSP-067,2026-09-28,0.0
TSP-067,2026-10-05,0.0
TSP-067,2026-10-12,0.0
TSP-067,2026-10-19,0.0
TSP-067,2026-10-26,0.0
TSP-067,2026-11-02,0.0
TSP-067,2026-11-09,0.0
TSP-067,2026-11-16,0.0
TSP-067,2026-11-23,0.0
TSP-067,2026-11-30,0.0
TSP-067,2026-12-07,0.0
TSP-067,2026-12-14,0.0
TSP-067,2026-12-21,0.0
TSP-067,2026-12-28,0.0
TSP-067,2027-01-04,0.0
TSP-067,2027-01-11,0.0
TSP-067,2027-01-18,0.0
TSP-067,2027-01-25,0.0
TSP-067,2027-02-01,0.0
TSP-067,2027-02-08,0.0
TSP-067,2027-02-15,0.0
TSP-067,2027-02-22,0.0
TSP-067,2027-03-01,0.0
TSP-067,2027-03-08,0.0
TSP-067,2027-03-15,0.0
TSP-067,2027-03-22,0.0
TSP-067,2027-03-29,0.0
TSP-067,2027-04-05,0.0
TSP-067,2027-04-12,0.0
TSP-067,2027-04-19,0.0
TSP-067,2027-04-26,0.0
TSP-067,2027-05-03,0.0
TSP-067,2027-05-10,0.0
TSP-067,2027-05-17,0.0
TSP-067,2027-05-24,0.0
TSP-067,2027-05-31,0.0
TSP-067,2027-06-07,0.0
TSP-067,2027-06-14,0.0
TSP-067,2027-06-21,0.0
TSP-067,2027-06-28,0.0
TSP-067,2027-07-05,0.0
TSP-067,2027-07-12,0.0
TSP-067,2027-07-19,0.0
TSP-067,2027-07-26,0.0
TSP-067,2027-08-02,0.0
TSP-067,2027-08-09,0.0
TSP-067,2027-08-16,0.0
TSP-067,2027-08-23,0.0
TSP-067,2027-08-30,0.0
TSP-067,2027-09-06,0.0
TSP-067,2027-09-13,0.0
TSP-067,2027-09-20,0.0
TSP-067,2027-09-27,0.0
TSP-067,2027-10-04,0.0
TSP-067,2027-10-11,0.0
TSP-067,2027-10-18,0.0
TSP-067,2027-10-25,0.0
TSP-067,2027-11-01,0.0
TSP-067,2027-11-08,0.0
TSP-067,2027-11-15,0.0
TSP-067,2027-11-22,0.0
TSP-067,2027-11-29,0.0
TSP-067,2027-12-06,0.0
TSP-067,2027-12-13,0.0
TSP-067,2027-12-20,0.0
TSP-069,2025-12-29,0.0
TSP-069,2026-01-05,0.0
TSP-069,2026-01-12,0.0
TSP-069,2026-01-19,0.0
TSP-069,2026-01-26,0.0
TSP-069,2026-02-02,0.0
TSP-069,2026-02-09,0.0
TSP-069,2026-02-16,0.0
TSP-069,2026-02-23,0.0
TSP-069,2026-03-02,0.0
TSP-069,2026-03-09,0.0
TSP-069,2026-03-16,0.0
TSP-069,2026-03-23,0.0
TSP-069,2026-03-30,0.0
TSP-069,2026-04-06,0.0
TSP-069,2026-04-13,0.0
TSP-069,2026-04-20,0.0
TSP-069,2026-04-27,0.0
TSP-069,2026-05-04,0.0
TSP-069,2026-05-11,0.0
TSP-069,2026-05-18,0.0
TSP-069,2026-05-25,0.0
TSP-069,2026-06-01,0.0
TSP-069,2026-06-08,0.0
TSP-069,2026-06-15,0.0
TSP-069,2026-06-22,0.0
TSP-069,2026-06-29,0.0
TSP-069,2026-07-06,0.0
TSP-069,2026-07-13,0.0
TSP-069,2026-07-20,0.0
TSP-069,2026-07-27,0.0
TSP-069,2026-08-03,0.0
TSP-069,2026-08-10,0.0
TSP-069,2026-08-17,0.0
TSP-069,2026-08-24,0.0
TSP-069,2026-08-31,0.0
TSP-069,2026-09-07,0.0
TSP-069,2026-09-14,0.0
TSP-069,2026-09-21,0.0
TSP-069,2026-09-28,0.0
TSP-069,2026-10-05,0.0
TSP-069,2026-10-12,0.0
TSP-069,2026-10-19,0.0
TSP-069,2026-10-26,0.0
TSP-069,2026-11-02,0.0
TSP-069,2026-11-09,0.0
TSP-069,2026-11-16,0.0
TSP-069,2026-11-23,0.0
TSP-069,2026-11-30,0.0
TSP-069,2026-12-07,0.0
TSP-069,2026-12-14,0.0
TSP-069,2026-12-21,0.0
TSP-069,2026-12-28,0.0
TSP-069,2027-01-04,0.0
TSP-069,2027-01-11,0.0
TSP-069,2027-01-18,0.0
TSP-069,2027-01-25,0.0
TSP-069,2027-02-01,0.0
TSP-069,2027-02-08,0.0
TSP-069,2027-02-15,0.0
TSP-069,2027-02-22,0.0
TSP-069,2027-03-01,0.0
TSP-069,2027-03-08,0.0
TSP-069,2027-03-15,0.0
TSP-069,2027-03-22,0.0
TSP-069,2027-03-29,0.0
TSP-069,2027-04-05,0.0
TSP-069,2027-04-12,0.0
TSP-069,2027-04-19,0.0
TSP-069,2027-04-26,0.0
TSP-069,2027-05-03,0.0
TSP-069,2027-05-10,0.0
TSP-069,2027-05-17,0.0
TSP-069,2027-05-24,0.0
TSP-069,2027-05-31,0.0
TSP-069,2027-06-07,0.0
TSP-069,2027-06-14,0.0
TSP-069,2027-06-21,0.0
TSP-069,2027-06-28,0.0
TSP-069,2027-07-05,0.0
TSP-069,2027-07-12,0.0
TSP-069,2027-07-19,0.0
TSP-069,2027-07-26,0.0
TSP-069,2027-08-02,0.0
TSP-069,2027-08-09,0.0
TSP-069,2027-08-16,0.0
TSP-069,2027-08-23,0.0
TSP-069,2027-08-30,0.0
TSP-069,2027-09-06,0.0
TSP-069,2027-09-13,0.0
TSP-069,2027-09-20,0.0
TSP-069,2027-09-27,0.0
TSP-069,2027-10-04,0.0
TSP-069,2027-10-11,0.0
TSP-069,2027-10-18,0.0
TSP-069,2027-10-25,0.0
TSP-069,2027-11-01,0.0
TSP-069,2027-11-08,0.0
TSP-069,2027-11-15,0.0
TSP-069,2027-11-22,0.0
TSP-069,2027-11-29,0.0
TSP-069,2027-12-06,0.0
TSP-069,2027-12-13,0.0
TSP-069,2027-12-20,0.0
TSP-077,2025-12-29,0.0
TSP-077,2026-01-05,0.0
TSP-077,2026-01-12,0.0
TSP-077,2026-01-19,0.0
TSP-077,2026-01-26,0.0
TSP-077,2026-02-02,0.0
TSP-077,2026-02-09,0.0
TSP-077,2026-02-16,0.0
TSP-077,2026-02-23,0.0
TSP-077,2026-03-02,0.0
TSP-077,2026-03-09,0.0
TSP-077,2026-03-16,0.0
TSP-077,2026-03-23,0.0
TSP-077,2026-03-30,0.0
TSP-077,2026-04-06,0.0
TSP-077,2026-04-13,0.0
TSP-077,2026-04-20,0.0
TSP-077,2026-04-27,0.0
TSP-077,2026-05-04,0.0
TSP-077,2026-05-11,0.0
TSP-077,2026-05-18,0.0
TSP-077,2026-05-25,0.0
TSP-077,2026-06-01,0.0
TSP-077,2026-06-08,0.0
TSP-077,2026-06-15,0.0
TSP-077,2026-06-22,0.0
TSP-077,2026-06-29,0.0
TSP-077,2026-07-06,0.0
TSP-077,2026-07-13,0.0
TSP-077,2026-07-20,0.0
TSP-077,2026-07-27,0.0
TSP-077,2026-08-03,0.0
TSP-077,2026-08-10,0.0
TSP-077,2026-08-17,0.0
TSP-077,2026-08-24,0.0
TSP-077,2026-08-31,0.0
TSP-077,2026-09-07,0.0
TSP-077,2026-09-14,0.0
TSP-077,2026-09-21,0.0
TSP-077,2026-09-28,0.0
TSP-077,2026-10-05,0.0
TSP-077,2026-10-12,0.0
TSP-077,2026-10-19,0.0
TSP-077,2026-10-26,0.0
TSP-077,2026-11-02,0.0
TSP-077,2026-11-09,0.0
TSP-077,2026-11-16,0.0
TSP-077,2026-11-23,0.0
TSP-077,2026-11-30,0.0
TSP-077,2026-12-07,0.0
TSP-077,2026-12-14,0.0
TSP-077,2026-12-21,0.0
TSP-077,2026-12-28,0.0
TSP-077,2027-01-04,0.0
TSP-077,2027-01-11,0.0
TSP-077,2027-01-18,0.0
TSP-077,2027-01-25,0.0
TSP-077,2027-02-01,0.0
TSP-077,2027-02-08,0.0
TSP-077,2027-02-15,0.0
TSP-077,2027-02-22,0.0
TSP-077,2027-03-01,0.0
TSP-077,2027-03-08,0.0
TSP-077,2027-03-15,0.0
TSP-077,2027-03-22,0.0
TSP-077,2027-03-29,0.0
TSP-077,2027-04-05,0.0
TSP-077,2027-04-12,0.0
TSP-077,2027-04-19,0.0
TSP-077,2027-04-26,0.0
TSP-077,2027-05-03,0.0
TSP-077,2027-05-10,0.0
TSP-077,2027-05-17,0.0
TSP-077,2027-05-24,0.0
TSP-077,2027-05-31,0.0
TSP-077,2027-06-07,0.0
TSP-077,2027-06-14,0.0
TSP-077,2027-06-21,0.0
TSP-077,2027-06-28,0.0
TSP-077,2027-07-05,0.0
TSP-077,2027-07-12,0.0
TSP-077,2027-07-19,0.0
TSP-077,2027-07-26,0.0
TSP-077,2027-08-02,0.0
TSP-077,2027-08-09,0.0
TSP-077,2027-08-16,0.0
TSP-077,2027-08-23,0.0
TSP-077,2027-08-30,0.0
TSP-077,2027-09-06,0.0
TSP-077,2027-09-13,0.0
TSP-077,2027-09-20,0.0
TSP-077,2027-09-27,0.0
TSP-077,2027-10-04,0.0
TSP-077,2027-10-11,0.0
TSP-077,2027-10-18,0.0
TSP-077,2027-10-25,0.0
TSP-077,2027-11-01,0.0
TSP-077,2027-11-08,0.0
TSP-077,2027-11-15,0.0
TSP-077,2027-11-22,0.0
TSP-077,2027-11-29,0.0
TSP-077,2027-12-06,0.0
TSP-077,2027-12-13,0.0
TSP-077,2027-12-20,0.0
TSP-078,2025-12-29,0.0
TSP-078,2026-01-05,0.0
TSP-078,2026-01-12,0.0
TSP-078,2026-01-19,0.0
TSP-078,2026-01-26,0.0
TSP-078,2026-02-02,0.0
TSP-078,2026-02-09,0.0
TSP-078,2026-02-16,0.0
TSP-078,2026-02-23,0.0
TSP-078,2026-03-02,0.0
TSP-078,2026-03-09,0.0
TSP-078,2026-03-16,0.0
TSP-078,2026-03-23,0.0
TSP-078,2026-03-30,0.0
TSP-078,2026-04-06,0.0
TSP-078,2026-04-13,0.0
TSP-078,2026-04-20,0.0
TSP-078,2026-04-27,0.0
TSP-078,2026-05-04,0.0
TSP-078,2026-05-11,0.0
TSP-078,2026-05-18,0.0
TSP-078,2026-05-25,0.0
TSP-078,2026-06-01,0.0
TSP-078,2026-06-08,0.0
TSP-078,2026-06-15,0.0
TSP-078,2026-06-22,0.0
TSP-078,2026-06-29,0.0
TSP-078,2026-07-06,0.0
TSP-078,2026-07-13,0.0
TSP-078,2026-07-20,0.0
TSP-078,2026-07-27,0.0
TSP-078,2026-08-03,0.0
TSP-078,2026-08-10,0.0
TSP-078,2026-08-17,0.0
TSP-078,2026-08-24,0.0
TSP-078,2026-08-31,0.0
TSP-078,2026-09-07,0.0
TSP-078,2026-09-14,0.0
TSP-078,2026-09-21,0.0
TSP-078,2026-09-28,0.0
TSP-078,2026-10-05,0.0
TSP-078,2026-10-12,0.0
TSP-078,2026-10-19,0.0
TSP-078,2026-10-26,0.0
TSP-078,2026-11-02,0.0
TSP-078,2026-11-09,0.0
TSP-078,2026-11-16,0.0
TSP-078,2026-11-23,0.0
TSP-078,2026-11-30,0.0
TSP-078,2026-12-07,0.0
TSP-078,2026-12-14,0.0
TSP-078,2026-12-21,0.0
TSP-078,2026-12-28,0.0
TSP-078,2027-01-04,0.0
TSP-078,2027-01-11,0.0
TSP-078,2027-01-18,0.0
TSP-078,2027-01-25,0.0
TSP-078,2027-02-01,0.0
TSP-078,2027-02-08,0.0
TSP-078,2027-02-15,0.0
TSP-078,2027-02-22,0.0
TSP-078,2027-03-01,0.0
TSP-078,2027-03-08,0.0
TSP-078,2027-03-15,0.0
TSP-078,2027-03-22,0.0
TSP-078,2027-03-29,0.0
TSP-078,2027-04-05,0.0
TSP-078,2027-04-12,0.0
TSP-078,2027-04-19,0.0
TSP-078,2027-04-26,0.0
TSP-078,2027-05-03,0.0
TSP-078,2027-05-10,0.0
TSP-078,2027-05-17,0.0
TSP-078,2027-05-24,0.0
TSP-078,2027-05-31,0.0
TSP-078,2027-06-07,0.0
TSP-078,2027-06-14,0.0
TSP-078,2027-06-21,0.0
TSP-078,2027-06-28,0.0
TSP-078,2027-07-05,0.0
TSP-078,2027-07-12,0.0
TSP-078,2027-07-19,0.0
TSP-078,2027-07-26,0.0
TSP-078,2027-08-02,0.0
TSP-078,2027-08-09,0.0
TSP-078,2027-08-16,0.0
TSP-078,2027-08-23,0.0
TSP-078,2027-08-30,0.0
TSP-078,2027-09-06,0.0
TSP-078,2027-09-13,0.0
TSP-078,2027-09-20,0.0
TSP-078,2027-09-27,0.0
TSP-078,2027-10-04,0.0
TSP-078,2027-10-11,0.0
TSP-078,2027-10-18,0.0
TSP-078,2027-10-25,0.0
TSP-078,2027-11-01,0.0
TSP-078,2027-11-08,0.0
TSP-078,2027-11-15,0.0
TSP-078,2027-11-22,0.0
TSP-078,2027-11-29,0.0
TSP-078,2027-12-06,0.0
TSP-078,2027-12-13,0.0
TSP-078,2027-12-20,0.0
TSP-080,2025-12-29,0.0
TSP-080,2026-01-05,0.0
TSP-080,2026-01-12,0.0
TSP-080,2026-01-19,0.0
TSP-080,2026-01-26,0.0
TSP-080,2026-02-02,0.0
TSP-080,2026-02-09,0.0
TSP-080,2026-02-16,0.0
TSP-080,2026-02-23,0.0
TSP-080,2026-03-02,0.0
TSP-080,2026-03-09,0.0
TSP-080,2026-03-16,0.0
TSP-080,2026-03-23,0.0
TSP-080,2026-03-30,0.0
TSP-080,2026-04-06,0.0
TSP-080,2026-04-13,0.0
TSP-080,2026-04-20,0.0
TSP-080,2026-04-27,0.0
TSP-080,2026-05-04,0.0
TSP-080,2026-05-11,0.0
TSP-080,2026-05-18,0.0
TSP-080,2026-05-25,0.0
TSP-080,2026-06-01,0.0
TSP-080,2026-06-08,0.0
TSP-080,2026-06-15,0.0
TSP-080,2026-06-22,0.0
TSP-080,2026-06-29,0.0
TSP-080,2026-07-06,0.0
TSP-080,2026-07-13,0.0
TSP-080,2026-07-20,0.0
TSP-080,2026-07-27,0.0
TSP-080,2026-08-03,0.0
TSP-080,2026-08-10,0.0
TSP-080,2026-08-17,0.0
TSP-080,2026-08-24,0.0
TSP-080,2026-08-31,0.0
TSP-080,2026-09-07,0.0
TSP-080,2026-09-14,0.0
TSP-080,2026-09-21,0.0
TSP-080,2026-09-28,0.0
TSP-080,2026-10-05,0.0
TSP-080,2026-10-12,0.0
TSP-080,2026-10-19,0.0
TSP-080,2026-10-26,0.0
TSP-080,2026-11-02,0.0
TSP-080,2026-11-09,0.0
TSP-080,2026-11-16,0.0
TSP-080,2026-11-23,0.0
TSP-080,2026-11-30,0.0
TSP-080,2026-12-07,0.0
TSP-080,2026-12-14,0.0
TSP-080,2026-12-21,0.0
TSP-080,2026-12-28,0.0
TSP-080,2027-01-04,0.0
TSP-080,2027-01-11,0.0
TSP-080,2027-01-18,0.0
TSP-080,2027-01-25,0.0
TSP-080,2027-02-01,0.0
TSP-080,2027-02-08,0.0
TSP-080,2027-02-15,0.0
TSP-080,2027-02-22,0.0
TSP-080,2027-03-01,0.0
TSP-080,2027-03-08,0.0
TSP-080,2027-03-15,0.0
TSP-080,2027-03-22,0.0
TSP-080,2027-03-29,0.0
TSP-080,2027-04-05,0.0
TSP-080,2027-04-12,0.0
TSP-080,2027-04-19,0.0
TSP-080,2027-04-26,0.0
TSP-080,2027-05-03,0.0
TSP-080,2027-05-10,0.0
TSP-080,2027-05-17,0.0
TSP-080,2027-05-24,0.0
TSP-080,2027-05-31,0.0
TSP-080,2027-06-07,0.0
TSP-080,2027-06-14,0.0
TSP-080,2027-06-21,0.0
TSP-080,2027-06-28,0.0
TSP-080,2027-07-05,0.0
TSP-080,2027-07-12,0.0
TSP-080,2027-07-19,0.0
TSP-080,2027-07-26,0.0
TSP-080,2027-08-02,0.0
TSP-080,2027-08-09,0.0
TSP-080,2027-08-16,0.0
TSP-080,2027-08-23,0.0
TSP-080,2027-08-30,0.0
TSP-080,2027-09-06,0.0
TSP-080,2027-09-13,0.0
TSP-080,2027-09-20,0.0
TSP-080,2027-09-27,0.0
TSP-080,2027-10-04,0.0
TSP-080,2027-10-11,0.0
TSP-080,2027-10-18,0.0
TSP-080,2027-10-25,0.0
TSP-080,2027-11-01,0.0
TSP-080,2027-11-08,0.0
TSP-080,2027-11-15,0.0
TSP-080,2027-11-22,0.0
TSP-080,2027-11-29,0.0
TSP-080,2027-12-06,0.0
TSP-080,2027-12-13,0.0
TSP-080,2027-12-20,0.0
TSP-089,2025-12-29,0.0
TSP-089,2026-01-05,0.0
TSP-089,2026-01-12,0.0
TSP-089,2026-01-19,0.0
TSP-089,2026-01-26,0.0
TSP-089,2026-02-02,0.0
TSP-089,2026-02-09,0.0
TSP-089,2026-02-16,0.0
TSP-089,2026-02-23,0.0
TSP-089,2026-03-02,0.0
TSP-089,2026-03-09,0.0
TSP-089,2026-03-16,0.0
TSP-089,2026-03-23,0.0
TSP-089,2026-03-30,0.0
TSP-089,2026-04-06,0.0
TSP-089,2026-04-13,0.0
TSP-089,2026-04-20,0.0
TSP-089,2026-04-27,0.0
TSP-089,2026-05-04,0.0
TSP-089,2026-05-11,0.0
TSP-089,2026-05-18,0.0
TSP-089,2026-05-25,0.0
TSP-089,2026-06-01,0.0
TSP-089,2026-06-08,0.0
TSP-089,2026-06-15,0.0
TSP-089,2026-06-22,0.0
TSP-089,2026-06-29,0.0
TSP-089,2026-07-06,0.0
TSP-089,2026-07-13,0.0
TSP-089,2026-07-20,0.0
TSP-089,2026-07-27,0.0
TSP-089,2026-08-03,0.0
TSP-089,2026-08-10,0.0
TSP-089,2026-08-17,0.0
TSP-089,2026-08-24,0.0
TSP-089,2026-08-31,0.0
TSP-089,2026-09-07,0.0
TSP-089,2026-09-14,0.0
TSP-089,2026-09-21,0.0
TSP-089,2026-09-28,0.0
TSP-089,2026-10-05,0.0
TSP-089,2026-10-12,0.0
TSP-089,2026-10-19,0.0
TSP-089,2026-10-26,0.0
TSP-089,2026-11-02,0.0
TSP-089,2026-11-09,0.0
TSP-089,2026-11-16,0.0
TSP-089,2026-11-23,0.0
TSP-089,2026-11-30,0.0
TSP-089,2026-12-07,0.0
TSP-089,2026-12-14,0.0
TSP-089,2026-12-21,0.0
TSP-089,2026-12-28,0.0
TSP-089,2027-01-04,0.0
TSP-089,2027-01-11,0.0
TSP-089,2027-01-18,0.0
TSP-089,2027-01-25,0.0
TSP-089,2027-02-01,0.0
TSP-089,2027-02-08,0.0
TSP-089,2027-02-15,0.0
TSP-089,2027-02-22,0.0
TSP-089,2027-03-01,0.0
TSP-089,2027-03-08,0.0
TSP-089,2027-03-15,0.0
TSP-089,2027-03-22,0.0
TSP-089,2027-03-29,0.0
TSP-089,2027-04-05,0.0
TSP-089,2027-04-12,0.0
TSP-089,2027-04-19,0.0
TSP-089,2027-04-26,0.0
TSP-089,2027-05-03,0.0
TSP-089,2027-05-10,0.0
TSP-089,2027-05-17,0.0
TSP-089,2027-05-24,0.0
TSP-089,2027-05-31,0.0
TSP-089,2027-06-07,0.0
TSP-089,2027-06-14,0.0
TSP-089,2027-06-21,0.0
TSP-089,2027-06-28,0.0
TSP-089,2027-07-05,0.0
TSP-089,2027-07-12,0.0
TSP-089,2027-07-19,0.0
TSP-089,2027-07-26,0.0
TSP-089,2027-08-02,0.0
TSP-089,2027-08-09,0.0
TSP-089,2027-08-16,0.0
TSP-089,2027-08-23,0.0
TSP-089,2027-08-30,0.0
TSP-089,2027-09-06,0.0
TSP-089,2027-09-13,0.0
TSP-089,2027-09-20,0.0
TSP-089,2027-09-27,0.0
TSP-089,2027-10-04,0.0
TSP-089,2027-10-11,0.0
TSP-089,2027-10-18,0.0
TSP-089,2027-10-25,0.0
TSP-089,2027-11-01,0.0
TSP-089,2027-11-08,0.0
TSP-089,2027-11-15,0.0
TSP-089,2027-11-22,0.0
TSP-089,2027-11-29,0.0
TSP-089,2027-12-06,0.0
TSP-089,2027-12-13,0.0
TSP-089,2027-12-20,0.0
TSP-104,2025-12-29,0.0
TSP-104,2026-01-05,0.0
TSP-104,2026-01-12,0.0
TSP-104,2026-01-19,0.0
TSP-104,2026-01-26,0.0
TSP-104,2026-02-02,0.0
TSP-104,2026-02-09,0.0
TSP-104,2026-02-16,0.0
TSP-104,2026-02-23,0.0
TSP-104,2026-03-02,0.0
TSP-104,2026-03-09,0.0
TSP-104,2026-03-16,0.0
TSP-104,2026-03-23,0.0
TSP-104,2026-03-30,0.0
TSP-104,2026-04-06,0.0
TSP-104,2026-04-13,0.0
TSP-104,2026-04-20,0.0
TSP-104,2026-04-27,0.0
TSP-104,2026-05-04,0.0
TSP-104,2026-05-11,0.0
TSP-104,2026-05-18,0.0
TSP-104,2026-05-25,0.0
TSP-104,2026-06-01,0.0
TSP-104,2026-06-08,0.0
TSP-104,2026-06-15,0.0
TSP-104,2026-06-22,0.0
TSP-104,2026-06-29,0.0
TSP-104,2026-07-06,0.0
TSP-104,2026-07-13,0.0
TSP-104,2026-07-20,0.0
TSP-104,2026-07-27,0.0
TSP-104,2026-08-03,0.0
TSP-104,2026-08-10,0.0
TSP-104,2026-08-17,0.0
TSP-104,2026-08-24,0.0
TSP-104,2026-08-31,0.0
TSP-104,2026-09-07,0.0
TSP-104,2026-09-14,0.0
TSP-104,2026-09-21,0.0
TSP-104,2026-09-28,0.0
TSP-104,2026-10-05,0.0
TSP-104,2026-10-12,0.0
TSP-104,2026-10-19,0.0
TSP-104,2026-10-26,0.0
TSP-104,2026-11-02,0.0
TSP-104,2026-11-09,0.0
TSP-104,2026-11-16,0.0
TSP-104,2026-11-23,0.0
TSP-104,2026-11-30,0.0
TSP-104,2026-12-07,0.0
TSP-104,2026-12-14,0.0
TSP-104,2026-12-21,0.0
TSP-104,2026-12-28,0.0
TSP-104,2027-01-04,0.0
TSP-104,2027-01-11,0.0
TSP-104,2027-01-18,0.0
TSP-104,2027-01-25,0.0
TSP-104,2027-02-01,0.0
TSP-104,2027-02-08,0.0
TSP-104,2027-02-15,0.0
TSP-104,2027-02-22,0.0
TSP-104,2027-03-01,0.0
TSP-104,2027-03-08,0.0
TSP-104,2027-03-15,0.0
TSP-104,2027-03-22,0.0
TSP-104,2027-03-29,0.0
TSP-104,2027-04-05,0.0
TSP-104,2027-04-12,0.0
TSP-104,2027-04-19,0.0
TSP-104,2027-04-26,0.0
TSP-104,2027-05-03,0.0
TSP-104,2027-05-10,0.0
TSP-104,2027-05-17,0.0
TSP-104,2027-05-24,0.0
TSP-104,2027-05-31,0.0
TSP-104,2027-06-07,0.0
TSP-104,2027-06-14,0.0
TSP-104,2027-06-21,0.0
TSP-104,2027-06-28,0.0
TSP-104,2027-07-05,0.0
TSP-104,2027-07-12,0.0
TSP-104,2027-07-19,0.0
TSP-104,2027-07-26,0.0
TSP-104,2027-08-02,0.0
TSP-104,2027-08-09,0.0
TSP-104,2027-08-16,0.0
TSP-104,2027-08-23,0.0
TSP-104,2027-08-30,0.0
TSP-104,2027-09-06,0.0
TSP-104,2027-09-13,0.0
TSP-104,2027-09-20,0.0
TSP-104,2027-09-27,0.0
TSP-104,2027-10-04,0.0
TSP-104,2027-10-11,0.0
TSP-104,2027-10-18,0.0
TSP-104,2027-10-25,0.0
TSP-104,2027-11-01,0.0
TSP-104,2027-11-08,0.0
TSP-104,2027-11-15,0.0
TSP-104,2027-11-22,0.0
TSP-104,2027-11-29,0.0
TSP-104,2027-12-06,0.0
TSP-104,2027-12-13,0.0
TSP-104,2027-12-20,0.0
TSP-105,2025-12-29,0.0
TSP-105,2026-01-05,0.0
TSP-105,2026-01-12,0.0
TSP-105,2026-01-19,0.0
TSP-105,2026-01-26,0.0
TSP-105,2026-02-02,0.0
TSP-105,2026-02-09,0.0
TSP-105,2026-02-16,0.0
TSP-105,2026-02-23,0.0
TSP-105,2026-03-02,0.0
TSP-105,2026-03-09,0.0
TSP-105,2026-03-16,0.0
TSP-105,2026-03-23,0.0
TSP-105,2026-03-30,0.0
TSP-105,2026-04-06,0.0
TSP-105,2026-04-13,0.0
TSP-105,2026-04-20,0.0
TSP-105,2026-04-27,0.0
TSP-105,2026-05-04,0.0
TSP-105,2026-05-11,0.0
TSP-105,2026-05-18,0.0
TSP-105,2026-05-25,0.0
TSP-105,2026-06-01,0.0
TSP-105,2026-06-08,0.0
TSP-105,2026-06-15,0.0
TSP-105,2026-06-22,0.0
TSP-105,2026-06-29,0.0
TSP-105,2026-07-06,0.0
TSP-105,2026-07-13,0.0
TSP-105,2026-07-20,0.0
TSP-105,2026-07-27,0.0
TSP-105,2026-08-03,0.0
TSP-105,2026-08-10,0.0
TSP-105,2026-08-17,0.0
TSP-105,2026-08-24,0.0
TSP-105,2026-08-31,0.0
TSP-105,2026-09-07,0.0
TSP-105,2026-09-14,0.0
TSP-105,2026-09-21,0.0
TSP-105,2026-09-28,0.0
TSP-105,2026-10-05,0.0
TSP-105,2026-10-12,0.0
TSP-105,2026-10-19,0.0
TSP-105,2026-10-26,0.0
TSP-105,2026-11-02,0.0
TSP-105,2026-11-09,0.0
TSP-105,2026-11-16,0.0
TSP-105,2026-11-23,0.0
TSP-105,2026-11-30,0.0
TSP-105,2026-12-07,0.0
TSP-105,2026-12-14,0.0
TSP-105,2026-12-21,0.0
TSP-105,2026-12-28,0.0
TSP-105,2027-01-04,0.0
TSP-105,2027-01-11,0.0
TSP-105,2027-01-18,0.0
TSP-105,2027-01-25,0.0
TSP-105,2027-02-01,0.0
TSP-105,2027-02-08,0.0
TSP-105,2027-02-15,0.0
TSP-105,2027-02-22,0.0
TSP-105,2027-03-01,0.0
TSP-105,2027-03-08,0.0
TSP-105,2027-03-15,0.0
TSP-105,2027-03-22,0.0
TSP-105,2027-03-29,0.0
TSP-105,2027-04-05,0.0
TSP-105,2027-04-12,0.0
TSP-105,2027-04-19,0.0
TSP-105,2027-04-26,0.0
TSP-105,2027-05-03,0.0
TSP-105,2027-05-10,0.0
TSP-105,2027-05-17,0.0
TSP-105,2027-05-24,0.0
TSP-105,2027-05-31,0.0
TSP-105,2027-06-07,0.0
TSP-105,2027-06-14,0.0
TSP-105,2027-06-21,0.0
TSP-105,2027-06-28,0.0
TSP-105,2027-07-05,0.0
TSP-105,2027-07-12,0.0
TSP-105,2027-07-19,0.0
TSP-105,2027-07-26,0.0
TSP-105,2027-08-02,0.0
TSP-105,2027-08-09,0.0
TSP-105,2027-08-16,0.0
TSP-105,2027-08-23,0.0
TSP-105,2027-08-30,0.0
TSP-105,2027-09-06,0.0
TSP-105,2027-09-13,0.0
TSP-105,2027-09-20,0.0
TSP-105,2027-09-27,0.0
TSP-105,2027-10-04,0.0
TSP-105,2027-10-11,0.0
TSP-105,2027-10-18,0.0
TSP-105,2027-10-25,0.0
TSP-105,2027-11-01,0.0
TSP-105,2027-11-08,0.0
TSP-105,2027-11-15,0.0
TSP-105,2027-11-22,0.0
TSP-105,2027-11-29,0.0
TSP-105,2027-12-06,0.0
TSP-105,2027-12-13,0.0
TSP-105,2027-12-20,0.0
TSP-199,2025-12-29,0.0
TSP-199,2026-01-05,0.0
TSP-199,2026-01-12,0.0
TSP-199,2026-01-19,0.0
TSP-199,2026-01-26,0.0
TSP-199,2026-02-02,0.0
TSP-199,2026-02-09,0.0
TSP-199,2026-02-16,0.0
TSP-199,2026-02-23,0.0
TSP-199,2026-03-02,0.0
TSP-199,2026-03-09,0.0
TSP-199,2026-03-16,0.0
TSP-199,2026-03-23,0.0
TSP-199,2026-03-30,0.0
TSP-199,2026-04-06,0.0
TSP-199,2026-04-13,0.0
TSP-199,2026-04-20,0.0
TSP-199,2026-04-27,0.0
TSP-199,2026-05-04,0.0
TSP-199,2026-05-11,0.0
TSP-199,2026-05-18,0.0
TSP-199,2026-05-25,0.0
TSP-199,2026-06-01,0.0
TSP-199,2026-06-08,0.0
TSP-199,2026-06-15,0.0
TSP-199,2026-06-22,0.0
TSP-199,2026-06-29,0.0
TSP-199,2026-07-06,0.0
TSP-199,2026-07-13,0.0
TSP-199,2026-07-20,0.0
TSP-199,2026-07-27,0.0
TSP-199,2026-08-03,0.0
TSP-199,2026-08-10,0.0
TSP-199,2026-08-17,0.0
TSP-199,2026-08-24,0.0
TSP-199,2026-08-31,0.0
TSP-199,2026-09-07,0.0
TSP-199,2026-09-14,0.0
TSP-199,2026-09-21,0.0
TSP-199,2026-09-28,0.0
TSP-199,2026-10-05,0.0
TSP-199,2026-10-12,0.0
TSP-199,2026-10-19,0.0
TSP-199,2026-10-26,0.0
TSP-199,2026-11-02,0.0
TSP-199,2026-11-09,0.0
TSP-199,2026-11-16,0.0
TSP-199,2026-11-23,0.0
TSP-199,2026-11-30,0.0
TSP-199,2026-12-07,0.0
TSP-199,2026-12-14,0.0
TSP-199,2026-12-21,0.0
TSP-199,2026-12-28,0.0
TSP-199,2027-01-04,0.0
TSP-199,2027-01-11,0.0
TSP-199,2027-01-18,0.0
TSP-199,2027-01-25,0.0
TSP-199,2027-02-01,0.0
TSP-199,2027-02-08,0.0
TSP-199,2027-02-15,0.0
TSP-199,2027-02-22,0.0
TSP-199,2027-03-01,0.0
TSP-199,2027-03-08,0.0
TSP-199,2027-03-15,0.0
TSP-199,2027-03-22,0.0
TSP-199,2027-03-29,0.0
TSP-199,2027-04-05,0.0
TSP-199,2027-04-12,0.0
TSP-199,2027-04-19,0.0
TSP-199,2027-04-26,0.0
TSP-199,2027-05-03,0.0
TSP-199,2027-05-10,0.0
TSP-199,2027-05-17,0.0
TSP-199,2027-05-24,0.0
TSP-199,2027-05-31,0.0
TSP-199,2027-06-07,0.0
TSP-199,2027-06-14,0.0
TSP-199,2027-06-21,0.0
TSP-199,2027-06-28,0.0
TSP-199,2027-07-05,0.0
TSP-199,2027-07-12,0.0
TSP-199,2027-07-19,0.0
TSP-199,2027-07-26,0.0
TSP-199,2027-08-02,0.0
TSP-199,2027-08-09,0.0
TSP-199,2027-08-16,0.0
TSP-199,2027-08-23,0.0
TSP-199,2027-08-30,0.0
TSP-199,2027-09-06,0.0
TSP-199,2027-09-13,0.0
TSP-199,2027-09-20,0.0
TSP-199,2027-09-27,0.0
TSP-199,2027-10-04,0.0
TSP-199,2027-10-11,0.0
TSP-199,2027-10-18,0.0
TSP-199,2027-10-25,0.0
TSP-199,2027-11-01,0.0
TSP-199,2027-11-08,0.0
TSP-199,2027-11-15,0.0
TSP-199,2027-11-22,0.0
TSP-199,2027-11-29,0.0
TSP-199,2027-12-06,0.0
TSP-199,2027-12-13,0.0
TSP-199,2027-12-20,0.0
TSP-205,2025-12-29,0.0
TSP-205,2026-01-05,0.0
TSP-205,2026-01-12,0.0
TSP-205,2026-01-19,0.0
TSP-205,2026-01-26,0.0
TSP-205,2026-02-02,0.0
TSP-205,2026-02-09,0.0
TSP-205,2026-02-16,0.0
TSP-205,2026-02-23,0.0
TSP-205,2026-03-02,0.0
TSP-205,2026-03-09,0.0
TSP-205,2026-03-16,0.0
TSP-205,2026-03-23,0.0
TSP-205,2026-03-30,0.0
TSP-205,2026-04-06,0.0
TSP-205,2026-04-13,0.0
TSP-205,2026-04-20,0.0
TSP-205,2026-04-27,0.0
TSP-205,2026-05-04,0.0
TSP-205,2026-05-11,0.0
TSP-205,2026-05-18,0.0
TSP-205,2026-05-25,0.0
TSP-205,2026-06-01,0.0
TSP-205,2026-06-08,0.0
TSP-205,2026-06-15,0.0
TSP-205,2026-06-22,0.0
TSP-205,2026-06-29,0.0
TSP-205,2026-07-06,0.0
TSP-205,2026-07-13,0.0
TSP-205,2026-07-20,0.0
TSP-205,2026-07-27,0.0
TSP-205,2026-08-03,0.0
TSP-205,2026-08-10,0.0
TSP-205,2026-08-17,0.0
TSP-205,2026-08-24,0.0
TSP-205,2026-08-31,0.0
TSP-205,2026-09-07,0.0
TSP-205,2026-09-14,0.0
TSP-205,2026-09-21,0.0
TSP-205,2026-09-28,0.0
TSP-205,2026-10-05,0.0
TSP-205,2026-10-12,0.0
TSP-205,2026-10-19,0.0
TSP-205,2026-10-26,0.0
TSP-205,2026-11-02,0.0
TSP-205,2026-11-09,0.0
TSP-205,2026-11-16,0.0
TSP-205,2026-11-23,0.0
TSP-205,2026-11-30,0.0
TSP-205,2026-12-07,0.0
TSP-205,2026-12-14,0.0
TSP-205,2026-12-21,0.0
TSP-205,2026-12-28,0.0
TSP-205,2027-01-04,0.0
TSP-205,2027-01-11,0.0
TSP-205,2027-01-18,0.0
TSP-205,2027-01-25,0.0
TSP-205,2027-02-01,0.0
TSP-205,2027-02-08,0.0
TSP-205,2027-02-15,0.0
TSP-205,2027-02-22,0.0
TSP-205,2027-03-01,0.0
TSP-205,2027-03-08,0.0
TSP-205,2027-03-15,0.0
TSP-205,2027-03-22,0.0
TSP-205,2027-03-29,0.0
TSP-205,2027-04-05,0.0
TSP-205,2027-04-12,0.0
TSP-205,2027-04-19,0.0
TSP-205,2027-04-26,0.0
TSP-205,2027-05-03,0.0
TSP-205,2027-05-10,0.0
TSP-205,2027-05-17,0.0
TSP-205,2027-05-24,0.0
TSP-205,2027-05-31,0.0
TSP-205,2027-06-07,0.0
TSP-205,2027-06-14,0.0
TSP-205,2027-06-21,0.0
TSP-205,2027-06-28,0.0
TSP-205,2027-07-05,0.0
TSP-205,2027-07-12,0.0
TSP-205,2027-07-19,0.0
TSP-205,2027-07-26,0.0
TSP-205,2027-08-02,0.0
TSP-205,2027-08-09,0.0
TSP-205,2027-08-16,0.0
TSP-205,2027-08-23,0.0
TSP-205,2027-08-30,0.0
TSP-205,2027-09-06,0.0
TSP-205,2027-09-13,0.0
TSP-205,2027-09-20,0.0
TSP-205,2027-09-27,0.0
TSP-205,2027-10-04,0.0
TSP-205,2027-10-11,0.0
TSP-205,2027-10-18,0.0
TSP-205,2027-10-25,0.0
TSP-205,2027-11-01,0.0
TSP-205,2027-11-08,0.0
TSP-205,2027-11-15,0.0
TSP-205,2027-11-22,0.0
TSP-205,2027-11-29,0.0
TSP-205,2027-12-06,0.0
TSP-205,2027-12-13,0.0
TSP-205,2027-12-20,0.0
TSP-206,2025-12-29,0.0
TSP-206,2026-01-05,0.0
TSP-206,2026-01-12,0.0
TSP-206,2026-01-19,0.0
TSP-206,2026-01-26,0.0
TSP-206,2026-02-02,0.0
TSP-206,2026-02-09,0.0
TSP-206,2026-02-16,0.0
TSP-206,2026-02-23,0.0
TSP-206,2026-03-02,0.0
TSP-206,2026-03-09,0.0
TSP-206,2026-03-16,0.0
TSP-206,2026-03-23,0.0
TSP-206,2026-03-30,0.0
TSP-206,2026-04-06,0.0
TSP-206,2026-04-13,0.0
TSP-206,2026-04-20,0.0
TSP-206,2026-04-27,0.0
TSP-206,2026-05-04,0.0
TSP-206,2026-05-11,0.0
TSP-206,2026-05-18,0.0
TSP-206,2026-05-25,0.0
TSP-206,2026-06-01,0.0
TSP-206,2026-06-08,0.0
TSP-206,2026-06-15,0.0
TSP-206,2026-06-22,0.0
TSP-206,2026-06-29,0.0
TSP-206,2026-07-06,0.0
TSP-206,2026-07-13,0.0
TSP-206,2026-07-20,0.0
TSP-206,2026-07-27,0.0
TSP-206,2026-08-03,0.0
TSP-206,2026-08-10,0.0
TSP-206,2026-08-17,0.0
TSP-206,2026-08-24,0.0
TSP-206,2026-08-31,0.0
TSP-206,2026-09-07,0.0
TSP-206,2026-09-14,0.0
TSP-206,2026-09-21,0.0
TSP-206,2026-09-28,0.0
TSP-206,2026-10-05,0.0
TSP-206,2026-10-12,0.0
TSP-206,2026-10-19,0.0
TSP-206,2026-10-26,0.0
TSP-206,2026-11-02,0.0
TSP-206,2026-11-09,0.0
TSP-206,2026-11-16,0.0
TSP-206,2026-11-23,0.0
TSP-206,2026-11-30,0.0
TSP-206,2026-12-07,0.0
TSP-206,2026-12-14,0.0
TSP-206,2026-12-21,0.0
TSP-206,2026-12-28,0.0
TSP-206,2027-01-04,0.0
TSP-206,2027-01-11,0.0
TSP-206,2027-01-18,0.0
TSP-206,2027-01-25,0.0
TSP-206,2027-02-01,0.0
TSP-206,2027-02-08,0.0
TSP-206,2027-02-15,0.0
TSP-206,2027-02-22,0.0
TSP-206,2027-03-01,0.0
TSP-206,2027-03-08,0.0
TSP-206,2027-03-15,0.0
TSP-206,2027-03-22,0.0
TSP-206,2027-03-29,0.0
TSP-206,2027-04-05,0.0
TSP-206,2027-04-12,0.0
TSP-206,2027-04-19,0.0
TSP-206,2027-04-26,0.0
TSP-206,2027-05-03,0.0
TSP-206,2027-05-10,0.0
TSP-206,2027-05-17,0.0
TSP-206,2027-05-24,0.0
TSP-206,2027-05-31,0.0
TSP-206,2027-06-07,0.0
TSP-206,2027-06-14,0.0
TSP-206,2027-06-21,0.0
TSP-206,2027-06-28,0.0
TSP-206,2027-07-05,0.0
TSP-206,2027-07-12,0.0
TSP-206,2027-07-19,0.0
TSP-206,2027-07-26,0.0
TSP-206,2027-08-02,0.0
TSP-206,2027-08-09,0.0
TSP-206,2027-08-16,0.0
TSP-206,2027-08-23,0.0
TSP-206,2027-08-30,0.0
TSP-206,2027-09-06,0.0
TSP-206,2027-09-13,0.0
TSP-206,2027-09-20,0.0
TSP-206,2027-09-27,0.0
TSP-206,2027-10-04,0.0
TSP-206,2027-10-11,0.0
TSP-206,2027-10-18,0.0
TSP-206,2027-10-25,0.0
TSP-206,2027-11-01,0.0
TSP-206,2027-11-08,0.0
TSP-206,2027-11-15,0.0
TSP-206,2027-11-22,0.0
TSP-206,2027-11-29,0.0
TSP-206,2027-12-06,0.0
TSP-206,2027-12-13,0.0
TSP-206,2027-12-20,0.0
TSP-224,2025-12-29,0.0
TSP-224,2026-01-05,0.0
TSP-224,2026-01-12,0.0
TSP-224,2026-01-19,0.0
TSP-224,2026-01-26,0.0
TSP-224,2026-02-02,0.0
TSP-224,2026-02-09,0.0
TSP-224,2026-02-16,0.0
TSP-224,2026-02-23,0.0
TSP-224,2026-03-02,0.0
TSP-224,2026-03-09,0.0
TSP-224,2026-03-16,0.0
TSP-224,2026-03-23,0.0
TSP-224,2026-03-30,0.0
TSP-224,2026-04-06,0.0
TSP-224,2026-04-13,0.0
TSP-224,2026-04-20,0.0
TSP-224,2026-04-27,0.0
TSP-224,2026-05-04,0.0
TSP-224,2026-05-11,0.0
TSP-224,2026-05-18,0.0
TSP-224,2026-05-25,0.0
TSP-224,2026-06-01,0.0
TSP-224,2026-06-08,0.0
TSP-224,2026-06-15,0.0
TSP-224,2026-06-22,0.0
TSP-224,2026-06-29,0.0
TSP-224,2026-07-06,0.0
TSP-224,2026-07-13,0.0
TSP-224,2026-07-20,0.0
TSP-224,2026-07-27,0.0
TSP-224,2026-08-03,0.0
TSP-224,2026-08-10,0.0
TSP-224,2026-08-17,0.0
TSP-224,2026-08-24,0.0
TSP-224,2026-08-31,0.0
TSP-224,2026-09-07,0.0
TSP-224,2026-09-14,0.0
TSP-224,2026-09-21,0.0
TSP-224,2026-09-28,0.0
TSP-224,2026-10-05,0.0
TSP-224,2026-10-12,0.0
TSP-224,2026-10-19,0.0
TSP-224,2026-10-26,0.0
TSP-224,2026-11-02,0.0
TSP-224,2026-11-09,0.0
TSP-224,2026-11-16,0.0
TSP-224,2026-11-23,0.0
TSP-224,2026-11-30,0.0
TSP-224,2026-12-07,0.0
TSP-224,2026-12-14,0.0
TSP-224,2026-12-21,0.0
TSP-224,2026-12-28,0.0
TSP-224,2027-01-04,0.0
TSP-224,2027-01-11,0.0
TSP-224,2027-01-18,0.0
TSP-224,2027-01-25,0.0
TSP-224,2027-02-01,0.0
TSP-224,2027-02-08,0.0
TSP-224,2027-02-15,0.0
TSP-224,2027-02-22,0.0
TSP-224,2027-03-01,0.0
TSP-224,2027-03-08,0.0
TSP-224,2027-03-15,0.0
TSP-224,2027-03-22,0.0
TSP-224,2027-03-29,0.0
TSP-224,2027-04-05,0.0
TSP-224,2027-04-12,0.0
TSP-224,2027-04-19,0.0
TSP-224,2027-04-26,0.0
TSP-224,2027-05-03,0.0
TSP-224,2027-05-10,0.0
TSP-224,2027-05-17,0.0
TSP-224,2027-05-24,0.0
TSP-224,2027-05-31,0.0
TSP-224,2027-06-07,0.0
TSP-224,2027-06-14,0.0
TSP-224,2027-06-21,0.0
TSP-224,2027-06-28,0.0
TSP-224,2027-07-05,0.0
TSP-224,2027-07-12,0.0
TSP-224,2027-07-19,0.0
TSP-224,2027-07-26,0.0
TSP-224,2027-08-02,0.0
TSP-224,2027-08-09,0.0
TSP-224,2027-08-16,0.0
TSP-224,2027-08-23,0.0
TSP-224,2027-08-30,0.0
TSP-224,2027-09-06,0.0
TSP-224,2027-09-13,0.0
TSP-224,2027-09-20,0.0
TSP-224,2027-09-27,0.0
TSP-224,2027-10-04,0.0
TSP-224,2027-10-11,0.0
TSP-224,2027-10-18,0.0
TSP-224,2027-10-25,0.0
TSP-224,2027-11-01,0.0
TSP-224,2027-11-08,0.0
TSP-224,2027-11-15,0.0
TSP-224,2027-11-22,0.0
TSP-224,2027-11-29,0.0
TSP-224,2027-12-06,0.0
TSP-224,2027-12-13,0.0
TSP-224,2027-12-20,0.0
TSP-225,2025-12-29,0.0
TSP-225,2026-01-05,0.0
TSP-225,2026-01-12,0.0
TSP-225,2026-01-19,0.0
TSP-225,2026-01-26,0.0
TSP-225,2026-02-02,0.0
TSP-225,2026-02-09,0.0
TSP-225,2026-02-16,0.0
TSP-225,2026-02-23,0.0
TSP-225,2026-03-02,0.0
TSP-225,2026-03-09,0.0
TSP-225,2026-03-16,0.0
TSP-225,2026-03-23,0.0
TSP-225,2026-03-30,0.0
TSP-225,2026-04-06,0.0
TSP-225,2026-04-13,0.0
TSP-225,2026-04-20,0.0
TSP-225,2026-04-27,0.0
TSP-225,2026-05-04,0.0
TSP-225,2026-05-11,0.0
TSP-225,2026-05-18,0.0
TSP-225,2026-05-25,0.0
TSP-225,2026-06-01,0.0
TSP-225,2026-06-08,0.0
TSP-225,2026-06-15,0.0
TSP-225,2026-06-22,0.0
TSP-225,2026-06-29,0.0
TSP-225,2026-07-06,0.0
TSP-225,2026-07-13,0.0
TSP-225,2026-07-20,0.0
TSP-225,2026-07-27,0.0
TSP-225,2026-08-03,0.0
TSP-225,2026-08-10,0.0
TSP-225,2026-08-17,0.0
TSP-225,2026-08-24,0.0
TSP-225,2026-08-31,0.0
TSP-225,2026-09-07,0.0
TSP-225,2026-09-14,0.0
TSP-225,2026-09-21,0.0
TSP-225,2026-09-28,0.0
TSP-225,2026-10-05,0.0
TSP-225,2026-10-12,0.0
TSP-225,2026-10-19,0.0
TSP-225,2026-10-26,0.0
TSP-225,2026-11-02,0.0
TSP-225,2026-11-09,0.0
TSP-225,2026-11-16,0.0
TSP-225,2026-11-23,0.0
TSP-225,2026-11-30,0.0
TSP-225,2026-12-07,0.0
TSP-225,2026-12-14,0.0
TSP-225,2026-12-21,0.0
TSP-225,2026-12-28,0.0
TSP-225,2027-01-04,0.0
TSP-225,2027-01-11,0.0
TSP-225,2027-01-18,0.0
TSP-225,2027-01-25,0.0
TSP-225,2027-02-01,0.0
TSP-225,2027-02-08,0.0
TSP-225,2027-02-15,0.0
TSP-225,2027-02-22,0.0
TSP-225,2027-03-01,0.0
TSP-225,2027-03-08,0.0
TSP-225,2027-03-15,0.0
TSP-225,2027-03-22,0.0
TSP-225,2027-03-29,0.0
TSP-225,2027-04-05,0.0
TSP-225,2027-04-12,0.0
TSP-225,2027-04-19,0.0
TSP-225,2027-04-26,0.0
TSP-225,2027-05-03,0.0
TSP-225,2027-05-10,0.0
TSP-225,2027-05-17,0.0
TSP-225,2027-05-24,0.0
TSP-225,2027-05-31,0.0
TSP-225,2027-06-07,0.0
TSP-225,2027-06-14,0.0
TSP-225,2027-06-21,0.0
TSP-225,2027-06-28,0.0
TSP-225,2027-07-05,0.0
TSP-225,2027-07-12,0.0
TSP-225,2027-07-19,0.0
TSP-225,2027-07-26,0.0
TSP-225,2027-08-02,0.0
TSP-225,2027-08-09,0.0
TSP-225,2027-08-16,0.0
TSP-225,2027-08-23,0.0
TSP-225,2027-08-30,0.0
TSP-225,2027-09-06,0.0
TSP-225,2027-09-13,0.0
TSP-225,2027-09-20,0.0
TSP-225,2027-09-27,0.0
TSP-225,2027-10-04,0.0
TSP-225,2027-10-11,0.0
TSP-225,2027-10-18,0.0
TSP-225,2027-10-25,0.0
TSP-225,2027-11-01,0.0
TSP-225,2027-11-08,0.0
TSP-225,2027-11-15,0.0
TSP-225,2027-11-22,0.0
TSP-225,2027-11-29,0.0
TSP-225,2027-12-06,0.0
TSP-225,2027-12-13,0.0
TSP-225,2027-12-20,0.0
TSP-360,2025-12-29,0.0
TSP-360,2026-01-05,0.0
TSP-360,2026-01-12,0.0
TSP-360,2026-01-19,0.0
TSP-360,2026-01-26,0.0
TSP-360,2026-02-02,0.0
TSP-360,2026-02-09,0.0
TSP-360,2026-02-16,0.0
TSP-360,2026-02-23,0.0
TSP-360,2026-03-02,0.0
TSP-360,2026-03-09,0.0
TSP-360,2026-03-16,0.0
TSP-360,2026-03-23,0.0
TSP-360,2026-03-30,0.0
TSP-360,2026-04-06,0.0
TSP-360,2026-04-13,0.0
TSP-360,2026-04-20,0.0
TSP-360,2026-04-27,0.0
TSP-360,2026-05-04,0.0
TSP-360,2026-05-11,0.0
TSP-360,2026-05-18,0.0
TSP-360,2026-05-25,0.0
TSP-360,2026-06-01,0.0
TSP-360,2026-06-08,0.0
TSP-360,2026-06-15,0.0
TSP-360,2026-06-22,0.0
TSP-360,2026-06-29,0.0
TSP-360,2026-07-06,0.0
TSP-360,2026-07-13,0.0
TSP-360,2026-07-20,0.0
TSP-360,2026-07-27,0.0
TSP-360,2026-08-03,0.0
TSP-360,2026-08-10,0.0
TSP-360,2026-08-17,0.0
TSP-360,2026-08-24,0.0
TSP-360,2026-08-31,0.0
TSP-360,2026-09-07,0.0
TSP-360,2026-09-14,0.0
TSP-360,2026-09-21,0.0
TSP-360,2026-09-28,0.0
TSP-360,2026-10-05,0.0
TSP-360,2026-10-12,0.0
TSP-360,2026-10-19,0.0
TSP-360,2026-10-26,0.0
TSP-360,2026-11-02,0.0
TSP-360,2026-11-09,0.0
TSP-360,2026-11-16,0.0
TSP-360,2026-11-23,0.0
TSP-360,2026-11-30,0.0
TSP-360,2026-12-07,0.0
TSP-360,2026-12-14,0.0
TSP-360,2026-12-21,0.0
TSP-360,2026-12-28,0.0
TSP-360,2027-01-04,0.0
TSP-360,2027-01-11,0.0
TSP-360,2027-01-18,0.0
TSP-360,2027-01-25,0.0
TSP-360,2027-02-01,0.0
TSP-360,2027-02-08,0.0
TSP-360,2027-02-15,0.0
TSP-360,2027-02-22,0.0
TSP-360,2027-03-01,0.0
TSP-360,2027-03-08,0.0
TSP-360,2027-03-15,0.0
TSP-360,2027-03-22,0.0
TSP-360,2027-03-29,0.0
TSP-360,2027-04-05,0.0
TSP-360,2027-04-12,0.0
TSP-360,2027-04-19,0.0
TSP-360,2027-04-26,0.0
TSP-360,2027-05-03,0.0
TSP-360,2027-05-10,0.0
TSP-360,2027-05-17,0.0
TSP-360,2027-05-24,0.0
TSP-360,2027-05-31,0.0
TSP-360,2027-06-07,0.0
TSP-360,2027-06-14,0.0
TSP-360,2027-06-21,0.0
TSP-360,2027-06-28,0.0
TSP-360,2027-07-05,0.0
TSP-360,2027-07-12,0.0
TSP-360,2027-07-19,0.0
TSP-360,2027-07-26,0.0
TSP-360,2027-08-02,0.0
TSP-360,2027-08-09,0.0
TSP-360,2027-08-16,0.0
TSP-360,2027-08-23,0.0
TSP-360,2027-08-30,0.0
TSP-360,2027-09-06,0.0
TSP-360,2027-09-13,0.0
TSP-360,2027-09-20,0.0
TSP-360,2027-09-27,0.0
TSP-360,2027-10-04,0.0
TSP-360,2027-10-11,0.0
TSP-360,2027-10-18,0.0
TSP-360,2027-10-25,0.0
TSP-360,2027-11-01,0.0
TSP-360,2027-11-08,0.0
TSP-360,2027-11-15,0.0
TSP-360,2027-11-22,0.0
TSP-360,2027-11-29,0.0
TSP-360,2027-12-06,0.0
TSP-360,2027-12-13,0.0
TSP-360,2027-12-20,0.0
TSP-367,2025-12-29,0.0
TSP-367,2026-01-05,0.0
TSP-367,2026-01-12,0.0
TSP-367,2026-01-19,0.0
TSP-367,2026-01-26,0.0
TSP-367,2026-02-02,0.0
TSP-367,2026-02-09,0.0
TSP-367,2026-02-16,0.0
TSP-367,2026-02-23,0.0
TSP-367,2026-03-02,0.0
TSP-367,2026-03-09,0.0
TSP-367,2026-03-16,0.0
TSP-367,2026-03-23,0.0
TSP-367,2026-03-30,0.0
TSP-367,2026-04-06,0.0
TSP-367,2026-04-13,0.0
TSP-367,2026-04-20,0.0
TSP-367,2026-04-27,0.0
TSP-367,2026-05-04,0.0
TSP-367,2026-05-11,0.0
TSP-367,2026-05-18,0.0
TSP-367,2026-05-25,0.0
TSP-367,2026-06-01,0.0
TSP-367,2026-06-08,0.0
TSP-367,2026-06-15,0.0
TSP-367,2026-06-22,0.0
TSP-367,2026-06-29,0.0
TSP-367,2026-07-06,0.0
TSP-367,2026-07-13,0.0
TSP-367,2026-07-20,0.0
TSP-367,2026-07-27,0.0
TSP-367,2026-08-03,0.0
TSP-367,2026-08-10,0.0
TSP-367,2026-08-17,0.0
TSP-367,2026-08-24,0.0
TSP-367,2026-08-31,0.0
TSP-367,2026-09-07,0.0
TSP-367,2026-09-14,0.0
TSP-367,2026-09-21,0.0
TSP-367,2026-09-28,0.0
TSP-367,2026-10-05,0.0
TSP-367,2026-10-12,0.0
TSP-367,2026-10-19,0.0
TSP-367,2026-10-26,0.0
TSP-367,2026-11-02,0.0
TSP-367,2026-11-09,0.0
TSP-367,2026-11-16,0.0
TSP-367,2026-11-23,0.0
TSP-367,2026-11-30,0.0
TSP-367,2026-12-07,0.0
TSP-367,2026-12-14,0.0
TSP-367,2026-12-21,0.0
TSP-367,2026-12-28,0.0
TSP-367,2027-01-04,0.0
TSP-367,2027-01-11,0.0
TSP-367,2027-01-18,0.0
TSP-367,2027-01-25,0.0
TSP-367,2027-02-01,0.0
TSP-367,2027-02-08,0.0
TSP-367,2027-02-15,0.0
TSP-367,2027-02-22,0.0
TSP-367,2027-03-01,0.0
TSP-367,2027-03-08,0.0
TSP-367,2027-03-15,0.0
TSP-367,2027-03-22,0.0
TSP-367,2027-03-29,0.0
TSP-367,2027-04-05,0.0
TSP-367,2027-04-12,0.0
TSP-367,2027-04-19,0.0
TSP-367,2027-04-26,0.0
TSP-367,2027-05-03,0.0
TSP-367,2027-05-10,0.0
TSP-367,2027-05-17,0.0
TSP-367,2027-05-24,0.0
TSP-367,2027-05-31,0.0
TSP-367,2027-06-07,0.0
TSP-367,2027-06-14,0.0
TSP-367,2027-06-21,0.0
TSP-367,2027-06-28,0.0
TSP-367,2027-07-05,0.0
TSP-367,2027-07-12,0.0
TSP-367,2027-07-19,0.0
TSP-367,2027-07-26,0.0
TSP-367,2027-08-02,0.0
TSP-367,2027-08-09,0.0
TSP-367,2027-08-16,0.0
TSP-367,2027-08-23,0.0
TSP-367,2027-08-30,0.0
TSP-367,2027-09-06,0.0
TSP-367,2027-09-13,0.0
TSP-367,2027-09-20,0.0
TSP-367,2027-09-27,0.0
TSP-367,2027-10-04,0.0
TSP-367,2027-10-11,0.0
TSP-367,2027-10-18,0.0
TSP-367,2027-10-25,0.0
TSP-367,2027-11-01,0.0
TSP-367,2027-11-08,0.0
TSP-367,2027-11-15,0.0
TSP-367,2027-11-22,0.0
TSP-367,2027-11-29,0.0
TSP-367,2027-12-06,0.0
TSP-367,2027-12-13,0.0
TSP-367,2027-12-20,0.0
TSP-369,2025-12-29,0.0
TSP-369,2026-01-05,0.0
TSP-369,2026-01-12,0.0
TSP-369,2026-01-19,0.0
TSP-369,2026-01-26,0.0
TSP-369,2026-02-02,0.0
TSP-369,2026-02-09,0.0
TSP-369,2026-02-16,0.0
TSP-369,2026-02-23,0.0
TSP-369,2026-03-02,0.0
TSP-369,2026-03-09,0.0
TSP-369,2026-03-16,0.0
TSP-369,2026-03-23,0.0
TSP-369,2026-03-30,0.0
TSP-369,2026-04-06,0.0
TSP-369,2026-04-13,0.0
TSP-369,2026-04-20,0.0
TSP-369,2026-04-27,0.0
TSP-369,2026-05-04,0.0
TSP-369,2026-05-11,0.0
TSP-369,2026-05-18,0.0
TSP-369,2026-05-25,0.0
TSP-369,2026-06-01,0.0
TSP-369,2026-06-08,0.0
TSP-369,2026-06-15,0.0
TSP-369,2026-06-22,0.0
TSP-369,2026-06-29,0.0
TSP-369,2026-07-06,0.0
TSP-369,2026-07-13,0.0
TSP-369,2026-07-20,0.0
TSP-369,2026-07-27,0.0
TSP-369,2026-08-03,0.0
TSP-369,2026-08-10,0.0
TSP-369,2026-08-17,0.0
TSP-369,2026-08-24,0.0
TSP-369,2026-08-31,0.0
TSP-369,2026-09-07,0.0
TSP-369,2026-09-14,0.0
TSP-369,2026-09-21,0.0
TSP-369,2026-09-28,0.0
TSP-369,2026-10-05,0.0
TSP-369,2026-10-12,0.0
TSP-369,2026-10-19,0.0
TSP-369,2026-10-26,0.0
TSP-369,2026-11-02,0.0
TSP-369,2026-11-09,0.0
TSP-369,2026-11-16,0.0
TSP-369,2026-11-23,0.0
TSP-369,2026-11-30,0.0
TSP-369,2026-12-07,0.0
TSP-369,2026-12-14,0.0
TSP-369,2026-12-21,0.0
TSP-369,2026-12-28,0.0
TSP-369,2027-01-04,0.0
TSP-369,2027-01-11,0.0
TSP-369,2027-01-18,0.0
TSP-369,2027-01-25,0.0
TSP-369,2027-02-01,0.0
TSP-369,2027-02-08,0.0
TSP-369,2027-02-15,0.0
TSP-369,2027-02-22,0.0
TSP-369,2027-03-01,0.0
TSP-369,2027-03-08,0.0
TSP-369,2027-03-15,0.0
TSP-369,2027-03-22,0.0
TSP-369,2027-03-29,0.0
TSP-369,2027-04-05,0.0
TSP-369,2027-04-12,0.0
TSP-369,2027-04-19,0.0
TSP-369,2027-04-26,0.0
TSP-369,2027-05-03,0.0
TSP-369,2027-05-10,0.0
TSP-369,2027-05-17,0.0
TSP-369,2027-05-24,0.0
TSP-369,2027-05-31,0.0
TSP-369,2027-06-07,0.0
TSP-369,2027-06-14,0.0
TSP-369,2027-06-21,0.0
TSP-369,2027-06-28,0.0
TSP-369,2027-07-05,0.0
TSP-369,2027-07-12,0.0
TSP-369,2027-07-19,0.0
TSP-369,2027-07-26,0.0
TSP-369,2027-08-02,0.0
TSP-369,2027-08-09,0.0
TSP-369,2027-08-16,0.0
TSP-369,2027-08-23,0.0
TSP-369,2027-08-30,0.0
TSP-369,2027-09-06,0.0
TSP-369,2027-09-13,0.0
TSP-369,2027-09-20,0.0
TSP-369,2027-09-27,0.0
TSP-369,2027-10-04,0.0
TSP-369,2027-10-11,0.0
TSP-369,2027-10-18,0.0
TSP-369,2027-10-25,0.0
TSP-369,2027-11-01,0.0
TSP-369,2027-11-08,0.0
TSP-369,2027-11-15,0.0
TSP-369,2027-11-22,0.0
TSP-369,2027-11-29,0.0
TSP-369,2027-12-06,0.0
TSP-369,2027-12-13,0.0
TSP-369,2027-12-20,0.0
TSP-399,2025-12-29,0.0
TSP-399,2026-01-05,0.0
TSP-399,2026-01-12,0.0
TSP-399,2026-01-19,0.0
TSP-399,2026-01-26,0.0
TSP-399,2026-02-02,0.0
TSP-399,2026-02-09,0.0
TSP-399,2026-02-16,0.0
TSP-399,2026-02-23,0.0
TSP-399,2026-03-02,0.0
TSP-399,2026-03-09,0.0
TSP-399,2026-03-16,0.0
TSP-399,2026-03-23,0.0
TSP-399,2026-03-30,0.0
TSP-399,2026-04-06,0.0
TSP-399,2026-04-13,0.0
TSP-399,2026-04-20,0.0
TSP-399,2026-04-27,0.0
TSP-399,2026-05-04,0.0
TSP-399,2026-05-11,0.0
TSP-399,2026-05-18,0.0
TSP-399,2026-05-25,0.0
TSP-399,2026-06-01,0.0
TSP-399,2026-06-08,0.0
TSP-399,2026-06-15,0.0
TSP-399,2026-06-22,0.0
TSP-399,2026-06-29,0.0
TSP-399,2026-07-06,0.0
TSP-399,2026-07-13,0.0
TSP-399,2026-07-20,0.0
TSP-399,2026-07-27,0.0
TSP-399,2026-08-03,0.0
TSP-399,2026-08-10,0.0
TSP-399,2026-08-17,0.0
TSP-399,2026-08-24,0.0
TSP-399,2026-08-31,0.0
TSP-399,2026-09-07,0.0
TSP-399,2026-09-14,0.0
TSP-399,2026-09-21,0.0
TSP-399,2026-09-28,0.0
TSP-399,2026-10-05,0.0
TSP-399,2026-10-12,0.0
TSP-399,2026-10-19,0.0
TSP-399,2026-10-26,0.0
TSP-399,2026-11-02,0.0
TSP-399,2026-11-09,0.0
TSP-399,2026-11-16,0.0
TSP-399,2026-11-23,0.0
TSP-399,2026-11-30,0.0
TSP-399,2026-12-07,0.0
TSP-399,2026-12-14,0.0
TSP-399,2026-12-21,0.0
TSP-399,2026-12-28,0.0
TSP-399,2027-01-04,0.0
TSP-399,2027-01-11,0.0
TSP-399,2027-01-18,0.0
TSP-399,2027-01-25,0.0
TSP-399,2027-02-01,0.0
TSP-399,2027-02-08,0.0
TSP-399,2027-02-15,0.0
TSP-399,2027-02-22,0.0
TSP-399,2027-03-01,0.0
TSP-399,2027-03-08,0.0
TSP-399,2027-03-15,0.0
TSP-399,2027-03-22,0.0
TSP-399,2027-03-29,0.0
TSP-399,2027-04-05,0.0
TSP-399,2027-04-12,0.0
TSP-399,2027-04-19,0.0
TSP-399,2027-04-26,0.0
TSP-399,2027-05-03,0.0
TSP-399,2027-05-10,0.0
TSP-399,2027-05-17,0.0
TSP-399,2027-05-24,0.0
TSP-399,2027-05-31,0.0
TSP-399,2027-06-07,0.0
TSP-399,2027-06-14,0.0
TSP-399,2027-06-21,0.0
TSP-399,2027-06-28,0.0
TSP-399,2027-07-05,0.0
TSP-399,2027-07-12,0.0
TSP-399,2027-07-19,0.0
TSP-399,2027-07-26,0.0
TSP-399,2027-08-02,0.0
TSP-399,2027-08-09,0.0
TSP-399,2027-08-16,0.0
TSP-399,2027-08-23,0.0
TSP-399,2027-08-30,0.0
TSP-399,2027-09-06,0.0
TSP-399,2027-09-13,0.0
TSP-399,2027-09-20,0.0
TSP-399,2027-09-27,0.0
TSP-399,2027-10-04,0.0
TSP-399,2027-10-11,0.0
TSP-399,2027-10-18,0.0
TSP-399,2027-10-25,0.0
TSP-399,2027-11-01,0.0
TSP-399,2027-11-08,0.0
TSP-399,2027-11-15,0.0
TSP-399,2027-11-22,0.0
TSP-399,2027-11-29,0.0
TSP-399,2027-12-06,0.0
TSP-399,2027-12-13,0.0
TSP-399,2027-12-20,0.0
TSP-1555,2025-12-29,0.0
TSP-1555,2026-01-05,0.0
TSP-1555,2026-01-12,0.0
TSP-1555,2026-01-19,0.0
TSP-1555,2026-01-26,0.0
TSP-1555,2026-02-02,0.0
TSP-1555,2026-02-09,0.0
TSP-1555,2026-02-16,0.0
TSP-1555,2026-02-23,0.0
TSP-1555,2026-03-02,0.0
TSP-1555,2026-03-09,0.0
TSP-1555,2026-03-16,0.0
TSP-1555,2026-03-23,0.0
TSP-1555,2026-03-30,0.0
TSP-1555,2026-04-06,0.0
TSP-1555,2026-04-13,0.0
TSP-1555,2026-04-20,0.0
TSP-1555,2026-04-27,0.0
TSP-1555,2026-05-04,0.0
TSP-1555,2026-05-11,0.0
TSP-1555,2026-05-18,0.0
TSP-1555,2026-05-25,0.0
TSP-1555,2026-06-01,0.0
TSP-1555,2026-06-08,0.0
TSP-1555,2026-06-15,0.0
TSP-1555,2026-06-22,0.0
TSP-1555,2026-06-29,0.0
TSP-1555,2026-07-06,0.0
TSP-1555,2026-07-13,0.0
TSP-1555,2026-07-20,0.0
TSP-1555,2026-07-27,0.0
TSP-1555,2026-08-03,0.0
TSP-1555,2026-08-10,0.0
TSP-1555,2026-08-17,0.0
TSP-1555,2026-08-24,0.0
TSP-1555,2026-08-31,0.0
TSP-1555,2026-09-07,0.0
TSP-1555,2026-09-14,0.0
TSP-1555,2026-09-21,0.0
TSP-1555,2026-09-28,0.0
TSP-1555,2026-10-05,0.0
TSP-1555,2026-10-12,0.0
TSP-1555,2026-10-19,0.0
TSP-1555,2026-10-26,0.0
TSP-1555,2026-11-02,0.0
TSP-1555,2026-11-09,0.0
TSP-1555,2026-11-16,0.0
TSP-1555,2026-11-23,0.0
TSP-1555,2026-11-30,0.0
TSP-1555,2026-12-07,0.0
TSP-1555,2026-12-14,0.0
TSP-1555,2026-12-21,0.0
TSP-1555,2026-12-28,0.0
TSP-1555,2027-01-04,0.0
TSP-1555,2027-01-11,0.0
TSP-1555,2027-01-18,0.0
TSP-1555,2027-01-25,0.0
TSP-1555,2027-02-01,0.0
TSP-1555,2027-02-08,0.0
TSP-1555,2027-02-15,0.0
TSP-1555,2027-02-22,0.0
TSP-1555,2027-03-01,0.0
TSP-1555,2027-03-08,0.0
TSP-1555,2027-03-15,0.0
TSP-1555,2027-03-22,0.0
TSP-1555,2027-03-29,0.0
TSP-1555,2027-04-05,0.0
TSP-1555,2027-04-12,0.0
TSP-1555,2027-04-19,0.0
TSP-1555,2027-04-26,0.0
TSP-1555,2027-05-03,0.0
TSP-1555,2027-05-10,0.0
TSP-1555,2027-05-17,0.0
TSP-1555,2027-05-24,0.0
TSP-1555,2027-05-31,0.0
TSP-1555,2027-06-07,0.0
TSP-1555,2027-06-14,0.0
TSP-1555,2027-06-21,0.0
TSP-1555,2027-06-28,0.0
TSP-1555,2027-07-05,0.0
TSP-1555,2027-07-12,0.0
TSP-1555,2027-07-19,0.0
TSP-1555,2027-07-26,0.0
TSP-1555,2027-08-02,0.0
TSP-1555,2027-08-09,0.0
TSP-1555,2027-08-16,0.0
TSP-1555,2027-08-23,0.0
TSP-1555,2027-08-30,0.0
TSP-1555,2027-09-06,0.0
TSP-1555,2027-09-13,0.0
TSP-1555,2027-09-20,0.0
TSP-1555,2027-09-27,0.0
TSP-1555,2027-10-04,0.0
TSP-1555,2027-10-11,0.0
TSP-1555,2027-10-18,0.0
TSP-1555,2027-10-25,0.0
TSP-1555,2027-11-01,0.0
TSP-1555,2027-11-08,0.0
TSP-1555,2027-11-15,0.0
TSP-1555,2027-11-22,0.0
TSP-1555,2027-11-29,0.0
TSP-1555,2027-12-06,0.0
TSP-1555,2027-12-13,0.0
TSP-1555,2027-12-20,0.0
TSP-1559,2025-12-29,0.0
TSP-1559,2026-01-05,0.0
TSP-1559,2026-01-12,0.0
TSP-1559,2026-01-19,0.0
TSP-1559,2026-01-26,0.0
TSP-1559,2026-02-02,0.0
TSP-1559,2026-02-09,0.0
TSP-1559,2026-02-16,0.0
TSP-1559,2026-02-23,0.0
TSP-1559,2026-03-02,0.0
TSP-1559,2026-03-09,0.0
TSP-1559,2026-03-16,0.0
TSP-1559,2026-03-23,0.0
TSP-1559,2026-03-30,0.0
TSP-1559,2026-04-06,0.0
TSP-1559,2026-04-13,0.0
TSP-1559,2026-04-20,0.0
TSP-1559,2026-04-27,0.0
TSP-1559,2026-05-04,0.0
TSP-1559,2026-05-11,0.0
TSP-1559,2026-05-18,0.0
TSP-1559,2026-05-25,0.0
TSP-1559,2026-06-01,0.0
TSP-1559,2026-06-08,0.0
TSP-1559,2026-06-15,0.0
TSP-1559,2026-06-22,0.0
TSP-1559,2026-06-29,0.0
TSP-1559,2026-07-06,0.0
TSP-1559,2026-07-13,0.0
TSP-1559,2026-07-20,0.0
TSP-1559,2026-07-27,0.0
TSP-1559,2026-08-03,0.0
TSP-1559,2026-08-10,0.0
TSP-1559,2026-08-17,0.0
TSP-1559,2026-08-24,0.0
TSP-1559,2026-08-31,0.0
TSP-1559,2026-09-07,0.0
TSP-1559,2026-09-14,0.0
TSP-1559,2026-09-21,0.0
TSP-1559,2026-09-28,0.0
TSP-1559,2026-10-05,0.0
TSP-1559,2026-10-12,0.0
TSP-1559,2026-10-19,0.0
TSP-1559,2026-10-26,0.0
TSP-1559,2026-11-02,0.0
TSP-1559,2026-11-09,0.0
TSP-1559,2026-11-16,0.0
TSP-1559,2026-11-23,0.0
TSP-1559,2026-11-30,0.0
TSP-1559,2026-12-07,0.0
TSP-1559,2026-12-14,0.0
TSP-1559,2026-12-21,0.0
TSP-1559,2026-12-28,0.0
TSP-1559,2027-01-04,0.0
TSP-1559,2027-01-11,0.0
TSP-1559,2027-01-18,0.0
TSP-1559,2027-01-25,0.0
TSP-1559,2027-02-01,0.0
TSP-1559,2027-02-08,0.0
TSP-1559,2027-02-15,0.0
TSP-1559,2027-02-22,0.0
TSP-1559,2027-03-01,0.0
TSP-1559,2027-03-08,0.0
TSP-1559,2027-03-15,0.0
TSP-1559,2027-03-22,0.0
TSP-1559,2027-03-29,0.0
TSP-1559,2027-04-05,0.0
TSP-1559,2027-04-12,0.0
TSP-1559,2027-04-19,0.0
TSP-1559,2027-04-26,0.0
TSP-1559,2027-05-03,0.0
TSP-1559,2027-05-10,0.0
TSP-1559,2027-05-17,0.0
TSP-1559,2027-05-24,0.0
TSP-1559,2027-05-31,0.0
TSP-1559,2027-06-07,0.0
TSP-1559,2027-06-14,0.0
TSP-1559,2027-06-21,0.0
TSP-1559,2027-06-28,0.0
TSP-1559,2027-07-05,0.0
TSP-1559,2027-07-12,0.0
TSP-1559,2027-07-19,0.0
TSP-1559,2027-07-26,0.0
TSP-1559,2027-08-02,0.0
TSP-1559,2027-08-09,0.0
TSP-1559,2027-08-16,0.0
TSP-1559,2027-08-23,0.0
TSP-1559,2027-08-30,0.0
TSP-1559,2027-09-06,0.0
TSP-1559,2027-09-13,0.0
TSP-1559,2027-09-20,0.0
TSP-1559,2027-09-27,0.0
TSP-1559,2027-10-04,0.0
TSP-1559,2027-10-11,0.0
TSP-1559,2027-10-18,0.0
TSP-1559,2027-10-25,0.0
TSP-1559,2027-11-01,0.0
TSP-1559,2027-11-08,0.0
TSP-1559,2027-11-15,0.0
TSP-1559,2027-11-22,0.0
TSP-1559,2027-11-29,0.0
TSP-1559,2027-12-06,0.0
TSP-1559,2027-12-13,0.0
TSP-1559,2027-12-20,0.0
TSP-1499,2025-12-29,0.0
TSP-1499,2026-01-05,0.0
TSP-1499,2026-01-12,0.0
TSP-1499,2026-01-19,0.0
TSP-1499,2026-01-26,0.0
TSP-1499,2026-02-02,0.0
TSP-1499,2026-02-09,0.0
TSP-1499,2026-02-16,0.0
TSP-1499,2026-02-23,0.0
TSP-1499,2026-03-02,0.0
TSP-1499,2026-03-09,0.0
TSP-1499,2026-03-16,0.0
TSP-1499,2026-03-23,0.0
TSP-1499,2026-03-30,0.0
TSP-1499,2026-04-06,2.9999999999999996
TSP-1499,2026-04-13,0.0
TSP-1499,2026-04-20,0.0
TSP-1499,2026-04-27,0.0
TSP-1499,2026-05-04,0.0
TSP-1499,2026-05-11,0.0
TSP-1499,2026-05-18,4.790816326530612
TSP-1499,2026-05-25,0.0
TSP-1499,2026-06-01,0.0
TSP-1499,2026-06-08,0.0
TSP-1499,2026-06-15,0.0
TSP-1499,2026-06-22,0.0
TSP-1499,2026-06-29,0.0
TSP-1499,2026-07-06,0.0
TSP-1499,2026-07-13,0.0
TSP-1499,2026-07-20,2.936224489795918
TSP-1499,2026-07-27,0.0
TSP-1499,2026-08-03,0.0
TSP-1499,2026-08-10,0.0
TSP-1499,2026-08-17,0.0
TSP-1499,2026-08-24,0.0
TSP-1499,2026-08-31,2.9999999999999996
TSP-1499,2026-09-07,0.0
TSP-1499,2026-09-14,0.0
TSP-1499,2026-09-21,0.0
TSP-1499,2026-09-28,0.0
TSP-1499,2026-10-05,0.0
TSP-1499,2026-10-12,0.0
TSP-1499,2026-10-19,0.0
TSP-1499,2026-10-26,0.0
TSP-1499,2026-11-02,0.0
TSP-1499,2026-11-09,0.0
TSP-1499,2026-11-16,2.9999999999999996
TSP-1499,2026-11-23,0.0
TSP-1499,2026-11-30,0.0
TSP-1499,2026-12-07,0.0
TSP-1499,2026-12-14,0.0
TSP-1499,2026-12-21,0.0
TSP-1499,2026-12-28,0.0
TSP-1499,2027-01-04,0.0
TSP-1499,2027-01-11,0.0
TSP-1499,2027-01-18,0.0
TSP-1499,2027-01-25,2.9999999999999996
TSP-1499,2027-02-01,0.0
TSP-1499,2027-02-08,0.0
TSP-1499,2027-02-15,0.0
TSP-1499,2027-02-22,2.9999999999999996
TSP-1499,2027-03-01,0.0
TSP-1499,2027-03-08,0.0
TSP-1499,2027-03-15,0.0
TSP-1499,2027-03-22,2.9999999999999996
TSP-1499,2027-03-29,0.0
TSP-1499,2027-04-05,0.0
TSP-1499,2027-04-12,0.0
TSP-1499,2027-04-19,2.9999999999999996
TSP-1499,2027-04-26,2.9999999999999996
TSP-1499,2027-05-03,2.9999999999999996
TSP-1499,2027-05-10,2.9999999999999996
TSP-1499,2027-05-17,0.0
TSP-1499,2027-05-24,2.9999999999999996
TSP-1499,2027-05-31,0.0
TSP-1499,2027-06-07,2.9999999999999996
TSP-1499,2027-06-14,0.0
TSP-1499,2027-06-21,2.9999999999999996
TSP-1499,2027-06-28,2.9999999999999996
TSP-1499,2027-07-05,0.0
TSP-1499,2027-07-12,2.9999999999999996
TSP-1499,2027-07-19,2.9999999999999996
TSP-1499,2027-07-26,2.9999999999999996
TSP-1499,2027-08-02,2.9999999999999996
TSP-1499,2027-08-09,2.9999999999999996
TSP-1499,2027-08-16,0.0
TSP-1499,2027-08-23,2.9999999999999996
TSP-1499,2027-08-30,2.9999999999999996
TSP-1499,2027-09-06,0.0
TSP-1499,2027-09-13,2.9999999999999996
TSP-1499,2027-09-20,2.9999999999999996
TSP-1499,2027-09-27,0.0
TSP-1499,2027-10-04,2.9999999999999996
TSP-1499,2027-10-11,2.9999999999999996
TSP-1499,2027-10-18,2.9999999999999996
TSP-1499,2027-10-25,2.9999999999999996
TSP-1499,2027-11-01,2.9999999999999996
TSP-1499,2027-11-08,2.9999999999999996
TSP-1499,2027-11-15,2.9999999999999996
TSP-1499,2027-11-22,2.9999999999999996
TSP-1499,2027-11-29,2.9999999999999996
TSP-1499,2027-12-06,2.9999999999999996
TSP-1499,2027-12-13,2.9999999999999996
TSP-1499,2027-12-20,0.0
TSP-1558,2025-12-29,0.0
TSP-1558,2026-01-05,0.0
TSP-1558,2026-01-12,0.0
TSP-1558,2026-01-19,0.0
TSP-1558,2026-01-26,0.0
TSP-1558,2026-02-02,0.0
TSP-1558,2026-02-09,0.0
TSP-1558,2026-02-16,0.0
TSP-1558,2026-02-23,0.0
TSP-1558,2026-03-02,0.0
TSP-1558,2026-03-09,0.0
TSP-1558,2026-03-16,0.0
TSP-1558,2026-03-23,0.0
TSP-1558,2026-03-30,0.0
TSP-1558,2026-04-06,2.0
TSP-1558,2026-04-13,0.0
TSP-1558,2026-04-20,0.0
TSP-1558,2026-04-27,0.0
TSP-1558,2026-05-04,0.0
TSP-1558,2026-05-11,0.0
TSP-1558,2026-05-18,3.193877551020408
TSP-1558,2026-05-25,0.0
TSP-1558,2026-06-01,0.0
TSP-1558,2026-06-08,0.0
TSP-1558,2026-06-15,0.0
TSP-1558,2026-06-22,0.0
TSP-1558,2026-06-29,0.0
TSP-1558,2026-07-06,0.0
TSP-1558,2026-07-13,0.0
TSP-1558,2026-07-20,1.9574829931972788
TSP-1558,2026-07-27,0.0
TSP-1558,2026-08-03,0.0
TSP-1558,2026-08-10,0.0
TSP-1558,2026-08-17,0.0
TSP-1558,2026-08-24,0.0
TSP-1558,2026-08-31,2.0
TSP-1558,2026-09-07,0.0
TSP-1558,2026-09-14,0.0
TSP-1558,2026-09-21,0.0
TSP-1558,2026-09-28,0.0
TSP-1558,2026-10-05,0.0
TSP-1558,2026-10-12,0.0
TSP-1558,2026-10-19,0.0
TSP-1558,2026-10-26,0.0
TSP-1558,2026-11-02,0.0
TSP-1558,2026-11-09,0.0
TSP-1558,2026-11-16,2.0
TSP-1558,2026-11-23,0.0
TSP-1558,2026-11-30,0.0
TSP-1558,2026-12-07,0.0
TSP-1558,2026-12-14,0.0
TSP-1558,2026-12-21,0.0
TSP-1558,2026-12-28,0.0
TSP-1558,2027-01-04,0.0
TSP-1558,2027-01-11,0.0
TSP-1558,2027-01-18,0.0
TSP-1558,2027-01-25,2.0
TSP-1558,2027-02-01,0.0
TSP-1558,2027-02-08,0.0
TSP-1558,2027-02-15,0.0
TSP-1558,2027-02-22,2.0
TSP-1558,2027-03-01,0.0
TSP-1558,2027-03-08,0.0
TSP-1558,2027-03-15,0.0
TSP-1558,2027-03-22,2.0
TSP-1558,2027-03-29,0.0
TSP-1558,2027-04-05,0.0
TSP-1558,2027-04-12,0.0
TSP-1558,2027-04-19,2.0
TSP-1558,2027-04-26,2.0
TSP-1558,2027-05-03,2.0
TSP-1558,2027-05-10,2.0
TSP-1558,2027-05-17,0.0
TSP-1558,2027-05-24,2.0
TSP-1558,2027-05-31,0.0
TSP-1558,2027-06-07,2.0
TSP-1558,2027-06-14,0.0
TSP-1558,2027-06-21,2.0
TSP-1558,2027-06-28,2.0
TSP-1558,2027-07-05,0.0
TSP-1558,2027-07-12,2.0
TSP-1558,2027-07-19,2.0
TSP-1558,2027-07-26,2.0
TSP-1558,2027-08-02,2.0
TSP-1558,2027-08-09,2.0
TSP-1558,2027-08-16,0.0
TSP-1558,2027-08-23,2.0
TSP-1558,2027-08-30,2.0
TSP-1558,2027-09-06,0.0
TSP-1558,2027-09-13,2.0
TSP-1558,2027-09-20,2.0
TSP-1558,2027-09-27,0.0
TSP-1558,2027-10-04,2.0
TSP-1558,2027-10-11,2.0
TSP-1558,2027-10-18,2.0
TSP-1558,2027-10-25,2.0
TSP-1558,2027-11-01,2.0
TSP-1558,2027-11-08,2.0
TSP-1558,2027-11-15,2.0
TSP-1558,2027-11-22,2.0
TSP-1558,2027-11-29,2.0
TSP-1558,2027-12-06,2.0
TSP-1558,2027-12-13,2.0
TSP-1558,2027-12-20,0.0
TSP-544,2025-12-29,0.0
TSP-544,2026-01-05,0.0
TSP-544,2026-01-12,0.0
TSP-544,2026-01-19,0.0
TSP-544,2026-01-26,0.0
TSP-544,2026-02-02,0.0
TSP-544,2026-02-09,0.0
TSP-544,2026-02-16,0.0
TSP-544,2026-02-23,0.0
TSP-544,2026-03-02,0.0
TSP-544,2026-03-09,0.0
TSP-544,2026-03-16,0.0
TSP-544,2026-03-23,0.0
TSP-544,2026-03-30,0.0
TSP-544,2026-04-06,0.0
TSP-544,2026-04-13,0.0
TSP-544,2026-04-20,0.0
TSP-544,2026-04-27,0.0
TSP-544,2026-05-04,0.0
TSP-544,2026-05-11,0.0
TSP-544,2026-05-18,0.0
TSP-544,2026-05-25,0.0
TSP-544,2026-06-01,0.0
TSP-544,2026-06-08,0.0
TSP-544,2026-06-15,0.0
TSP-544,2026-06-22,0.0
TSP-544,2026-06-29,0.0
TSP-544,2026-07-06,0.0
TSP-544,2026-07-13,0.0
TSP-544,2026-07-20,0.0
TSP-544,2026-07-27,0.0
TSP-544,2026-08-03,0.0
TSP-544,2026-08-10,0.0
TSP-544,2026-08-17,0.0
TSP-544,2026-08-24,0.0
TSP-544,2026-08-31,0.0
TSP-544,2026-09-07,0.0
TSP-544,2026-09-14,0.0
TSP-544,2026-09-21,0.0
TSP-544,2026-09-28,0.0
TSP-544,2026-10-05,0.0
TSP-544,2026-10-12,0.0
TSP-544,2026-10-19,0.0
TSP-544,2026-10-26,0.0
TSP-544,2026-11-02,0.0
TSP-544,2026-11-09,0.0
TSP-544,2026-11-16,0.0
TSP-544,2026-11-23,0.0
TSP-544,2026-11-30,0.0
TSP-544,2026-12-07,0.0
TSP-544,2026-12-14,0.0
TSP-544,2026-12-21,0.0
TSP-544,2026-12-28,0.0
TSP-544,2027-01-04,0.0
TSP-544,2027-01-11,0.0
TSP-544,2027-01-18,0.0
TSP-544,2027-01-25,0.0
TSP-544,2027-02-01,0.0
TSP-544,2027-02-08,0.0
TSP-544,2027-02-15,0.0
TSP-544,2027-02-22,0.0
TSP-544,2027-03-01,0.0
TSP-544,2027-03-08,0.0
TSP-544,2027-03-15,0.0
TSP-544,2027-03-22,0.0
TSP-544,2027-03-29,0.0
TSP-544,2027-04-05,0.0
TSP-544,2027-04-12,0.0
TSP-544,2027-04-19,0.0
TSP-544,2027-04-26,0.0
TSP-544,2027-05-03,0.0
TSP-544,2027-05-10,0.0
TSP-544,2027-05-17,0.0
TSP-544,2027-05-24,0.0
TSP-544,2027-05-31,0.0
TSP-544,2027-06-07,0.0
TSP-544,2027-06-14,0.0
TSP-544,2027-06-21,0.0
TSP-544,2027-06-28,0.0
TSP-544,2027-07-05,0.0
TSP-544,2027-07-12,0.0
TSP-544,2027-07-19,0.0
TSP-544,2027-07-26,0.0
TSP-544,2027-08-02,0.0
TSP-544,2027-08-09,0.0
TSP-544,2027-08-16,0.0
TSP-544,2027-08-23,0.0
TSP-544,2027-08-30,0.0
TSP-544,2027-09-06,0.0
TSP-544,2027-09-13,0.0
TSP-544,2027-09-20,0.0
TSP-544,2027-09-27,0.0
TSP-544,2027-10-04,0.0
TSP-544,2027-10-11,0.0
TSP-544,2027-10-18,0.0
TSP-544,2027-10-25,0.0
TSP-544,2027-11-01,0.0
TSP-544,2027-11-08,0.0
TSP-544,2027-11-15,0.0
TSP-544,2027-11-22,0.0
TSP-544,2027-11-29,0.0
TSP-544,2027-12-06,0.0
TSP-544,2027-12-13,0.0
TSP-544,2027-12-20,0.0
TSP-558,2025-12-29,0.0
TSP-558,2026-01-05,0.0
TSP-558,2026-01-12,0.0
TSP-558,2026-01-19,0.0
TSP-558,2026-01-26,0.0
TSP-558,2026-02-02,0.0
TSP-558,2026-02-09,0.0
TSP-558,2026-02-16,0.0
TSP-558,2026-02-23,0.0
TSP-558,2026-03-02,0.0
TSP-558,2026-03-09,0.0
TSP-558,2026-03-16,0.0
TSP-558,2026-03-23,0.0
TSP-558,2026-03-30,0.0
TSP-558,2026-04-06,0.0
TSP-558,2026-04-13,0.0
TSP-558,2026-04-20,0.0
TSP-558,2026-04-27,0.0
TSP-558,2026-05-04,0.0
TSP-558,2026-05-11,0.0
TSP-558,2026-05-18,0.0
TSP-558,2026-05-25,0.0
TSP-558,2026-06-01,0.0
TSP-558,2026-06-08,0.0
TSP-558,2026-06-15,0.0
TSP-558,2026-06-22,0.0
TSP-558,2026-06-29,0.0
TSP-558,2026-07-06,0.0
TSP-558,2026-07-13,0.0
TSP-558,2026-07-20,0.0
TSP-558,2026-07-27,0.0
TSP-558,2026-08-03,0.0
TSP-558,2026-08-10,0.0
TSP-558,2026-08-17,0.0
TSP-558,2026-08-24,0.0
TSP-558,2026-08-31,0.0
TSP-558,2026-09-07,0.0
TSP-558,2026-09-14,0.0
TSP-558,2026-09-21,0.0
TSP-558,2026-09-28,0.0
TSP-558,2026-10-05,0.0
TSP-558,2026-10-12,0.0
TSP-558,2026-10-19,0.0
TSP-558,2026-10-26,0.0
TSP-558,2026-11-02,0.0
TSP-558,2026-11-09,0.0
TSP-558,2026-11-16,0.0
TSP-558,2026-11-23,0.0
TSP-558,2026-11-30,0.0
TSP-558,2026-12-07,0.0
TSP-558,2026-12-14,0.0
TSP-558,2026-12-21,0.0
TSP-558,2026-12-28,0.0
TSP-558,2027-01-04,0.0
TSP-558,2027-01-11,0.0
TSP-558,2027-01-18,0.0
TSP-558,2027-01-25,0.0
TSP-558,2027-02-01,0.0
TSP-558,2027-02-08,0.0
TSP-558,2027-02-15,0.0
TSP-558,2027-02-22,0.0
TSP-558,2027-03-01,0.0
TSP-558,2027-03-08,0.0
TSP-558,2027-03-15,0.0
TSP-558,2027-03-22,0.0
TSP-558,2027-03-29,0.0
TSP-558,2027-04-05,0.0
TSP-558,2027-04-12,0.0
TSP-558,2027-04-19,0.0
TSP-558,2027-04-26,0.0
TSP-558,2027-05-03,0.0
TSP-558,2027-05-10,0.0
TSP-558,2027-05-17,0.0
TSP-558,2027-05-24,0.0
TSP-558,2027-05-31,0.0
TSP-558,2027-06-07,0.0
TSP-558,2027-06-14,0.0
TSP-558,2027-06-21,0.0
TSP-558,2027-06-28,0.0
TSP-558,2027-07-05,0.0
TSP-558,2027-07-12,0.0
TSP-558,2027-07-19,0.0
TSP-558,2027-07-26,0.0
TSP-558,2027-08-02,0.0
TSP-558,2027-08-09,0.0
TSP-558,2027-08-16,0.0
TSP-558,2027-08-23,0.0
TSP-558,2027-08-30,0.0
TSP-558,2027-09-06,0.0
TSP-558,2027-09-13,0.0
TSP-558,2027-09-20,0.0
TSP-558,2027-09-27,0.0
TSP-558,2027-10-04,0.0
TSP-558,2027-10-11,0.0
TSP-558,2027-10-18,0.0
TSP-558,2027-10-25,0.0
TSP-558,2027-11-01,0.0
TSP-558,2027-11-08,0.0
TSP-558,2027-11-15,0.0
TSP-558,2027-11-22,0.0
TSP-558,2027-11-29,0.0
TSP-558,2027-12-06,0.0
TSP-558,2027-12-13,0.0
TSP-558,2027-12-20,0.0
TSP-618,2025-12-29,0.0
TSP-618,2026-01-05,0.0
TSP-618,2026-01-12,0.0
TSP-618,2026-01-19,0.0
TSP-618,2026-01-26,0.0
TSP-618,2026-02-02,0.0
TSP-618,2026-02-09,0.0
TSP-618,2026-02-16,0.0
TSP-618,2026-02-23,0.0
TSP-618,2026-03-02,0.0
TSP-618,2026-03-09,0.0
TSP-618,2026-03-16,0.0
TSP-618,2026-03-23,0.0
TSP-618,2026-03-30,0.0
TSP-618,2026-04-06,0.0
TSP-618,2026-04-13,0.0
TSP-618,2026-04-20,0.0
TSP-618,2026-04-27,0.0
TSP-618,2026-05-04,0.0
TSP-618,2026-05-11,0.0
TSP-618,2026-05-18,0.0
TSP-618,2026-05-25,0.0
TSP-618,2026-06-01,0.0
TSP-618,2026-06-08,0.0
TSP-618,2026-06-15,0.0
TSP-618,2026-06-22,0.0
TSP-618,2026-06-29,0.0
TSP-618,2026-07-06,0.0
TSP-618,2026-07-13,0.0
TSP-618,2026-07-20,0.0
TSP-618,2026-07-27,0.0
TSP-618,2026-08-03,0.0
TSP-618,2026-08-10,0.0
TSP-618,2026-08-17,0.0
TSP-618,2026-08-24,0.0
TSP-618,2026-08-31,0.0
TSP-618,2026-09-07,0.0
TSP-618,2026-09-14,0.0
TSP-618,2026-09-21,0.0
TSP-618,2026-09-28,0.0
TSP-618,2026-10-05,0.0
TSP-618,2026-10-12,0.0
TSP-618,2026-10-19,0.0
TSP-618,2026-10-26,0.0
TSP-618,2026-11-02,0.0
TSP-618,2026-11-09,0.0
TSP-618,2026-11-16,0.0
TSP-618,2026-11-23,0.0
TSP-618,2026-11-30,0.0
TSP-618,2026-12-07,0.0
TSP-618,2026-12-14,0.0
TSP-618,2026-12-21,0.0
TSP-618,2026-12-28,0.0
TSP-618,2027-01-04,0.0
TSP-618,2027-01-11,0.0
TSP-618,2027-01-18,0.0
TSP-618,2027-01-25,0.0
TSP-618,2027-02-01,0.0
TSP-618,2027-02-08,0.0
TSP-618,2027-02-15,0.0
TSP-618,2027-02-22,0.0
TSP-618,2027-03-01,0.0
TSP-618,2027-03-08,0.0
TSP-618,2027-03-15,0.0
TSP-618,2027-03-22,0.0
TSP-618,2027-03-29,0.0
TSP-618,2027-04-05,0.0
TSP-618,2027-04-12,0.0
TSP-618,2027-04-19,0.0
TSP-618,2027-04-26,0.0
TSP-618,2027-05-03,0.0
TSP-618,2027-05-10,0.0
TSP-618,2027-05-17,0.0
TSP-618,2027-05-24,0.0
TSP-618,2027-05-31,0.0
TSP-618,2027-06-07,0.0
TSP-618,2027-06-14,0.0
TSP-618,2027-06-21,0.0
TSP-618,2027-06-28,0.0
TSP-618,2027-07-05,0.0
TSP-618,2027-07-12,0.0
TSP-618,2027-07-19,0.0
TSP-618,2027-07-26,0.0
TSP-618,2027-08-02,0.0
TSP-618,2027-08-09,0.0
TSP-618,2027-08-16,0.0
TSP-618,2027-08-23,0.0
TSP-618,2027-08-30,0.0
TSP-618,2027-09-06,0.0
TSP-618,2027-09-13,0.0
TSP-618,2027-09-20,0.0
TSP-618,2027-09-27,0.0
TSP-618,2027-10-04,0.0
TSP-618,2027-10-11,0.0
TSP-618,2027-10-18,0.0
TSP-618,2027-10-25,0.0
TSP-618,2027-11-01,0.0
TSP-618,2027-11-08,0.0
TSP-618,2027-11-15,0.0
TSP-618,2027-11-22,0.0
TSP-618,2027-11-29,0.0
TSP-618,2027-12-06,0.0
TSP-618,2027-12-13,0.0
TSP-618,2027-12-20,0.0
TSP-620,2025-12-29,0.0
TSP-620,2026-01-05,0.0
TSP-620,2026-01-12,0.0
TSP-620,2026-01-19,0.0
TSP-620,2026-01-26,0.0
TSP-620,2026-02-02,0.0
TSP-620,2026-02-09,0.0
TSP-620,2026-02-16,0.0
TSP-620,2026-02-23,0.0
TSP-620,2026-03-02,0.0
TSP-620,2026-03-09,0.0
TSP-620,2026-03-16,0.0
TSP-620,2026-03-23,0.0
TSP-620,2026-03-30,0.0
TSP-620,2026-04-06,0.0
TSP-620,2026-04-13,0.0
TSP-620,2026-04-20,0.0
TSP-620,2026-04-27,0.0
TSP-620,2026-05-04,0.0
TSP-620,2026-05-11,0.0
TSP-620,2026-05-18,0.0
TSP-620,2026-05-25,0.0
TSP-620,2026-06-01,0.0
TSP-620,2026-06-08,0.0
TSP-620,2026-06-15,0.0
TSP-620,2026-06-22,0.0
TSP-620,2026-06-29,0.0
TSP-620,2026-07-06,0.0
TSP-620,2026-07-13,0.0
TSP-620,2026-07-20,0.0
TSP-620,2026-07-27,0.0
TSP-620,2026-08-03,0.0
TSP-620,2026-08-10,0.0
TSP-620,2026-08-17,0.0
TSP-620,2026-08-24,0.0
TSP-620,2026-08-31,0.0
TSP-620,2026-09-07,0.0
TSP-620,2026-09-14,0.0
TSP-620,2026-09-21,0.0
TSP-620,2026-09-28,0.0
TSP-620,2026-10-05,0.0
TSP-620,2026-10-12,0.0
TSP-620,2026-10-19,0.0
TSP-620,2026-10-26,0.0
TSP-620,2026-11-02,0.0
TSP-620,2026-11-09,0.0
TSP-620,2026-11-16,0.0
TSP-620,2026-11-23,0.0
TSP-620,2026-11-30,0.0
TSP-620,2026-12-07,0.0
TSP-620,2026-12-14,0.0
TSP-620,2026-12-21,0.0
TSP-620,2026-12-28,0.0
TSP-620,2027-01-04,0.0
TSP-620,2027-01-11,0.0
TSP-620,2027-01-18,0.0
TSP-620,2027-01-25,0.0
TSP-620,2027-02-01,0.0
TSP-620,2027-02-08,0.0
TSP-620,2027-02-15,0.0
TSP-620,2027-02-22,0.0
TSP-620,2027-03-01,0.0
TSP-620,2027-03-08,0.0
TSP-620,2027-03-15,0.0
TSP-620,2027-03-22,0.0
TSP-620,2027-03-29,0.0
TSP-620,2027-04-05,0.0
TSP-620,2027-04-12,0.0
TSP-620,2027-04-19,0.0
TSP-620,2027-04-26,0.0
TSP-620,2027-05-03,0.0
TSP-620,2027-05-10,0.0
TSP-620,2027-05-17,0.0
TSP-620,2027-05-24,0.0
TSP-620,2027-05-31,0.0
TSP-620,2027-06-07,0.0
TSP-620,2027-06-14,0.0
TSP-620,2027-06-21,0.0
TSP-620,2027-06-28,0.0
TSP-620,2027-07-05,0.0
TSP-620,2027-07-12,0.0
TSP-620,2027-07-19,0.0
TSP-620,2027-07-26,0.0
TSP-620,2027-08-02,0.0
TSP-620,2027-08-09,0.0
TSP-620,2027-08-16,0.0
TSP-620,2027-08-23,0.0
TSP-620,2027-08-30,0.0
TSP-620,2027-09-06,0.0
TSP-620,2027-09-13,0.0
TSP-620,2027-09-20,0.0
TSP-620,2027-09-27,0.0
TSP-620,2027-10-04,0.0
TSP-620,2027-10-11,0.0
TSP-620,2027-10-18,0.0
TSP-620,2027-10-25,0.0
TSP-620,2027-11-01,0.0
TSP-620,2027-11-08,0.0
TSP-620,2027-11-15,0.0
TSP-620,2027-11-22,0.0
TSP-620,2027-11-29,0.0
TSP-620,2027-12-06,0.0
TSP-620,2027-12-13,0.0
TSP-620,2027-12-20,0.0
TSP-623,2025-12-29,0.0
TSP-623,2026-01-05,0.0
TSP-623,2026-01-12,0.0
TSP-623,2026-01-19,0.0
TSP-623,2026-01-26,0.0
TSP-623,2026-02-02,0.0
TSP-623,2026-02-09,0.0
TSP-623,2026-02-16,0.0
TSP-623,2026-02-23,0.0
TSP-623,2026-03-02,0.0
TSP-623,2026-03-09,0.0
TSP-623,2026-03-16,0.0
TSP-623,2026-03-23,0.0
TSP-623,2026-03-30,0.0
TSP-623,2026-04-06,0.0
TSP-623,2026-04-13,0.0
TSP-623,2026-04-20,0.0
TSP-623,2026-04-27,0.0
TSP-623,2026-05-04,0.0
TSP-623,2026-05-11,0.0
TSP-623,2026-05-18,0.0
TSP-623,2026-05-25,0.0
TSP-623,2026-06-01,0.0
TSP-623,2026-06-08,0.0
TSP-623,2026-06-15,0.0
TSP-623,2026-06-22,0.0
TSP-623,2026-06-29,0.0
TSP-623,2026-07-06,0.0
TSP-623,2026-07-13,0.0
TSP-623,2026-07-20,0.0
TSP-623,2026-07-27,0.0
TSP-623,2026-08-03,0.0
TSP-623,2026-08-10,0.0
TSP-623,2026-08-17,0.0
TSP-623,2026-08-24,0.0
TSP-623,2026-08-31,0.0
TSP-623,2026-09-07,0.0
TSP-623,2026-09-14,0.0
TSP-623,2026-09-21,0.0
TSP-623,2026-09-28,0.0
TSP-623,2026-10-05,0.0
TSP-623,2026-10-12,0.0
TSP-623,2026-10-19,0.0
TSP-623,2026-10-26,0.0
TSP-623,2026-11-02,0.0
TSP-623,2026-11-09,0.0
TSP-623,2026-11-16,0.0
TSP-623,2026-11-23,0.0
TSP-623,2026-11-30,0.0
TSP-623,2026-12-07,0.0
TSP-623,2026-12-14,0.0
TSP-623,2026-12-21,0.0
TSP-623,2026-12-28,0.0
TSP-623,2027-01-04,0.0
TSP-623,2027-01-11,0.0
TSP-623,2027-01-18,0.0
TSP-623,2027-01-25,0.0
TSP-623,2027-02-01,0.0
TSP-623,2027-02-08,0.0
TSP-623,2027-02-15,0.0
TSP-623,2027-02-22,0.0
TSP-623,2027-03-01,0.0
TSP-623,2027-03-08,0.0
TSP-623,2027-03-15,0.0
TSP-623,2027-03-22,0.0
TSP-623,2027-03-29,0.0
TSP-623,2027-04-05,0.0
TSP-623,2027-04-12,0.0
TSP-623,2027-04-19,0.0
TSP-623,2027-04-26,0.0
TSP-623,2027-05-03,0.0
TSP-623,2027-05-10,0.0
TSP-623,2027-05-17,0.0
TSP-623,2027-05-24,0.0
TSP-623,2027-05-31,0.0
TSP-623,2027-06-07,0.0
TSP-623,2027-06-14,0.0
TSP-623,2027-06-21,0.0
TSP-623,2027-06-28,0.0
TSP-623,2027-07-05,0.0
TSP-623,2027-07-12,0.0
TSP-623,2027-07-19,0.0
TSP-623,2027-07-26,0.0
TSP-623,2027-08-02,0.0
TSP-623,2027-08-09,0.0
TSP-623,2027-08-16,0.0
TSP-623,2027-08-23,0.0
TSP-623,2027-08-30,0.0
TSP-623,2027-09-06,0.0
TSP-623,2027-09-13,0.0
TSP-623,2027-09-20,0.0
TSP-623,2027-09-27,0.0
TSP-623,2027-10-04,0.0
TSP-623,2027-10-11,0.0
TSP-623,2027-10-18,0.0
TSP-623,2027-10-25,0.0
TSP-623,2027-11-01,0.0
TSP-623,2027-11-08,0.0
TSP-623,2027-11-15,0.0
TSP-623,2027-11-22,0.0
TSP-623,2027-11-29,0.0
TSP-623,2027-12-06,0.0
TSP-623,2027-12-13,0.0
TSP-623,2027-12-20,0.0
TSP-655,2025-12-29,0.0
TSP-655,2026-01-05,2.503132938187976
TSP-655,2026-01-12,2.503132938187976
TSP-655,2026-01-19,5.006265876375952
TSP-655,2026-01-26,5.006265876375952
TSP-655,2026-02-02,5.006265876375952
TSP-655,2026-02-09,0.0
TSP-655,2026-02-16,0.0
TSP-655,2026-02-23,0.0
TSP-655,2026-03-02,10.012531752751904
TSP-655,2026-03-09,2.2528196443691786
TSP-655,2026-03-16,2.503132938187976
TSP-655,2026-03-23,0.0
TSP-655,2026-03-30,2.7079347240397196
TSP-655,2026-04-06,5.006265876375952
TSP-655,2026-04-13,2.503132938187976
TSP-655,2026-04-20,4.755952582557154
TSP-655,2026-04-27,0.0
TSP-655,2026-05-04,0.0
TSP-655,2026-05-11,3.5043861134631666
TSP-655,2026-05-18,2.503132938187976
TSP-655,2026-05-25,4.255325994919559
TSP-655,2026-06-01,0.0
TSP-655,2026-06-08,10.012531752751904
TSP-655,2026-06-15,0.0
TSP-655,2026-06-22,5.006265876375952
TSP-655,2026-06-29,3.754699407281964
TSP-655,2026-07-06,5.006265876375952
TSP-655,2026-07-13,2.503132938187976
TSP-655,2026-07-20,3.754699407281964
TSP-655,2026-07-27,2.503132938187976
TSP-655,2026-08-03,3.754699407281964
TSP-655,2026-08-10,0.0
TSP-655,2026-08-17,0.0
TSP-655,2026-08-24,3.754699407281964
TSP-655,2026-08-31,0.0
TSP-655,2026-09-07,0.0
TSP-655,2026-09-14,5.006265876375952
TSP-655,2026-09-21,0.0
TSP-655,2026-09-28,5.006265876375952
TSP-655,2026-10-05,0.0
TSP-655,2026-10-12,0.0
TSP-655,2026-10-19,5.006265876375952
TSP-655,2026-10-26,0.0
TSP-655,2026-11-02,5.006265876375952
TSP-655,2026-11-09,5.006265876375952
TSP-655,2026-11-16,5.006265876375952
TSP-655,2026-11-23,5.006265876375952
TSP-655,2026-11-30,5.006265876375952
TSP-655,2026-12-07,0.0
TSP-655,2026-12-14,0.0
TSP-655,2026-12-21,0.0
TSP-655,2026-12-28,0.0
TSP-655,2027-01-04,0.0
TSP-655,2027-01-11,5.006265876375952
TSP-655,2027-01-18,0.0
TSP-655,2027-01-25,5.006265876375952
TSP-655,2027-02-01,0.0
TSP-655,2027-02-08,5.006265876375952
TSP-655,2027-02-15,0.0
TSP-655,2027-02-22,0.0
TSP-655,2027-03-01,5.006265876375952
TSP-655,2027-03-08,0.0
TSP-655,2027-03-15,0.0
TSP-655,2027-03-22,2.503132938187976
TSP-655,2027-03-29,0.0
TSP-655,2027-04-05,0.0
TSP-655,2027-04-12,1.251566469093988
TSP-655,2027-04-19,0.0
TSP-655,2027-04-26,0.0
TSP-655,2027-05-03,0.0
TSP-655,2027-05-10,0.0
TSP-655,2027-05-17,0.0
TSP-655,2027-05-24,0.0
TSP-655,2027-05-31,0.0
TSP-655,2027-06-07,0.0
TSP-655,2027-06-14,0.0
TSP-655,2027-06-21,0.0
TSP-655,2027-06-28,0.0
TSP-655,2027-07-05,0.0
TSP-655,2027-07-12,0.0
TSP-655,2027-07-19,0.0
TSP-655,2027-07-26,0.0
TSP-655,2027-08-02,0.0
TSP-655,2027-08-09,0.0
TSP-655,2027-08-16,0.0
TSP-655,2027-08-23,0.0
TSP-655,2027-08-30,0.0
TSP-655,2027-09-06,0.0
TSP-655,2027-09-13,0.0
TSP-655,2027-09-20,0.0
TSP-655,2027-09-27,0.0
TSP-655,2027-10-04,0.0
TSP-655,2027-10-11,0.0
TSP-655,2027-10-18,0.0
TSP-655,2027-10-25,0.0
TSP-655,2027-11-01,0.0
TSP-655,2027-11-08,0.0
TSP-655,2027-11-15,0.0
TSP-655,2027-11-22,0.0
TSP-655,2027-11-29,0.0
TSP-655,2027-12-06,0.0
TSP-655,2027-12-13,0.0
TSP-655,2027-12-20,0.0
TSP-656,2025-12-29,0.0
TSP-656,2026-01-05,1.3468872594551475
TSP-656,2026-01-12,1.3468872594551475
TSP-656,2026-01-19,2.693774518910295
TSP-656,2026-01-26,2.693774518910295
TSP-656,2026-02-02,2.693774518910295
TSP-656,2026-02-09,0.0
TSP-656,2026-02-16,0.0
TSP-656,2026-02-23,0.0
TSP-656,2026-03-02,5.38754903782059
TSP-656,2026-03-09,1.2121985335096328
TSP-656,2026-03-16,1.3468872594551475
TSP-656,2026-03-23,0.0
TSP-656,2026-03-30,1.4570871261378415
TSP-656,2026-04-06,2.693774518910295
TSP-656,2026-04-13,1.3468872594551475
TSP-656,2026-04-20,2.5590857929647806
TSP-656,2026-04-27,0.0
TSP-656,2026-05-04,0.0
TSP-656,2026-05-11,1.8856421632372067
TSP-656,2026-05-18,1.3468872594551475
TSP-656,2026-05-25,2.289708341073751
TSP-656,2026-06-01,0.0
TSP-656,2026-06-08,5.38754903782059
TSP-656,2026-06-15,0.0
TSP-656,2026-06-22,2.693774518910295
TSP-656,2026-06-29,2.0203308891827216
TSP-656,2026-07-06,2.693774518910295
TSP-656,2026-07-13,1.3468872594551475
TSP-656,2026-07-20,2.0203308891827216
TSP-656,2026-07-27,1.3468872594551475
TSP-656,2026-08-03,2.0203308891827216
TSP-656,2026-08-10,0.0
TSP-656,2026-08-17,0.0
TSP-656,2026-08-24,2.0203308891827216
TSP-656,2026-08-31,0.0
TSP-656,2026-09-07,0.0
TSP-656,2026-09-14,2.693774518910295
TSP-656,2026-09-21,0.0
TSP-656,2026-09-28,2.693774518910295
TSP-656,2026-10-05,0.0
TSP-656,2026-10-12,0.0
TSP-656,2026-10-19,2.693774518910295
TSP-656,2026-10-26,0.0
TSP-656,2026-11-02,2.693774518910295
TSP-656,2026-11-09,2.693774518910295
TSP-656,2026-11-16,2.693774518910295
TSP-656,2026-11-23,2.693774518910295
TSP-656,2026-11-30,2.693774518910295
TSP-656,2026-12-07,0.0
TSP-656,2026-12-14,0.0
TSP-656,2026-12-21,0.0
TSP-656,2026-12-28,0.0
TSP-656,2027-01-04,0.0
TSP-656,2027-01-11,2.693774518910295
TSP-656,2027-01-18,0.0
TSP-656,2027-01-25,2.693774518910295
TSP-656,2027-02-01,0.0
TSP-656,2027-02-08,2.693774518910295
TSP-656,2027-02-15,0.0
TSP-656,2027-02-22,0.0
TSP-656,2027-03-01,2.693774518910295
TSP-656,2027-03-08,0.0
TSP-656,2027-03-15,0.0
TSP-656,2027-03-22,1.3468872594551475
TSP-656,2027-03-29,0.0
TSP-656,2027-04-05,0.0
TSP-656,2027-04-12,0.6734436297275738
TSP-656,2027-04-19,0.0
TSP-656,2027-04-26,0.0
TSP-656,2027-05-03,0.0
TSP-656,2027-05-10,0.0
TSP-656,2027-05-17,0.0
TSP-656,2027-05-24,0.0
TSP-656,2027-05-31,0.0
TSP-656,2027-06-07,0.0
TSP-656,2027-06-14,0.0
TSP-656,2027-06-21,0.0
TSP-656,2027-06-28,0.0
TSP-656,2027-07-05,0.0
TSP-656,2027-07-12,0.0
TSP-656,2027-07-19,0.0
TSP-656,2027-07-26,0.0
TSP-656,2027-08-02,0.0
TSP-656,2027-08-09,0.0
TSP-656,2027-08-16,0.0
TSP-656,2027-08-23,0.0
TSP-656,2027-08-30,0.0
TSP-656,2027-09-06,0.0
TSP-656,2027-09-13,0.0
TSP-656,2027-09-20,0.0
TSP-656,2027-09-27,0.0
TSP-656,2027-10-04,0.0
TSP-656,2027-10-11,0.0
TSP-656,2027-10-18,0.0
TSP-656,2027-10-25,0.0
TSP-656,2027-11-01,0.0
TSP-656,2027-11-08,0.0
TSP-656,2027-11-15,0.0
TSP-656,2027-11-22,0.0
TSP-656,2027-11-29,0.0
TSP-656,2027-12-06,0.0
TSP-656,2027-12-13,0.0
TSP-656,2027-12-20,0.0
TSP-665,2025-12-29,0.0
TSP-665,2026-01-05,0.0
TSP-665,2026-01-12,0.0
TSP-665,2026-01-19,0.0
TSP-665,2026-01-26,0.0
TSP-665,2026-02-02,0.0
TSP-665,2026-02-09,0.0
TSP-665,2026-02-16,0.0
TSP-665,2026-02-23,0.0
TSP-665,2026-03-02,0.0
TSP-665,2026-03-09,0.0
TSP-665,2026-03-16,0.0
TSP-665,2026-03-23,0.0
TSP-665,2026-03-30,0.0
TSP-665,2026-04-06,0.0
TSP-665,2026-04-13,0.0
TSP-665,2026-04-20,0.0
TSP-665,2026-04-27,0.0
TSP-665,2026-05-04,0.0
TSP-665,2026-05-11,0.0
TSP-665,2026-05-18,0.0
TSP-665,2026-05-25,0.0
TSP-665,2026-06-01,0.0
TSP-665,2026-06-08,0.0
TSP-665,2026-06-15,0.0
TSP-665,2026-06-22,0.0
TSP-665,2026-06-29,0.0
TSP-665,2026-07-06,0.0
TSP-665,2026-07-13,0.0
TSP-665,2026-07-20,0.0
TSP-665,2026-07-27,0.0
TSP-665,2026-08-03,0.0
TSP-665,2026-08-10,0.0
TSP-665,2026-08-17,0.0
TSP-665,2026-08-24,0.0
TSP-665,2026-08-31,0.0
TSP-665,2026-09-07,0.0
TSP-665,2026-09-14,0.0
TSP-665,2026-09-21,0.0
TSP-665,2026-09-28,0.0
TSP-665,2026-10-05,0.0
TSP-665,2026-10-12,0.0
TSP-665,2026-10-19,0.0
TSP-665,2026-10-26,0.0
TSP-665,2026-11-02,0.0
TSP-665,2026-11-09,0.0
TSP-665,2026-11-16,0.0
TSP-665,2026-11-23,0.0
TSP-665,2026-11-30,0.0
TSP-665,2026-12-07,0.0
TSP-665,2026-12-14,0.0
TSP-665,2026-12-21,0.0
TSP-665,2026-12-28,0.0
TSP-665,2027-01-04,0.0
TSP-665,2027-01-11,0.0
TSP-665,2027-01-18,0.0
TSP-665,2027-01-25,0.0
TSP-665,2027-02-01,0.0
TSP-665,2027-02-08,0.0
TSP-665,2027-02-15,0.0
TSP-665,2027-02-22,0.0
TSP-665,2027-03-01,0.0
TSP-665,2027-03-08,0.0
TSP-665,2027-03-15,0.0
TSP-665,2027-03-22,0.0
TSP-665,2027-03-29,0.0
TSP-665,2027-04-05,0.0
TSP-665,2027-04-12,0.0
TSP-665,2027-04-19,0.0
TSP-665,2027-04-26,0.0
TSP-665,2027-05-03,0.0
TSP-665,2027-05-10,0.0
TSP-665,2027-05-17,0.0
TSP-665,2027-05-24,0.0
TSP-665,2027-05-31,0.0
TSP-665,2027-06-07,0.0
TSP-665,2027-06-14,0.0
TSP-665,2027-06-21,0.0
TSP-665,2027-06-28,0.0
TSP-665,2027-07-05,0.0
TSP-665,2027-07-12,0.0
TSP-665,2027-07-19,0.0
TSP-665,2027-07-26,0.0
TSP-665,2027-08-02,0.0
TSP-665,2027-08-09,0.0
TSP-665,2027-08-16,0.0
TSP-665,2027-08-23,0.0
TSP-665,2027-08-30,0.0
TSP-665,2027-09-06,0.0
TSP-665,2027-09-13,0.0
TSP-665,2027-09-20,0.0
TSP-665,2027-09-27,0.0
TSP-665,2027-10-04,0.0
TSP-665,2027-10-11,0.0
TSP-665,2027-10-18,0.0
TSP-665,2027-10-25,0.0
TSP-665,2027-11-01,0.0
TSP-665,2027-11-08,0.0
TSP-665,2027-11-15,0.0
TSP-665,2027-11-22,0.0
TSP-665,2027-11-29,0.0
TSP-665,2027-12-06,0.0
TSP-665,2027-12-13,0.0
TSP-665,2027-12-20,0.0
TSP-668,2025-12-29,0.0
TSP-668,2026-01-05,0.0
TSP-668,2026-01-12,0.0
TSP-668,2026-01-19,0.0
TSP-668,2026-01-26,0.0
TSP-668,2026-02-02,0.0
TSP-668,2026-02-09,0.0
TSP-668,2026-02-16,0.0
TSP-668,2026-02-23,0.0
TSP-668,2026-03-02,0.0
TSP-668,2026-03-09,0.0
TSP-668,2026-03-16,0.0
TSP-668,2026-03-23,0.0
TSP-668,2026-03-30,0.0
TSP-668,2026-04-06,0.0
TSP-668,2026-04-13,0.0
TSP-668,2026-04-20,0.0
TSP-668,2026-04-27,0.0
TSP-668,2026-05-04,0.0
TSP-668,2026-05-11,0.0
TSP-668,2026-05-18,0.0
TSP-668,2026-05-25,0.0
TSP-668,2026-06-01,0.0
TSP-668,2026-06-08,0.0
TSP-668,2026-06-15,0.0
TSP-668,2026-06-22,0.0
TSP-668,2026-06-29,0.0
TSP-668,2026-07-06,0.0
TSP-668,2026-07-13,0.0
TSP-668,2026-07-20,0.0
TSP-668,2026-07-27,0.0
TSP-668,2026-08-03,0.0
TSP-668,2026-08-10,0.0
TSP-668,2026-08-17,0.0
TSP-668,2026-08-24,0.0
TSP-668,2026-08-31,0.0
TSP-668,2026-09-07,0.0
TSP-668,2026-09-14,0.0
TSP-668,2026-09-21,0.0
TSP-668,2026-09-28,0.0
TSP-668,2026-10-05,0.0
TSP-668,2026-10-12,0.0
TSP-668,2026-10-19,0.0
TSP-668,2026-10-26,0.0
TSP-668,2026-11-02,0.0
TSP-668,2026-11-09,0.0
TSP-668,2026-11-16,0.0
TSP-668,2026-11-23,0.0
TSP-668,2026-11-30,0.0
TSP-668,2026-12-07,0.0
TSP-668,2026-12-14,0.0
TSP-668,2026-12-21,0.0
TSP-668,2026-12-28,0.0
TSP-668,2027-01-04,0.0
TSP-668,2027-01-11,0.0
TSP-668,2027-01-18,0.0
TSP-668,2027-01-25,0.0
TSP-668,2027-02-01,0.0
TSP-668,2027-02-08,0.0
TSP-668,2027-02-15,0.0
TSP-668,2027-02-22,0.0
TSP-668,2027-03-01,0.0
TSP-668,2027-03-08,0.0
TSP-668,2027-03-15,0.0
TSP-668,2027-03-22,0.0
TSP-668,2027-03-29,0.0
TSP-668,2027-04-05,0.0
TSP-668,2027-04-12,0.0
TSP-668,2027-04-19,0.0
TSP-668,2027-04-26,0.0
TSP-668,2027-05-03,0.0
TSP-668,2027-05-10,0.0
TSP-668,2027-05-17,0.0
TSP-668,2027-05-24,0.0
TSP-668,2027-05-31,0.0
TSP-668,2027-06-07,0.0
TSP-668,2027-06-14,0.0
TSP-668,2027-06-21,0.0
TSP-668,2027-06-28,0.0
TSP-668,2027-07-05,0.0
TSP-668,2027-07-12,0.0
TSP-668,2027-07-19,0.0
TSP-668,2027-07-26,0.0
TSP-668,2027-08-02,0.0
TSP-668,2027-08-09,0.0
TSP-668,2027-08-16,0.0
TSP-668,2027-08-23,0.0
TSP-668,2027-08-30,0.0
TSP-668,2027-09-06,0.0
TSP-668,2027-09-13,0.0
TSP-668,2027-09-20,0.0
TSP-668,2027-09-27,0.0
TSP-668,2027-10-04,0.0
TSP-668,2027-10-11,0.0
TSP-668,2027-10-18,0.0
TSP-668,2027-10-25,0.0
TSP-668,2027-11-01,0.0
TSP-668,2027-11-08,0.0
TSP-668,2027-11-15,0.0
TSP-668,2027-11-22,0.0
TSP-668,2027-11-29,0.0
TSP-668,2027-12-06,0.0
TSP-668,2027-12-13,0.0
TSP-668,2027-12-20,0.0
TSP-669,2025-12-29,0.0
TSP-669,2026-01-05,0.0
TSP-669,2026-01-12,0.0
TSP-669,2026-01-19,0.0
TSP-669,2026-01-26,0.0
TSP-669,2026-02-02,0.0
TSP-669,2026-02-09,0.0
TSP-669,2026-02-16,0.0
TSP-669,2026-02-23,0.0
TSP-669,2026-03-02,0.0
TSP-669,2026-03-09,0.0
TSP-669,2026-03-16,0.0
TSP-669,2026-03-23,0.0
TSP-669,2026-03-30,0.0
TSP-669,2026-04-06,0.0
TSP-669,2026-04-13,0.0
TSP-669,2026-04-20,0.0
TSP-669,2026-04-27,0.0
TSP-669,2026-05-04,0.0
TSP-669,2026-05-11,0.0
TSP-669,2026-05-18,0.0
TSP-669,2026-05-25,0.0
TSP-669,2026-06-01,0.0
TSP-669,2026-06-08,0.0
TSP-669,2026-06-15,0.0
TSP-669,2026-06-22,0.0
TSP-669,2026-06-29,0.0
TSP-669,2026-07-06,0.0
TSP-669,2026-07-13,0.0
TSP-669,2026-07-20,0.0
TSP-669,2026-07-27,0.0
TSP-669,2026-08-03,0.0
TSP-669,2026-08-10,0.0
TSP-669,2026-08-17,0.0
TSP-669,2026-08-24,0.0
TSP-669,2026-08-31,0.0
TSP-669,2026-09-07,0.0
TSP-669,2026-09-14,0.0
TSP-669,2026-09-21,0.0
TSP-669,2026-09-28,0.0
TSP-669,2026-10-05,0.0
TSP-669,2026-10-12,0.0
TSP-669,2026-10-19,0.0
TSP-669,2026-10-26,0.0
TSP-669,2026-11-02,0.0
TSP-669,2026-11-09,0.0
TSP-669,2026-11-16,0.0
TSP-669,2026-11-23,0.0
TSP-669,2026-11-30,0.0
TSP-669,2026-12-07,0.0
TSP-669,2026-12-14,0.0
TSP-669,2026-12-21,0.0
TSP-669,2026-12-28,0.0
TSP-669,2027-01-04,0.0
TSP-669,2027-01-11,0.0
TSP-669,2027-01-18,0.0
TSP-669,2027-01-25,0.0
TSP-669,2027-02-01,0.0
TSP-669,2027-02-08,0.0
TSP-669,2027-02-15,0.0
TSP-669,2027-02-22,0.0
TSP-669,2027-03-01,0.0
TSP-669,2027-03-08,0.0
TSP-669,2027-03-15,0.0
TSP-669,2027-03-22,0.0
TSP-669,2027-03-29,0.0
TSP-669,2027-04-05,0.0
TSP-669,2027-04-12,0.0
TSP-669,2027-04-19,0.0
TSP-669,2027-04-26,0.0
TSP-669,2027-05-03,0.0
TSP-669,2027-05-10,0.0
TSP-669,2027-05-17,0.0
TSP-669,2027-05-24,0.0
TSP-669,2027-05-31,0.0
TSP-669,2027-06-07,0.0
TSP-669,2027-06-14,0.0
TSP-669,2027-06-21,0.0
TSP-669,2027-06-28,0.0
TSP-669,2027-07-05,0.0
TSP-669,2027-07-12,0.0
TSP-669,2027-07-19,0.0
TSP-669,2027-07-26,0.0
TSP-669,2027-08-02,0.0
TSP-669,2027-08-09,0.0
TSP-669,2027-08-16,0.0
TSP-669,2027-08-23,0.0
TSP-669,2027-08-30,0.0
TSP-669,2027-09-06,0.0
TSP-669,2027-09-13,0.0
TSP-669,2027-09-20,0.0
TSP-669,2027-09-27,0.0
TSP-669,2027-10-04,0.0
TSP-669,2027-10-11,0.0
TSP-669,2027-10-18,0.0
TSP-669,2027-10-25,0.0
TSP-669,2027-11-01,0.0
TSP-669,2027-11-08,0.0
TSP-669,2027-11-15,0.0
TSP-669,2027-11-22,0.0
TSP-669,2027-11-29,0.0
TSP-669,2027-12-06,0.0
TSP-669,2027-12-13,0.0
TSP-669,2027-12-20,0.0
TSP-670,2025-12-29,0.0
TSP-670,2026-01-05,0.0
TSP-670,2026-01-12,0.0
TSP-670,2026-01-19,0.0
TSP-670,2026-01-26,0.0
TSP-670,2026-02-02,0.0
TSP-670,2026-02-09,0.0
TSP-670,2026-02-16,0.0
TSP-670,2026-02-23,0.0
TSP-670,2026-03-02,0.0
TSP-670,2026-03-09,0.0
TSP-670,2026-03-16,0.0
TSP-670,2026-03-23,0.0
TSP-670,2026-03-30,0.0
TSP-670,2026-04-06,0.0
TSP-670,2026-04-13,0.0
TSP-670,2026-04-20,0.0
TSP-670,2026-04-27,0.0
TSP-670,2026-05-04,0.0
TSP-670,2026-05-11,0.0
TSP-670,2026-05-18,0.0
TSP-670,2026-05-25,0.0
TSP-670,2026-06-01,0.0
TSP-670,2026-06-08,0.0
TSP-670,2026-06-15,0.0
TSP-670,2026-06-22,0.0
TSP-670,2026-06-29,0.0
TSP-670,2026-07-06,0.0
TSP-670,2026-07-13,0.0
TSP-670,2026-07-20,0.0
TSP-670,2026-07-27,0.0
TSP-670,2026-08-03,0.0
TSP-670,2026-08-10,0.0
TSP-670,2026-08-17,0.0
TSP-670,2026-08-24,0.0
TSP-670,2026-08-31,0.0
TSP-670,2026-09-07,0.0
TSP-670,2026-09-14,0.0
TSP-670,2026-09-21,0.0
TSP-670,2026-09-28,0.0
TSP-670,2026-10-05,0.0
TSP-670,2026-10-12,0.0
TSP-670,2026-10-19,0.0
TSP-670,2026-10-26,0.0
TSP-670,2026-11-02,0.0
TSP-670,2026-11-09,0.0
TSP-670,2026-11-16,0.0
TSP-670,2026-11-23,0.0
TSP-670,2026-11-30,0.0
TSP-670,2026-12-07,0.0
TSP-670,2026-12-14,0.0
TSP-670,2026-12-21,0.0
TSP-670,2026-12-28,0.0
TSP-670,2027-01-04,0.0
TSP-670,2027-01-11,0.0
TSP-670,2027-01-18,0.0
TSP-670,2027-01-25,0.0
TSP-670,2027-02-01,0.0
TSP-670,2027-02-08,0.0
TSP-670,2027-02-15,0.0
TSP-670,2027-02-22,0.0
TSP-670,2027-03-01,0.0
TSP-670,2027-03-08,0.0
TSP-670,2027-03-15,0.0
TSP-670,2027-03-22,0.0
TSP-670,2027-03-29,0.0
TSP-670,2027-04-05,0.0
TSP-670,2027-04-12,0.0
TSP-670,2027-04-19,0.0
TSP-670,2027-04-26,0.0
TSP-670,2027-05-03,0.0
TSP-670,2027-05-10,0.0
TSP-670,2027-05-17,0.0
TSP-670,2027-05-24,0.0
TSP-670,2027-05-31,0.0
TSP-670,2027-06-07,0.0
TSP-670,2027-06-14,0.0
TSP-670,2027-06-21,0.0
TSP-670,2027-06-28,0.0
TSP-670,2027-07-05,0.0
TSP-670,2027-07-12,0.0
TSP-670,2027-07-19,0.0
TSP-670,2027-07-26,0.0
TSP-670,2027-08-02,0.0
TSP-670,2027-08-09,0.0
TSP-670,2027-08-16,0.0
TSP-670,2027-08-23,0.0
TSP-670,2027-08-30,0.0
TSP-670,2027-09-06,0.0
TSP-670,2027-09-13,0.0
TSP-670,2027-09-20,0.0
TSP-670,2027-09-27,0.0
TSP-670,2027-10-04,0.0
TSP-670,2027-10-11,0.0
TSP-670,2027-10-18,0.0
TSP-670,2027-10-25,0.0
TSP-670,2027-11-01,0.0
TSP-670,2027-11-08,0.0
TSP-670,2027-11-15,0.0
TSP-670,2027-11-22,0.0
TSP-670,2027-11-29,0.0
TSP-670,2027-12-06,0.0
TSP-670,2027-12-13,0.0
TSP-670,2027-12-20,0.0
TSP-710,2025-12-29,0.0
TSP-710,2026-01-05,0.0
TSP-710,2026-01-12,0.0
TSP-710,2026-01-19,0.0
TSP-710,2026-01-26,0.0
TSP-710,2026-02-02,0.0
TSP-710,2026-02-09,0.0
TSP-710,2026-02-16,0.0
TSP-710,2026-02-23,0.0
TSP-710,2026-03-02,0.0
TSP-710,2026-03-09,0.0
TSP-710,2026-03-16,0.0
TSP-710,2026-03-23,0.0
TSP-710,2026-03-30,0.0
TSP-710,2026-04-06,0.0
TSP-710,2026-04-13,0.0
TSP-710,2026-04-20,0.0
TSP-710,2026-04-27,0.0
TSP-710,2026-05-04,0.0
TSP-710,2026-05-11,0.0
TSP-710,2026-05-18,0.0
TSP-710,2026-05-25,0.0
TSP-710,2026-06-01,0.0
TSP-710,2026-06-08,0.0
TSP-710,2026-06-15,0.0
TSP-710,2026-06-22,0.0
TSP-710,2026-06-29,0.0
TSP-710,2026-07-06,0.0
TSP-710,2026-07-13,0.0
TSP-710,2026-07-20,0.0
TSP-710,2026-07-27,0.0
TSP-710,2026-08-03,0.0
TSP-710,2026-08-10,0.0
TSP-710,2026-08-17,0.0
TSP-710,2026-08-24,0.0
TSP-710,2026-08-31,0.0
TSP-710,2026-09-07,0.0
TSP-710,2026-09-14,0.0
TSP-710,2026-09-21,0.0
TSP-710,2026-09-28,0.0
TSP-710,2026-10-05,0.0
TSP-710,2026-10-12,0.0
TSP-710,2026-10-19,0.0
TSP-710,2026-10-26,0.0
TSP-710,2026-11-02,0.0
TSP-710,2026-11-09,0.0
TSP-710,2026-11-16,0.0
TSP-710,2026-11-23,0.0
TSP-710,2026-11-30,0.0
TSP-710,2026-12-07,0.0
TSP-710,2026-12-14,0.0
TSP-710,2026-12-21,0.0
TSP-710,2026-12-28,0.0
TSP-710,2027-01-04,0.0
TSP-710,2027-01-11,0.0
TSP-710,2027-01-18,0.0
TSP-710,2027-01-25,0.0
TSP-710,2027-02-01,0.0
TSP-710,2027-02-08,0.0
TSP-710,2027-02-15,0.0
TSP-710,2027-02-22,0.0
TSP-710,2027-03-01,0.0
TSP-710,2027-03-08,0.0
TSP-710,2027-03-15,0.0
TSP-710,2027-03-22,0.0
TSP-710,2027-03-29,0.0
TSP-710,2027-04-05,0.0
TSP-710,2027-04-12,0.0
TSP-710,2027-04-19,0.0
TSP-710,2027-04-26,0.0
TSP-710,2027-05-03,0.0
TSP-710,2027-05-10,0.0
TSP-710,2027-05-17,0.0
TSP-710,2027-05-24,0.0
TSP-710,2027-05-31,0.0
TSP-710,2027-06-07,0.0
TSP-710,2027-06-14,0.0
TSP-710,2027-06-21,0.0
TSP-710,2027-06-28,0.0
TSP-710,2027-07-05,0.0
TSP-710,2027-07-12,0.0
TSP-710,2027-07-19,0.0
TSP-710,2027-07-26,0.0
TSP-710,2027-08-02,0.0
TSP-710,2027-08-09,0.0
TSP-710,2027-08-16,0.0
TSP-710,2027-08-23,0.0
TSP-710,2027-08-30,0.0
TSP-710,2027-09-06,0.0
TSP-710,2027-09-13,0.0
TSP-710,2027-09-20,0.0
TSP-710,2027-09-27,0.0
TSP-710,2027-10-04,0.0
TSP-710,2027-10-11,0.0
TSP-710,2027-10-18,0.0
TSP-710,2027-10-25,0.0
TSP-710,2027-11-01,0.0
TSP-710,2027-11-08,0.0
TSP-710,2027-11-15,0.0
TSP-710,2027-11-22,0.0
TSP-710,2027-11-29,0.0
TSP-710,2027-12-06,0.0
TSP-710,2027-12-13,0.0
TSP-710,2027-12-20,0.0
TSP-828,2025-12-29,0.0
TSP-828,2026-01-05,0.0
TSP-828,2026-01-12,0.0
TSP-828,2026-01-19,0.0
TSP-828,2026-01-26,0.0
TSP-828,2026-02-02,0.0
TSP-828,2026-02-09,0.0
TSP-828,2026-02-16,0.0
TSP-828,2026-02-23,0.0
TSP-828,2026-03-02,0.0
TSP-828,2026-03-09,0.0
TSP-828,2026-03-16,0.0
TSP-828,2026-03-23,0.0
TSP-828,2026-03-30,0.0
TSP-828,2026-04-06,0.0
TSP-828,2026-04-13,0.0
TSP-828,2026-04-20,0.0
TSP-828,2026-04-27,0.0
TSP-828,2026-05-04,0.0
TSP-828,2026-05-11,0.0
TSP-828,2026-05-18,0.0
TSP-828,2026-05-25,0.0
TSP-828,2026-06-01,0.0
TSP-828,2026-06-08,0.0
TSP-828,2026-06-15,0.0
TSP-828,2026-06-22,0.0
TSP-828,2026-06-29,0.0
TSP-828,2026-07-06,0.0
TSP-828,2026-07-13,0.0
TSP-828,2026-07-20,0.0
TSP-828,2026-07-27,0.0
TSP-828,2026-08-03,0.0
TSP-828,2026-08-10,0.0
TSP-828,2026-08-17,0.0
TSP-828,2026-08-24,0.0
TSP-828,2026-08-31,0.0
TSP-828,2026-09-07,0.0
TSP-828,2026-09-14,0.0
TSP-828,2026-09-21,0.0
TSP-828,2026-09-28,0.0
TSP-828,2026-10-05,0.0
TSP-828,2026-10-12,0.0
TSP-828,2026-10-19,0.0
TSP-828,2026-10-26,0.0
TSP-828,2026-11-02,0.0
TSP-828,2026-11-09,0.0
TSP-828,2026-11-16,0.0
TSP-828,2026-11-23,0.0
TSP-828,2026-11-30,0.0
TSP-828,2026-12-07,0.0
TSP-828,2026-12-14,0.0
TSP-828,2026-12-21,0.0
TSP-828,2026-12-28,0.0
TSP-828,2027-01-04,0.0
TSP-828,2027-01-11,0.0
TSP-828,2027-01-18,0.0
TSP-828,2027-01-25,0.0
TSP-828,2027-02-01,0.0
TSP-828,2027-02-08,0.0
TSP-828,2027-02-15,0.0
TSP-828,2027-02-22,0.0
TSP-828,2027-03-01,0.0
TSP-828,2027-03-08,0.0
TSP-828,2027-03-15,0.0
TSP-828,2027-03-22,0.0
TSP-828,2027-03-29,0.0
TSP-828,2027-04-05,0.0
TSP-828,2027-04-12,0.0
TSP-828,2027-04-19,0.0
TSP-828,2027-04-26,0.0
TSP-828,2027-05-03,0.0
TSP-828,2027-05-10,0.0
TSP-828,2027-05-17,0.0
TSP-828,2027-05-24,0.0
TSP-828,2027-05-31,0.0
TSP-828,2027-06-07,0.0
TSP-828,2027-06-14,0.0
TSP-828,2027-06-21,0.0
TSP-828,2027-06-28,0.0
TSP-828,2027-07-05,0.0
TSP-828,2027-07-12,0.0
TSP-828,2027-07-19,0.0
TSP-828,2027-07-26,0.0
TSP-828,2027-08-02,0.0
TSP-828,2027-08-09,0.0
TSP-828,2027-08-16,0.0
TSP-828,2027-08-23,0.0
TSP-828,2027-08-30,0.0
TSP-828,2027-09-06,0.0
TSP-828,2027-09-13,0.0
TSP-828,2027-09-20,0.0
TSP-828,2027-09-27,0.0
TSP-828,2027-10-04,0.0
TSP-828,2027-10-11,0.0
TSP-828,2027-10-18,0.0
TSP-828,2027-10-25,0.0
TSP-828,2027-11-01,0.0
TSP-828,2027-11-08,0.0
TSP-828,2027-11-15,0.0
TSP-828,2027-11-22,0.0
TSP-828,2027-11-29,0.0
TSP-828,2027-12-06,0.0
TSP-828,2027-12-13,0.0
TSP-828,2027-12-20,0.0
TSP-903,2025-12-29,0.0
TSP-903,2026-01-05,0.0
TSP-903,2026-01-12,0.0
TSP-903,2026-01-19,0.0
TSP-903,2026-01-26,0.0
TSP-903,2026-02-02,0.0
TSP-903,2026-02-09,0.0
TSP-903,2026-02-16,0.0
TSP-903,2026-02-23,0.0
TSP-903,2026-03-02,0.0
TSP-903,2026-03-09,0.0
TSP-903,2026-03-16,0.0
TSP-903,2026-03-23,0.0
TSP-903,2026-03-30,0.0
TSP-903,2026-04-06,0.0
TSP-903,2026-04-13,0.0
TSP-903,2026-04-20,0.0
TSP-903,2026-04-27,0.0
TSP-903,2026-05-04,0.0
TSP-903,2026-05-11,0.0
TSP-903,2026-05-18,0.0
TSP-903,2026-05-25,0.0
TSP-903,2026-06-01,0.0
TSP-903,2026-06-08,0.0
TSP-903,2026-06-15,0.0
TSP-903,2026-06-22,0.0
TSP-903,2026-06-29,0.0
TSP-903,2026-07-06,0.0
TSP-903,2026-07-13,0.0
TSP-903,2026-07-20,0.0
TSP-903,2026-07-27,0.0
TSP-903,2026-08-03,0.0
TSP-903,2026-08-10,0.0
TSP-903,2026-08-17,0.0
TSP-903,2026-08-24,0.0
TSP-903,2026-08-31,0.0
TSP-903,2026-09-07,0.0
TSP-903,2026-09-14,0.0
TSP-903,2026-09-21,0.0
TSP-903,2026-09-28,0.0
TSP-903,2026-10-05,0.0
TSP-903,2026-10-12,0.0
TSP-903,2026-10-19,0.0
TSP-903,2026-10-26,0.0
TSP-903,2026-11-02,0.0
TSP-903,2026-11-09,0.0
TSP-903,2026-11-16,0.0
TSP-903,2026-11-23,0.0
TSP-903,2026-11-30,0.0
TSP-903,2026-12-07,0.0
TSP-903,2026-12-14,0.0
TSP-903,2026-12-21,0.0
TSP-903,2026-12-28,0.0
TSP-903,2027-01-04,0.0
TSP-903,2027-01-11,0.0
TSP-903,2027-01-18,0.0
TSP-903,2027-01-25,0.0
TSP-903,2027-02-01,0.0
TSP-903,2027-02-08,0.0
TSP-903,2027-02-15,0.0
TSP-903,2027-02-22,0.0
TSP-903,2027-03-01,0.0
TSP-903,2027-03-08,0.0
TSP-903,2027-03-15,0.0
TSP-903,2027-03-22,0.0
TSP-903,2027-03-29,0.0
TSP-903,2027-04-05,0.0
TSP-903,2027-04-12,0.0
TSP-903,2027-04-19,0.0
TSP-903,2027-04-26,0.0
TSP-903,2027-05-03,0.0
TSP-903,2027-05-10,0.0
TSP-903,2027-05-17,0.0
TSP-903,2027-05-24,0.0
TSP-903,2027-05-31,0.0
TSP-903,2027-06-07,0.0
TSP-903,2027-06-14,0.0
TSP-903,2027-06-21,0.0
TSP-903,2027-06-28,0.0
TSP-903,2027-07-05,0.0
TSP-903,2027-07-12,0.0
TSP-903,2027-07-19,0.0
TSP-903,2027-07-26,0.0
TSP-903,2027-08-02,0.0
TSP-903,2027-08-09,0.0
TSP-903,2027-08-16,0.0
TSP-903,2027-08-23,0.0
TSP-903,2027-08-30,0.0
TSP-903,2027-09-06,0.0
TSP-903,2027-09-13,0.0
TSP-903,2027-09-20,0.0
TSP-903,2027-09-27,0.0
TSP-903,2027-10-04,0.0
TSP-903,2027-10-11,0.0
TSP-903,2027-10-18,0.0
TSP-903,2027-10-25,0.0
TSP-903,2027-11-01,0.0
TSP-903,2027-11-08,0.0
TSP-903,2027-11-15,0.0
TSP-903,2027-11-22,0.0
TSP-903,2027-11-29,0.0
TSP-903,2027-12-06,0.0
TSP-903,2027-12-13,0.0
TSP-903,2027-12-20,0.0
TSP-924,2025-12-29,0.0
TSP-924,2026-01-05,0.5132905723431526
TSP-924,2026-01-12,0.0
TSP-924,2026-01-19,0.0
TSP-924,2026-01-26,0.5132905723431526
TSP-924,2026-02-02,0.0
TSP-924,2026-02-09,0.0
TSP-924,2026-02-16,0.5132905723431526
TSP-924,2026-02-23,0.0
TSP-924,2026-03-02,0.5132905723431526
TSP-924,2026-03-09,0.0
TSP-924,2026-03-16,0.5132905723431526
TSP-924,2026-03-23,0.0
TSP-924,2026-03-30,0.0
TSP-924,2026-04-06,0.5132905723431526
TSP-924,2026-04-13,0.5132905723431526
TSP-924,2026-04-20,0.5132905723431526
TSP-924,2026-04-27,0.0
TSP-924,2026-05-04,0.0
TSP-924,2026-05-11,0.5132905723431526
TSP-924,2026-05-18,0.0
TSP-924,2026-05-25,0.5132905723431526
TSP-924,2026-06-01,0.0
TSP-924,2026-06-08,0.0
TSP-924,2026-06-15,0.0
TSP-924,2026-06-22,0.0
TSP-924,2026-06-29,0.0
TSP-924,2026-07-06,0.0
TSP-924,2026-07-13,0.0
TSP-924,2026-07-20,0.5132905723431526
TSP-924,2026-07-27,0.0
TSP-924,2026-08-03,0.0
TSP-924,2026-08-10,0.5132905723431526
TSP-924,2026-08-17,0.0
TSP-924,2026-08-24,0.0
TSP-924,2026-08-31,0.5132905723431526
TSP-924,2026-09-07,0.0
TSP-924,2026-09-14,0.5132905723431526
TSP-924,2026-09-21,0.0
TSP-924,2026-09-28,0.0
TSP-924,2026-10-05,0.5132905723431526
TSP-924,2026-10-12,0.0
TSP-924,2026-10-19,0.0
TSP-924,2026-10-26,0.0
TSP-924,2026-11-02,0.5132905723431526
TSP-924,2026-11-09,0.0
TSP-924,2026-11-16,0.0
TSP-924,2026-11-23,0.0
TSP-924,2026-11-30,0.5132905723431526
TSP-924,2026-12-07,0.0
TSP-924,2026-12-14,0.0
TSP-924,2026-12-21,0.0
TSP-924,2026-12-28,0.0
TSP-924,2027-01-04,0.0
TSP-924,2027-01-11,0.0
TSP-924,2027-01-18,0.205316228937261
TSP-924,2027-01-25,0.0
TSP-924,2027-02-01,0.0
TSP-924,2027-02-08,0.0
TSP-924,2027-02-15,0.0
TSP-924,2027-02-22,0.0
TSP-924,2027-03-01,0.0
TSP-924,2027-03-08,0.0
TSP-924,2027-03-15,0.0
TSP-924,2027-03-22,0.0
TSP-924,2027-03-29,0.0
TSP-924,2027-04-05,0.0
TSP-924,2027-04-12,0.0
TSP-924,2027-04-19,0.0
TSP-924,2027-04-26,0.0
TSP-924,2027-05-03,0.0
TSP-924,2027-05-10,0.0
TSP-924,2027-05-17,0.0
TSP-924,2027-05-24,0.0
TSP-924,2027-05-31,0.0
TSP-924,2027-06-07,0.0
TSP-924,2027-06-14,0.0
TSP-924,2027-06-21,0.0
TSP-924,2027-06-28,0.0
TSP-924,2027-07-05,0.0
TSP-924,2027-07-12,0.0
TSP-924,2027-07-19,0.0
TSP-924,2027-07-26,0.0
TSP-924,2027-08-02,0.0
TSP-924,2027-08-09,0.0
TSP-924,2027-08-16,0.0
TSP-924,2027-08-23,0.0
TSP-924,2027-08-30,0.0
TSP-924,2027-09-06,0.0
TSP-924,2027-09-13,0.0
TSP-924,2027-09-20,0.0
TSP-924,2027-09-27,0.0
TSP-924,2027-10-04,0.0
TSP-924,2027-10-11,0.0
TSP-924,2027-10-18,0.0
TSP-924,2027-10-25,0.0
TSP-924,2027-11-01,0.0
TSP-924,2027-11-08,0.0
TSP-924,2027-11-15,0.0
TSP-924,2027-11-22,0.0
TSP-924,2027-11-29,0.0
TSP-924,2027-12-06,0.0
TSP-924,2027-12-13,0.0
TSP-924,2027-12-20,0.0
TSP-925,2025-12-29,0.0
TSP-925,2026-01-05,0.38922077922077913
TSP-925,2026-01-12,0.0
TSP-925,2026-01-19,0.38922077922077913
TSP-925,2026-01-26,0.0
TSP-925,2026-02-02,0.38922077922077913
TSP-925,2026-02-09,0.0
TSP-925,2026-02-16,0.0
TSP-925,2026-02-23,0.0
TSP-925,2026-03-02,0.0
TSP-925,2026-03-09,0.38922077922077913
TSP-925,2026-03-16,0.38922077922077913
TSP-925,2026-03-23,0.0
TSP-925,2026-03-30,0.0
TSP-925,2026-04-06,0.0
TSP-925,2026-04-13,0.0
TSP-925,2026-04-20,0.38922077922077913
TSP-925,2026-04-27,0.0
TSP-925,2026-05-04,0.0
TSP-925,2026-05-11,0.0
TSP-925,2026-05-18,0.0
TSP-925,2026-05-25,0.0
TSP-925,2026-06-01,0.38922077922077913
TSP-925,2026-06-08,0.0
TSP-925,2026-06-15,0.0
TSP-925,2026-06-22,0.0
TSP-925,2026-06-29,0.0
TSP-925,2026-07-06,0.0
TSP-925,2026-07-13,0.38922077922077913
TSP-925,2026-07-20,0.0
TSP-925,2026-07-27,0.0
TSP-925,2026-08-03,0.0
TSP-925,2026-08-10,0.0
TSP-925,2026-08-17,0.0
TSP-925,2026-08-24,0.0
TSP-925,2026-08-31,0.0
TSP-925,2026-09-07,0.0
TSP-925,2026-09-14,0.38922077922077913
TSP-925,2026-09-21,0.0
TSP-925,2026-09-28,0.0
TSP-925,2026-10-05,0.0
TSP-925,2026-10-12,0.0
TSP-925,2026-10-19,0.0
TSP-925,2026-10-26,0.37840909090909086
TSP-925,2026-11-02,0.0
TSP-925,2026-11-09,0.0
TSP-925,2026-11-16,0.0
TSP-925,2026-11-23,0.0
TSP-925,2026-11-30,0.0
TSP-925,2026-12-07,0.0
TSP-925,2026-12-14,0.0
TSP-925,2026-12-21,0.0
TSP-925,2026-12-28,0.0
TSP-925,2027-01-04,0.0
TSP-925,2027-01-11,0.0
TSP-925,2027-01-18,0.0
TSP-925,2027-01-25,0.0
TSP-925,2027-02-01,0.0
TSP-925,2027-02-08,0.0
TSP-925,2027-02-15,0.0
TSP-925,2027-02-22,0.0
TSP-925,2027-03-01,0.0
TSP-925,2027-03-08,0.0
TSP-925,2027-03-15,0.0
TSP-925,2027-03-22,0.0
TSP-925,2027-03-29,0.0
TSP-925,2027-04-05,0.0
TSP-925,2027-04-12,0.0
TSP-925,2027-04-19,0.0
TSP-925,2027-04-26,0.0
TSP-925,2027-05-03,0.0
TSP-925,2027-05-10,0.0
TSP-925,2027-05-17,0.0
TSP-925,2027-05-24,0.0
TSP-925,2027-05-31,0.0
TSP-925,2027-06-07,0.0
TSP-925,2027-06-14,0.0
TSP-925,2027-06-21,0.0
TSP-925,2027-06-28,0.0
TSP-925,2027-07-05,0.0
TSP-925,2027-07-12,0.0
TSP-925,2027-07-19,0.0
TSP-925,2027-07-26,0.0
TSP-925,2027-08-02,0.0
TSP-925,2027-08-09,0.0
TSP-925,2027-08-16,0.0
TSP-925,2027-08-23,0.0
TSP-925,2027-08-30,0.0
TSP-925,2027-09-06,0.0
TSP-925,2027-09-13,0.0
TSP-925,2027-09-20,0.0
TSP-925,2027-09-27,0.0
TSP-925,2027-10-04,0.0
TSP-925,2027-10-11,0.0
TSP-925,2027-10-18,0.0
TSP-925,2027-10-25,0.0
TSP-925,2027-11-01,0.0
TSP-925,2027-11-08,0.0
TSP-925,2027-11-15,0.0
TSP-925,2027-11-22,0.0
TSP-925,2027-11-29,0.0
TSP-925,2027-12-06,0.0
TSP-925,2027-12-13,0.0
TSP-925,2027-12-20,0.0
TSP-927,2025-12-29,0.0
TSP-927,2026-01-05,0.0
TSP-927,2026-01-12,0.0
TSP-927,2026-01-19,0.0
TSP-927,2026-01-26,0.0
TSP-927,2026-02-02,0.0
TSP-927,2026-02-09,0.0
TSP-927,2026-02-16,0.0
TSP-927,2026-02-23,0.0
TSP-927,2026-03-02,0.0
TSP-927,2026-03-09,0.0
TSP-927,2026-03-16,0.0
TSP-927,2026-03-23,0.0
TSP-927,2026-03-30,0.0
TSP-927,2026-04-06,0.0
TSP-927,2026-04-13,0.0
TSP-927,2026-04-20,0.0
TSP-927,2026-04-27,0.0
TSP-927,2026-05-04,0.0
TSP-927,2026-05-11,0.0
TSP-927,2026-05-18,0.0
TSP-927,2026-05-25,0.0
TSP-927,2026-06-01,0.0
TSP-927,2026-06-08,0.0
TSP-927,2026-06-15,0.0
TSP-927,2026-06-22,0.0
TSP-927,2026-06-29,0.0
TSP-927,2026-07-06,0.0
TSP-927,2026-07-13,0.0
TSP-927,2026-07-20,0.0
TSP-927,2026-07-27,0.0
TSP-927,2026-08-03,0.0
TSP-927,2026-08-10,0.0
TSP-927,2026-08-17,0.0
TSP-927,2026-08-24,0.0
TSP-927,2026-08-31,0.0
TSP-927,2026-09-07,0.0
TSP-927,2026-09-14,0.0
TSP-927,2026-09-21,0.0
TSP-927,2026-09-28,0.0
TSP-927,2026-10-05,0.0
TSP-927,2026-10-12,0.0
TSP-927,2026-10-19,0.0
TSP-927,2026-10-26,0.0
TSP-927,2026-11-02,0.0
TSP-927,2026-11-09,0.0
TSP-927,2026-11-16,0.0
TSP-927,2026-11-23,0.0
TSP-927,2026-11-30,0.0
TSP-927,2026-12-07,0.0
TSP-927,2026-12-14,0.0
TSP-927,2026-12-21,0.0
TSP-927,2026-12-28,0.0
TSP-927,2027-01-04,0.0
TSP-927,2027-01-11,0.0
TSP-927,2027-01-18,0.0
TSP-927,2027-01-25,0.0
TSP-927,2027-02-01,0.0
TSP-927,2027-02-08,0.0
TSP-927,2027-02-15,0.0
TSP-927,2027-02-22,0.0
TSP-927,2027-03-01,0.0
TSP-927,2027-03-08,0.0
TSP-927,2027-03-15,0.0
TSP-927,2027-03-22,0.0
TSP-927,2027-03-29,0.0
TSP-927,2027-04-05,0.0
TSP-927,2027-04-12,0.0
TSP-927,2027-04-19,0.0
TSP-927,2027-04-26,0.0
TSP-927,2027-05-03,0.0
TSP-927,2027-05-10,0.0
TSP-927,2027-05-17,0.0
TSP-927,2027-05-24,0.0
TSP-927,2027-05-31,0.0
TSP-927,2027-06-07,0.0
TSP-927,2027-06-14,0.0
TSP-927,2027-06-21,0.0
TSP-927,2027-06-28,0.0
TSP-927,2027-07-05,0.0
TSP-927,2027-07-12,0.0
TSP-927,2027-07-19,0.0
TSP-927,2027-07-26,0.0
TSP-927,2027-08-02,0.0
TSP-927,2027-08-09,0.0
TSP-927,2027-08-16,0.0
TSP-927,2027-08-23,0.0
TSP-927,2027-08-30,0.0
TSP-927,2027-09-06,0.0
TSP-927,2027-09-13,0.0
TSP-927,2027-09-20,0.0
TSP-927,2027-09-27,0.0
TSP-927,2027-10-04,0.0
TSP-927,2027-10-11,0.0
TSP-927,2027-10-18,0.0
TSP-927,2027-10-25,0.0
TSP-927,2027-11-01,0.0
TSP-927,2027-11-08,0.0
TSP-927,2027-11-15,0.0
TSP-927,2027-11-22,0.0
TSP-927,2027-11-29,0.0
TSP-927,2027-12-06,0.0
TSP-927,2027-12-13,0.0
TSP-927,2027-12-20,0.0
TSP-928,2025-12-29,0.0
TSP-928,2026-01-05,1.5958422005783928
TSP-928,2026-01-12,0.0
TSP-928,2026-01-19,0.0
TSP-928,2026-01-26,1.5958422005783928
TSP-928,2026-02-02,0.0
TSP-928,2026-02-09,0.0
TSP-928,2026-02-16,1.5958422005783928
TSP-928,2026-02-23,0.0
TSP-928,2026-03-02,1.5958422005783928
TSP-928,2026-03-09,0.0
TSP-928,2026-03-16,1.5958422005783928
TSP-928,2026-03-23,0.0
TSP-928,2026-03-30,0.0
TSP-928,2026-04-06,1.5958422005783928
TSP-928,2026-04-13,1.5958422005783928
TSP-928,2026-04-20,1.5958422005783928
TSP-928,2026-04-27,0.0
TSP-928,2026-05-04,0.0
TSP-928,2026-05-11,1.5958422005783928
TSP-928,2026-05-18,0.0
TSP-928,2026-05-25,1.5958422005783928
TSP-928,2026-06-01,0.0
TSP-928,2026-06-08,0.0
TSP-928,2026-06-15,0.0
TSP-928,2026-06-22,0.0
TSP-928,2026-06-29,0.0
TSP-928,2026-07-06,0.0
TSP-928,2026-07-13,0.0
TSP-928,2026-07-20,1.5958422005783928
TSP-928,2026-07-27,0.0
TSP-928,2026-08-03,0.0
TSP-928,2026-08-10,1.5958422005783928
TSP-928,2026-08-17,0.0
TSP-928,2026-08-24,0.0
TSP-928,2026-08-31,1.5958422005783928
TSP-928,2026-09-07,0.0
TSP-928,2026-09-14,1.5958422005783928
TSP-928,2026-09-21,0.0
TSP-928,2026-09-28,0.0
TSP-928,2026-10-05,1.5958422005783928
TSP-928,2026-10-12,0.0
TSP-928,2026-10-19,0.0
TSP-928,2026-10-26,0.0
TSP-928,2026-11-02,1.5958422005783928
TSP-928,2026-11-09,0.0
TSP-928,2026-11-16,0.0
TSP-928,2026-11-23,0.0
TSP-928,2026-11-30,1.5958422005783928
TSP-928,2026-12-07,0.0
TSP-928,2026-12-14,0.0
TSP-928,2026-12-21,0.0
TSP-928,2026-12-28,0.0
TSP-928,2027-01-04,0.0
TSP-928,2027-01-11,0.0
TSP-928,2027-01-18,0.6383368802313572
TSP-928,2027-01-25,0.0
TSP-928,2027-02-01,0.0
TSP-928,2027-02-08,0.0
TSP-928,2027-02-15,0.0
TSP-928,2027-02-22,0.0
TSP-928,2027-03-01,0.0
TSP-928,2027-03-08,0.0
TSP-928,2027-03-15,0.0
TSP-928,2027-03-22,0.0
TSP-928,2027-03-29,0.0
TSP-928,2027-04-05,0.0
TSP-928,2027-04-12,0.0
TSP-928,2027-04-19,0.0
TSP-928,2027-04-26,0.0
TSP-928,2027-05-03,0.0
TSP-928,2027-05-10,0.0
TSP-928,2027-05-17,0.0
TSP-928,2027-05-24,0.0
TSP-928,2027-05-31,0.0
TSP-928,2027-06-07,0.0
TSP-928,2027-06-14,0.0
TSP-928,2027-06-21,0.0
TSP-928,2027-06-28,0.0
TSP-928,2027-07-05,0.0
TSP-928,2027-07-12,0.0
TSP-928,2027-07-19,0.0
TSP-928,2027-07-26,0.0
TSP-928,2027-08-02,0.0
TSP-928,2027-08-09,0.0
TSP-928,2027-08-16,0.0
TSP-928,2027-08-23,0.0
TSP-928,2027-08-30,0.0
TSP-928,2027-09-06,0.0
TSP-928,2027-09-13,0.0
TSP-928,2027-09-20,0.0
TSP-928,2027-09-27,0.0
TSP-928,2027-10-04,0.0
TSP-928,2027-10-11,0.0
TSP-928,2027-10-18,0.0
TSP-928,2027-10-25,0.0
TSP-928,2027-11-01,0.0
TSP-928,2027-11-08,0.0
TSP-928,2027-11-15,0.0
TSP-928,2027-11-22,0.0
TSP-928,2027-11-29,0.0
TSP-928,2027-12-06,0.0
TSP-928,2027-12-13,0.0
TSP-928,2027-12-20,0.0
TSP-929,2025-12-29,0.0
TSP-929,2026-01-05,0.0
TSP-929,2026-01-12,0.0
TSP-929,2026-01-19,0.0
TSP-929,2026-01-26,0.0
TSP-929,2026-02-02,0.0
TSP-929,2026-02-09,0.0
TSP-929,2026-02-16,0.0
TSP-929,2026-02-23,0.0
TSP-929,2026-03-02,0.0
TSP-929,2026-03-09,0.0
TSP-929,2026-03-16,0.0
TSP-929,2026-03-23,0.0
TSP-929,2026-03-30,0.0
TSP-929,2026-04-06,0.0
TSP-929,2026-04-13,0.0
TSP-929,2026-04-20,0.0
TSP-929,2026-04-27,0.0
TSP-929,2026-05-04,0.0
TSP-929,2026-05-11,0.0
TSP-929,2026-05-18,0.0
TSP-929,2026-05-25,0.0
TSP-929,2026-06-01,0.0
TSP-929,2026-06-08,0.0
TSP-929,2026-06-15,0.0
TSP-929,2026-06-22,0.0
TSP-929,2026-06-29,0.0
TSP-929,2026-07-06,0.0
TSP-929,2026-07-13,0.0
TSP-929,2026-07-20,0.0
TSP-929,2026-07-27,0.0
TSP-929,2026-08-03,0.0
TSP-929,2026-08-10,0.0
TSP-929,2026-08-17,0.0
TSP-929,2026-08-24,0.0
TSP-929,2026-08-31,0.0
TSP-929,2026-09-07,0.0
TSP-929,2026-09-14,0.0
TSP-929,2026-09-21,0.0
TSP-929,2026-09-28,0.0
TSP-929,2026-10-05,0.0
TSP-929,2026-10-12,0.0
TSP-929,2026-10-19,0.0
TSP-929,2026-10-26,0.0
TSP-929,2026-11-02,0.0
TSP-929,2026-11-09,0.0
TSP-929,2026-11-16,0.0
TSP-929,2026-11-23,0.0
TSP-929,2026-11-30,0.0
TSP-929,2026-12-07,0.0
TSP-929,2026-12-14,0.0
TSP-929,2026-12-21,0.0
TSP-929,2026-12-28,0.0
TSP-929,2027-01-04,0.0
TSP-929,2027-01-11,0.0
TSP-929,2027-01-18,0.0
TSP-929,2027-01-25,0.0
TSP-929,2027-02-01,0.0
TSP-929,2027-02-08,0.0
TSP-929,2027-02-15,0.0
TSP-929,2027-02-22,0.0
TSP-929,2027-03-01,0.0
TSP-929,2027-03-08,0.0
TSP-929,2027-03-15,0.0
TSP-929,2027-03-22,0.0
TSP-929,2027-03-29,0.0
TSP-929,2027-04-05,0.0
TSP-929,2027-04-12,0.0
TSP-929,2027-04-19,0.0
TSP-929,2027-04-26,0.0
TSP-929,2027-05-03,0.0
TSP-929,2027-05-10,0.0
TSP-929,2027-05-17,0.0
TSP-929,2027-05-24,0.0
TSP-929,2027-05-31,0.0
TSP-929,2027-06-07,0.0
TSP-929,2027-06-14,0.0
TSP-929,2027-06-21,0.0
TSP-929,2027-06-28,0.0
TSP-929,2027-07-05,0.0
TSP-929,2027-07-12,0.0
TSP-929,2027-07-19,0.0
TSP-929,2027-07-26,0.0
TSP-929,2027-08-02,0.0
TSP-929,2027-08-09,0.0
TSP-929,2027-08-16,0.0
TSP-929,2027-08-23,0.0
TSP-929,2027-08-30,0.0
TSP-929,2027-09-06,0.0
TSP-929,2027-09-13,0.0
TSP-929,2027-09-20,0.0
TSP-929,2027-09-27,0.0
TSP-929,2027-10-04,0.0
TSP-929,2027-10-11,0.0
TSP-929,2027-10-18,0.0
TSP-929,2027-10-25,0.0
TSP-929,2027-11-01,0.0
TSP-929,2027-11-08,0.0
TSP-929,2027-11-15,0.0
TSP-929,2027-11-22,0.0
TSP-929,2027-11-29,0.0
TSP-929,2027-12-06,0.0
TSP-929,2027-12-13,0.0
TSP-929,2027-12-20,0.0
TSP-930,2025-12-29,0.0
TSP-930,2026-01-05,1.2000306674503902
TSP-930,2026-01-12,0.0
TSP-930,2026-01-19,1.2000306674503902
TSP-930,2026-01-26,0.0
TSP-930,2026-02-02,1.2000306674503902
TSP-930,2026-02-09,0.0
TSP-930,2026-02-16,0.0
TSP-930,2026-02-23,0.0
TSP-930,2026-03-02,0.0
TSP-930,2026-03-09,1.2000306674503902
TSP-930,2026-03-16,1.2000306674503902
TSP-930,2026-03-23,0.0
TSP-930,2026-03-30,0.0
TSP-930,2026-04-06,0.0
TSP-930,2026-04-13,0.0
TSP-930,2026-04-20,1.2000306674503902
TSP-930,2026-04-27,0.0
TSP-930,2026-05-04,0.0
TSP-930,2026-05-11,0.0
TSP-930,2026-05-18,0.0
TSP-930,2026-05-25,0.0
TSP-930,2026-06-01,1.2000306674503902
TSP-930,2026-06-08,0.0
TSP-930,2026-06-15,0.0
TSP-930,2026-06-22,0.0
TSP-930,2026-06-29,0.0
TSP-930,2026-07-06,0.0
TSP-930,2026-07-13,1.2000306674503902
TSP-930,2026-07-20,0.0
TSP-930,2026-07-27,0.0
TSP-930,2026-08-03,0.0
TSP-930,2026-08-10,0.0
TSP-930,2026-08-17,0.0
TSP-930,2026-08-24,0.0
TSP-930,2026-08-31,0.0
TSP-930,2026-09-07,0.0
TSP-930,2026-09-14,1.2000306674503902
TSP-930,2026-09-21,0.0
TSP-930,2026-09-28,0.0
TSP-930,2026-10-05,0.0
TSP-930,2026-10-12,0.0
TSP-930,2026-10-19,0.0
TSP-930,2026-10-26,1.166696482243435
TSP-930,2026-11-02,0.0
TSP-930,2026-11-09,0.0
TSP-930,2026-11-16,0.0
TSP-930,2026-11-23,0.0
TSP-930,2026-11-30,0.0
TSP-930,2026-12-07,0.0
TSP-930,2026-12-14,0.0
TSP-930,2026-12-21,0.0
TSP-930,2026-12-28,0.0
TSP-930,2027-01-04,0.0
TSP-930,2027-01-11,0.0
TSP-930,2027-01-18,0.0
TSP-930,2027-01-25,0.0
TSP-930,2027-02-01,0.0
TSP-930,2027-02-08,0.0
TSP-930,2027-02-15,0.0
TSP-930,2027-02-22,0.0
TSP-930,2027-03-01,0.0
TSP-930,2027-03-08,0.0
TSP-930,2027-03-15,0.0
TSP-930,2027-03-22,0.0
TSP-930,2027-03-29,0.0
TSP-930,2027-04-05,0.0
TSP-930,2027-04-12,0.0
TSP-930,2027-04-19,0.0
TSP-930,2027-04-26,0.0
TSP-930,2027-05-03,0.0
TSP-930,2027-05-10,0.0
TSP-930,2027-05-17,0.0
TSP-930,2027-05-24,0.0
TSP-930,2027-05-31,0.0
TSP-930,2027-06-07,0.0
TSP-930,2027-06-14,0.0
TSP-930,2027-06-21,0.0
TSP-930,2027-06-28,0.0
TSP-930,2027-07-05,0.0
TSP-930,2027-07-12,0.0
TSP-930,2027-07-19,0.0
TSP-930,2027-07-26,0.0
TSP-930,2027-08-02,0.0
TSP-930,2027-08-09,0.0
TSP-930,2027-08-16,0.0
TSP-930,2027-08-23,0.0
TSP-930,2027-08-30,0.0
TSP-930,2027-09-06,0.0
TSP-930,2027-09-13,0.0
TSP-930,2027-09-20,0.0
TSP-930,2027-09-27,0.0
TSP-930,2027-10-04,0.0
TSP-930,2027-10-11,0.0
TSP-930,2027-10-18,0.0
TSP-930,2027-10-25,0.0
TSP-930,2027-11-01,0.0
TSP-930,2027-11-08,0.0
TSP-930,2027-11-15,0.0
TSP-930,2027-11-22,0.0
TSP-930,2027-11-29,0.0
TSP-930,2027-12-06,0.0
TSP-930,2027-12-13,0.0
TSP-930,2027-12-20,0.0
TSP-934,2025-12-29,0.0
TSP-934,2026-01-05,0.0
TSP-934,2026-01-12,0.0
TSP-934,2026-01-19,0.0
TSP-934,2026-01-26,0.0
TSP-934,2026-02-02,0.0
TSP-934,2026-02-09,0.0
TSP-934,2026-02-16,0.0
TSP-934,2026-02-23,0.0
TSP-934,2026-03-02,0.0
TSP-934,2026-03-09,0.0
TSP-934,2026-03-16,0.0
TSP-934,2026-03-23,0.0
TSP-934,2026-03-30,0.0
TSP-934,2026-04-06,0.0
TSP-934,2026-04-13,0.0
TSP-934,2026-04-20,0.0
TSP-934,2026-04-27,0.0
TSP-934,2026-05-04,0.0
TSP-934,2026-05-11,0.0
TSP-934,2026-05-18,0.0
TSP-934,2026-05-25,0.0
TSP-934,2026-06-01,0.0
TSP-934,2026-06-08,0.0
TSP-934,2026-06-15,0.0
TSP-934,2026-06-22,0.0
TSP-934,2026-06-29,0.0
TSP-934,2026-07-06,0.0
TSP-934,2026-07-13,0.0
TSP-934,2026-07-20,0.0
TSP-934,2026-07-27,0.0
TSP-934,2026-08-03,0.0
TSP-934,2026-08-10,0.0
TSP-934,2026-08-17,0.0
TSP-934,2026-08-24,0.0
TSP-934,2026-08-31,0.0
TSP-934,2026-09-07,0.0
TSP-934,2026-09-14,0.0
TSP-934,2026-09-21,0.0
TSP-934,2026-09-28,0.0
TSP-934,2026-10-05,0.0
TSP-934,2026-10-12,0.0
TSP-934,2026-10-19,0.0
TSP-934,2026-10-26,0.0
TSP-934,2026-11-02,0.0
TSP-934,2026-11-09,0.0
TSP-934,2026-11-16,0.0
TSP-934,2026-11-23,0.0
TSP-934,2026-11-30,0.0
TSP-934,2026-12-07,0.0
TSP-934,2026-12-14,0.0
TSP-934,2026-12-21,0.0
TSP-934,2026-12-28,0.0
TSP-934,2027-01-04,0.0
TSP-934,2027-01-11,0.0
TSP-934,2027-01-18,0.0
TSP-934,2027-01-25,0.0
TSP-934,2027-02-01,0.0
TSP-934,2027-02-08,0.0
TSP-934,2027-02-15,0.0
TSP-934,2027-02-22,0.0
TSP-934,2027-03-01,0.0
TSP-934,2027-03-08,0.0
TSP-934,2027-03-15,0.0
TSP-934,2027-03-22,0.0
TSP-934,2027-03-29,0.0
TSP-934,2027-04-05,0.0
TSP-934,2027-04-12,0.0
TSP-934,2027-04-19,0.0
TSP-934,2027-04-26,0.0
TSP-934,2027-05-03,0.0
TSP-934,2027-05-10,0.0
TSP-934,2027-05-17,0.0
TSP-934,2027-05-24,0.0
TSP-934,2027-05-31,0.0
TSP-934,2027-06-07,0.0
TSP-934,2027-06-14,0.0
TSP-934,2027-06-21,0.0
TSP-934,2027-06-28,0.0
TSP-934,2027-07-05,0.0
TSP-934,2027-07-12,0.0
TSP-934,2027-07-19,0.0
TSP-934,2027-07-26,0.0
TSP-934,2027-08-02,0.0
TSP-934,2027-08-09,0.0
TSP-934,2027-08-16,0.0
TSP-934,2027-08-23,0.0
TSP-934,2027-08-30,0.0
TSP-934,2027-09-06,0.0
TSP-934,2027-09-13,0.0
TSP-934,2027-09-20,0.0
TSP-934,2027-09-27,0.0
TSP-934,2027-10-04,0.0
TSP-934,2027-10-11,0.0
TSP-934,2027-10-18,0.0
TSP-934,2027-10-25,0.0
TSP-934,2027-11-01,0.0
TSP-934,2027-11-08,0.0
TSP-934,2027-11-15,0.0
TSP-934,2027-11-22,0.0
TSP-934,2027-11-29,0.0
TSP-934,2027-12-06,0.0
TSP-934,2027-12-13,0.0
TSP-934,2027-12-20,0.0
TSP-935,2025-12-29,0.0
TSP-935,2026-01-05,1.6477322930743457
TSP-935,2026-01-12,0.0
TSP-935,2026-01-19,0.0
TSP-935,2026-01-26,1.6477322930743457
TSP-935,2026-02-02,0.0
TSP-935,2026-02-09,0.0
TSP-935,2026-02-16,1.6477322930743457
TSP-935,2026-02-23,0.0
TSP-935,2026-03-02,1.6477322930743457
TSP-935,2026-03-09,0.0
TSP-935,2026-03-16,1.6477322930743457
TSP-935,2026-03-23,0.0
TSP-935,2026-03-30,0.0
TSP-935,2026-04-06,1.6477322930743457
TSP-935,2026-04-13,1.6477322930743457
TSP-935,2026-04-20,1.6477322930743457
TSP-935,2026-04-27,0.0
TSP-935,2026-05-04,0.0
TSP-935,2026-05-11,1.6477322930743457
TSP-935,2026-05-18,0.0
TSP-935,2026-05-25,1.6477322930743457
TSP-935,2026-06-01,0.0
TSP-935,2026-06-08,0.0
TSP-935,2026-06-15,0.0
TSP-935,2026-06-22,0.0
TSP-935,2026-06-29,0.0
TSP-935,2026-07-06,0.0
TSP-935,2026-07-13,0.0
TSP-935,2026-07-20,1.6477322930743457
TSP-935,2026-07-27,0.0
TSP-935,2026-08-03,0.0
TSP-935,2026-08-10,1.6477322930743457
TSP-935,2026-08-17,0.0
TSP-935,2026-08-24,0.0
TSP-935,2026-08-31,1.6477322930743457
TSP-935,2026-09-07,0.0
TSP-935,2026-09-14,1.6477322930743457
TSP-935,2026-09-21,0.0
TSP-935,2026-09-28,0.0
TSP-935,2026-10-05,1.6477322930743457
TSP-935,2026-10-12,0.0
TSP-935,2026-10-19,0.0
TSP-935,2026-10-26,0.0
TSP-935,2026-11-02,1.6477322930743457
TSP-935,2026-11-09,0.0
TSP-935,2026-11-16,0.0
TSP-935,2026-11-23,0.0
TSP-935,2026-11-30,1.6477322930743457
TSP-935,2026-12-07,0.0
TSP-935,2026-12-14,0.0
TSP-935,2026-12-21,0.0
TSP-935,2026-12-28,0.0
TSP-935,2027-01-04,0.0
TSP-935,2027-01-11,0.0
TSP-935,2027-01-18,0.6590929172297383
TSP-935,2027-01-25,0.0
TSP-935,2027-02-01,0.0
TSP-935,2027-02-08,0.0
TSP-935,2027-02-15,0.0
TSP-935,2027-02-22,0.0
TSP-935,2027-03-01,0.0
TSP-935,2027-03-08,0.0
TSP-935,2027-03-15,0.0
TSP-935,2027-03-22,0.0
TSP-935,2027-03-29,0.0
TSP-935,2027-04-05,0.0
TSP-935,2027-04-12,0.0
TSP-935,2027-04-19,0.0
TSP-935,2027-04-26,0.0
TSP-935,2027-05-03,0.0
TSP-935,2027-05-10,0.0
TSP-935,2027-05-17,0.0
TSP-935,2027-05-24,0.0
TSP-935,2027-05-31,0.0
TSP-935,2027-06-07,0.0
TSP-935,2027-06-14,0.0
TSP-935,2027-06-21,0.0
TSP-935,2027-06-28,0.0
TSP-935,2027-07-05,0.0
TSP-935,2027-07-12,0.0
TSP-935,2027-07-19,0.0
TSP-935,2027-07-26,0.0
TSP-935,2027-08-02,0.0
TSP-935,2027-08-09,0.0
TSP-935,2027-08-16,0.0
TSP-935,2027-08-23,0.0
TSP-935,2027-08-30,0.0
TSP-935,2027-09-06,0.0
TSP-935,2027-09-13,0.0
TSP-935,2027-09-20,0.0
TSP-935,2027-09-27,0.0
TSP-935,2027-10-04,0.0
TSP-935,2027-10-11,0.0
TSP-935,2027-10-18,0.0
TSP-935,2027-10-25,0.0
TSP-935,2027-11-01,0.0
TSP-935,2027-11-08,0.0
TSP-935,2027-11-15,0.0
TSP-935,2027-11-22,0.0
TSP-935,2027-11-29,0.0
TSP-935,2027-12-06,0.0
TSP-935,2027-12-13,0.0
TSP-935,2027-12-20,0.0
TSP-936,2025-12-29,0.0
TSP-936,2026-01-05,0.0
TSP-936,2026-01-12,0.0
TSP-936,2026-01-19,0.0
TSP-936,2026-01-26,0.0
TSP-936,2026-02-02,0.0
TSP-936,2026-02-09,0.0
TSP-936,2026-02-16,0.0
TSP-936,2026-02-23,0.0
TSP-936,2026-03-02,0.0
TSP-936,2026-03-09,0.0
TSP-936,2026-03-16,0.0
TSP-936,2026-03-23,0.0
TSP-936,2026-03-30,0.0
TSP-936,2026-04-06,0.0
TSP-936,2026-04-13,0.0
TSP-936,2026-04-20,0.0
TSP-936,2026-04-27,0.0
TSP-936,2026-05-04,0.0
TSP-936,2026-05-11,0.0
TSP-936,2026-05-18,0.0
TSP-936,2026-05-25,0.0
TSP-936,2026-06-01,0.0
TSP-936,2026-06-08,0.0
TSP-936,2026-06-15,0.0
TSP-936,2026-06-22,0.0
TSP-936,2026-06-29,0.0
TSP-936,2026-07-06,0.0
TSP-936,2026-07-13,0.0
TSP-936,2026-07-20,0.0
TSP-936,2026-07-27,0.0
TSP-936,2026-08-03,0.0
TSP-936,2026-08-10,0.0
TSP-936,2026-08-17,0.0
TSP-936,2026-08-24,0.0
TSP-936,2026-08-31,0.0
TSP-936,2026-09-07,0.0
TSP-936,2026-09-14,0.0
TSP-936,2026-09-21,0.0
TSP-936,2026-09-28,0.0
TSP-936,2026-10-05,0.0
TSP-936,2026-10-12,0.0
TSP-936,2026-10-19,0.0
TSP-936,2026-10-26,0.0
TSP-936,2026-11-02,0.0
TSP-936,2026-11-09,0.0
TSP-936,2026-11-16,0.0
TSP-936,2026-11-23,0.0
TSP-936,2026-11-30,0.0
TSP-936,2026-12-07,0.0
TSP-936,2026-12-14,0.0
TSP-936,2026-12-21,0.0
TSP-936,2026-12-28,0.0
TSP-936,2027-01-04,0.0
TSP-936,2027-01-11,0.0
TSP-936,2027-01-18,0.0
TSP-936,2027-01-25,0.0
TSP-936,2027-02-01,0.0
TSP-936,2027-02-08,0.0
TSP-936,2027-02-15,0.0
TSP-936,2027-02-22,0.0
TSP-936,2027-03-01,0.0
TSP-936,2027-03-08,0.0
TSP-936,2027-03-15,0.0
TSP-936,2027-03-22,0.0
TSP-936,2027-03-29,0.0
TSP-936,2027-04-05,0.0
TSP-936,2027-04-12,0.0
TSP-936,2027-04-19,0.0
TSP-936,2027-04-26,0.0
TSP-936,2027-05-03,0.0
TSP-936,2027-05-10,0.0
TSP-936,2027-05-17,0.0
TSP-936,2027-05-24,0.0
TSP-936,2027-05-31,0.0
TSP-936,2027-06-07,0.0
TSP-936,2027-06-14,0.0
TSP-936,2027-06-21,0.0
TSP-936,2027-06-28,0.0
TSP-936,2027-07-05,0.0
TSP-936,2027-07-12,0.0
TSP-936,2027-07-19,0.0
TSP-936,2027-07-26,0.0
TSP-936,2027-08-02,0.0
TSP-936,2027-08-09,0.0
TSP-936,2027-08-16,0.0
TSP-936,2027-08-23,0.0
TSP-936,2027-08-30,0.0
TSP-936,2027-09-06,0.0
TSP-936,2027-09-13,0.0
TSP-936,2027-09-20,0.0
TSP-936,2027-09-27,0.0
TSP-936,2027-10-04,0.0
TSP-936,2027-10-11,0.0
TSP-936,2027-10-18,0.0
TSP-936,2027-10-25,0.0
TSP-936,2027-11-01,0.0
TSP-936,2027-11-08,0.0
TSP-936,2027-11-15,0.0
TSP-936,2027-11-22,0.0
TSP-936,2027-11-29,0.0
TSP-936,2027-12-06,0.0
TSP-936,2027-12-13,0.0
TSP-936,2027-12-20,0.0
TSP-937,2025-12-29,0.0
TSP-937,2026-01-05,1.2390392503138272
TSP-937,2026-01-12,0.0
TSP-937,2026-01-19,1.2390392503138272
TSP-937,2026-01-26,0.0
TSP-937,2026-02-02,1.2390392503138272
TSP-937,2026-02-09,0.0
TSP-937,2026-02-16,0.0
TSP-937,2026-02-23,0.0
TSP-937,2026-03-02,0.0
TSP-937,2026-03-09,1.2390392503138272
TSP-937,2026-03-16,1.2390392503138272
TSP-937,2026-03-23,0.0
TSP-937,2026-03-30,0.0
TSP-937,2026-04-06,0.0
TSP-937,2026-04-13,0.0
TSP-937,2026-04-20,1.2390392503138272
TSP-937,2026-04-27,0.0
TSP-937,2026-05-04,0.0
TSP-937,2026-05-11,0.0
TSP-937,2026-05-18,0.0
TSP-937,2026-05-25,0.0
TSP-937,2026-06-01,1.2390392503138272
TSP-937,2026-06-08,0.0
TSP-937,2026-06-15,0.0
TSP-937,2026-06-22,0.0
TSP-937,2026-06-29,0.0
TSP-937,2026-07-06,0.0
TSP-937,2026-07-13,1.2390392503138272
TSP-937,2026-07-20,0.0
TSP-937,2026-07-27,0.0
TSP-937,2026-08-03,0.0
TSP-937,2026-08-10,0.0
TSP-937,2026-08-17,0.0
TSP-937,2026-08-24,0.0
TSP-937,2026-08-31,0.0
TSP-937,2026-09-07,0.0
TSP-937,2026-09-14,1.2390392503138272
TSP-937,2026-09-21,0.0
TSP-937,2026-09-28,0.0
TSP-937,2026-10-05,0.0
TSP-937,2026-10-12,0.0
TSP-937,2026-10-19,0.0
TSP-937,2026-10-26,1.2046214933606654
TSP-937,2026-11-02,0.0
TSP-937,2026-11-09,0.0
TSP-937,2026-11-16,0.0
TSP-937,2026-11-23,0.0
TSP-937,2026-11-30,0.0
TSP-937,2026-12-07,0.0
TSP-937,2026-12-14,0.0
TSP-937,2026-12-21,0.0
TSP-937,2026-12-28,0.0
TSP-937,2027-01-04,0.0
TSP-937,2027-01-11,0.0
TSP-937,2027-01-18,0.0
TSP-937,2027-01-25,0.0
TSP-937,2027-02-01,0.0
TSP-937,2027-02-08,0.0
TSP-937,2027-02-15,0.0
TSP-937,2027-02-22,0.0
TSP-937,2027-03-01,0.0
TSP-937,2027-03-08,0.0
TSP-937,2027-03-15,0.0
TSP-937,2027-03-22,0.0
TSP-937,2027-03-29,0.0
TSP-937,2027-04-05,0.0
TSP-937,2027-04-12,0.0
TSP-937,2027-04-19,0.0
TSP-937,2027-04-26,0.0
TSP-937,2027-05-03,0.0
TSP-937,2027-05-10,0.0
TSP-937,2027-05-17,0.0
TSP-937,2027-05-24,0.0
TSP-937,2027-05-31,0.0
TSP-937,2027-06-07,0.0
TSP-937,2027-06-14,0.0
TSP-937,2027-06-21,0.0
TSP-937,2027-06-28,0.0
TSP-937,2027-07-05,0.0
TSP-937,2027-07-12,0.0
TSP-937,2027-07-19,0.0
TSP-937,2027-07-26,0.0
TSP-937,2027-08-02,0.0
TSP-937,2027-08-09,0.0
TSP-937,2027-08-16,0.0
TSP-937,2027-08-23,0.0
TSP-937,2027-08-30,0.0
TSP-937,2027-09-06,0.0
TSP-937,2027-09-13,0.0
TSP-937,2027-09-20,0.0
TSP-937,2027-09-27,0.0
TSP-937,2027-10-04,0.0
TSP-937,2027-10-11,0.0
TSP-937,2027-10-18,0.0
TSP-937,2027-10-25,0.0
TSP-937,2027-11-01,0.0
TSP-937,2027-11-08,0.0
TSP-937,2027-11-15,0.0
TSP-937,2027-11-22,0.0
TSP-937,2027-11-29,0.0
TSP-937,2027-12-06,0.0
TSP-937,2027-12-13,0.0
TSP-937,2027-12-20,0.0
TSP-959,2025-12-29,0.0
TSP-959,2026-01-05,0.0
TSP-959,2026-01-12,1.1706352243965676
TSP-959,2026-01-19,1.1706352243965676
TSP-959,2026-01-26,6.555557256620778
TSP-959,2026-02-02,6.087303166862152
TSP-959,2026-02-09,4.682540897586271
TSP-959,2026-02-16,4.682540897586271
TSP-959,2026-02-23,4.682540897586271
TSP-959,2026-03-02,6.087303166862152
TSP-959,2026-03-09,7.023811346379405
TSP-959,2026-03-16,7.023811346379405
TSP-959,2026-03-23,7.023811346379405
TSP-959,2026-03-30,7.023811346379405
TSP-959,2026-04-06,4.682540897586271
TSP-959,2026-04-13,4.682540897586271
TSP-959,2026-04-20,5.150794987344898
TSP-959,2026-04-27,0.0
TSP-959,2026-05-04,0.0
TSP-959,2026-05-11,7.726192481017346
TSP-959,2026-05-18,8.194446570775973
TSP-959,2026-05-25,3.5119056731897027
TSP-959,2026-06-01,4.682540897586271
TSP-959,2026-06-08,4.682540897586271
TSP-959,2026-06-15,0.0
TSP-959,2026-06-22,5.619049077103525
TSP-959,2026-06-29,3.7460327180690163
TSP-959,2026-07-06,7.023811346379405
TSP-959,2026-07-13,4.682540897586271
TSP-959,2026-07-20,0.0
TSP-959,2026-07-27,2.3412704487931353
TSP-959,2026-08-03,4.682540897586271
TSP-959,2026-08-10,4.682540897586271
TSP-959,2026-08-17,4.682540897586271
TSP-959,2026-08-24,4.682540897586271
TSP-959,2026-08-31,4.682540897586271
TSP-959,2026-09-07,4.682540897586271
TSP-959,2026-09-14,4.682540897586271
TSP-959,2026-09-21,4.682540897586271
TSP-959,2026-09-28,4.682540897586271
TSP-959,2026-10-05,4.682540897586271
TSP-959,2026-10-12,4.682540897586271
TSP-959,2026-10-19,4.682540897586271
TSP-959,2026-10-26,4.682540897586271
TSP-959,2026-11-02,7.023811346379405
TSP-959,2026-11-09,7.023811346379405
TSP-959,2026-11-16,7.023811346379405
TSP-959,2026-11-23,7.023811346379405
TSP-959,2026-11-30,4.682540897586271
TSP-959,2026-12-07,4.682540897586271
TSP-959,2026-12-14,2.3412704487931353
TSP-959,2026-12-21,0.0
TSP-959,2026-12-28,0.0
TSP-959,2027-01-04,4.682540897586271
TSP-959,2027-01-11,4.682540897586271
TSP-959,2027-01-18,4.682540897586271
TSP-959,2027-01-25,4.682540897586271
TSP-959,2027-02-01,4.682540897586271
TSP-959,2027-02-08,4.682540897586271
TSP-959,2027-02-15,4.682540897586271
TSP-959,2027-02-22,4.682540897586271
TSP-959,2027-03-01,4.682540897586271
TSP-959,2027-03-08,0.0
TSP-959,2027-03-15,4.682540897586271
TSP-959,2027-03-22,0.0
TSP-959,2027-03-29,2.3412704487931353
TSP-959,2027-04-05,2.3412704487931353
TSP-959,2027-04-12,2.3412704487931353
TSP-959,2027-04-19,2.3412704487931353
TSP-959,2027-04-26,0.0
TSP-959,2027-05-03,2.3412704487931353
TSP-959,2027-05-10,2.3412704487931353
TSP-959,2027-05-17,2.3412704487931353
TSP-959,2027-05-24,2.3412704487931353
TSP-959,2027-05-31,1.4047622692758812
TSP-959,2027-06-07,0.0
TSP-959,2027-06-14,0.0
TSP-959,2027-06-21,0.0
TSP-959,2027-06-28,0.0
TSP-959,2027-07-05,0.0
TSP-959,2027-07-12,0.0
TSP-959,2027-07-19,0.0
TSP-959,2027-07-26,0.0
TSP-959,2027-08-02,0.0
TSP-959,2027-08-09,0.0
TSP-959,2027-08-16,0.0
TSP-959,2027-08-23,0.0
TSP-959,2027-08-30,0.0
TSP-959,2027-09-06,0.0
TSP-959,2027-09-13,0.0
TSP-959,2027-09-20,0.0
TSP-959,2027-09-27,0.0
TSP-959,2027-10-04,0.0
TSP-959,2027-10-11,0.0
TSP-959,2027-10-18,0.0
TSP-959,2027-10-25,0.0
TSP-959,2027-11-01,0.0
TSP-959,2027-11-08,0.0
TSP-959,2027-11-15,0.0
TSP-959,2027-11-22,0.0
TSP-959,2027-11-29,0.0
TSP-959,2027-12-06,0.0
TSP-959,2027-12-13,0.0
TSP-959,2027-12-20,0.0
TSP-966,2025-12-29,0.0
TSP-966,2026-01-05,0.0
TSP-966,2026-01-12,0.9966135129281095
TSP-966,2026-01-19,0.9966135129281095
TSP-966,2026-01-26,5.581035672397413
TSP-966,2026-02-02,5.18239026722617
TSP-966,2026-02-09,3.986454051712438
TSP-966,2026-02-16,3.986454051712438
TSP-966,2026-02-23,3.986454051712438
TSP-966,2026-03-02,5.18239026722617
TSP-966,2026-03-09,5.9796810775686575
TSP-966,2026-03-16,5.9796810775686575
TSP-966,2026-03-23,5.9796810775686575
TSP-966,2026-03-30,5.9796810775686575
TSP-966,2026-04-06,3.986454051712438
TSP-966,2026-04-13,3.986454051712438
TSP-966,2026-04-20,4.385099456883682
TSP-966,2026-04-27,0.0
TSP-966,2026-05-04,0.0
TSP-966,2026-05-11,6.577649185325523
TSP-966,2026-05-18,6.976294590496767
TSP-966,2026-05-25,2.9898405387843288
TSP-966,2026-06-01,3.986454051712438
TSP-966,2026-06-08,3.986454051712438
TSP-966,2026-06-15,0.0
TSP-966,2026-06-22,4.783744862054926
TSP-966,2026-06-29,3.1891632413699504
TSP-966,2026-07-06,5.9796810775686575
TSP-966,2026-07-13,3.986454051712438
TSP-966,2026-07-20,0.0
TSP-966,2026-07-27,1.993227025856219
TSP-966,2026-08-03,3.986454051712438
TSP-966,2026-08-10,3.986454051712438
TSP-966,2026-08-17,3.986454051712438
TSP-966,2026-08-24,3.986454051712438
TSP-966,2026-08-31,3.986454051712438
TSP-966,2026-09-07,3.986454051712438
TSP-966,2026-09-14,3.986454051712438
TSP-966,2026-09-21,3.986454051712438
TSP-966,2026-09-28,3.986454051712438
TSP-966,2026-10-05,3.986454051712438
TSP-966,2026-10-12,3.986454051712438
TSP-966,2026-10-19,3.986454051712438
TSP-966,2026-10-26,3.986454051712438
TSP-966,2026-11-02,5.9796810775686575
TSP-966,2026-11-09,5.9796810775686575
TSP-966,2026-11-16,5.9796810775686575
TSP-966,2026-11-23,5.9796810775686575
TSP-966,2026-11-30,3.986454051712438
TSP-966,2026-12-07,3.986454051712438
TSP-966,2026-12-14,1.993227025856219
TSP-966,2026-12-21,0.0
TSP-966,2026-12-28,0.0
TSP-966,2027-01-04,3.986454051712438
TSP-966,2027-01-11,3.986454051712438
TSP-966,2027-01-18,3.986454051712438
TSP-966,2027-01-25,3.986454051712438
TSP-966,2027-02-01,3.986454051712438
TSP-966,2027-02-08,3.986454051712438
TSP-966,2027-02-15,3.986454051712438
TSP-966,2027-02-22,3.986454051712438
TSP-966,2027-03-01,3.986454051712438
TSP-966,2027-03-08,0.0
TSP-966,2027-03-15,3.986454051712438
TSP-966,2027-03-22,0.0
TSP-966,2027-03-29,1.993227025856219
TSP-966,2027-04-05,1.993227025856219
TSP-966,2027-04-12,1.993227025856219
TSP-966,2027-04-19,1.993227025856219
TSP-966,2027-04-26,0.0
TSP-966,2027-05-03,1.993227025856219
TSP-966,2027-05-10,1.993227025856219
TSP-966,2027-05-17,1.993227025856219
TSP-966,2027-05-24,1.993227025856219
TSP-966,2027-05-31,1.1959362155137314
TSP-966,2027-06-07,0.0
TSP-966,2027-06-14,0.0
TSP-966,2027-06-21,0.0
TSP-966,2027-06-28,0.0
TSP-966,2027-07-05,0.0
TSP-966,2027-07-12,0.0
TSP-966,2027-07-19,0.0
TSP-966,2027-07-26,0.0
TSP-966,2027-08-02,0.0
TSP-966,2027-08-09,0.0
TSP-966,2027-08-16,0.0
TSP-966,2027-08-23,0.0
TSP-966,2027-08-30,0.0
TSP-966,2027-09-06,0.0
TSP-966,2027-09-13,0.0
TSP-966,2027-09-20,0.0
TSP-966,2027-09-27,0.0
TSP-966,2027-10-04,0.0
TSP-966,2027-10-11,0.0
TSP-966,2027-10-18,0.0
TSP-966,2027-10-25,0.0
TSP-966,2027-11-01,0.0
TSP-966,2027-11-08,0.0
TSP-966,2027-11-15,0.0
TSP-966,2027-11-22,0.0
TSP-966,2027-11-29,0.0
TSP-966,2027-12-06,0.0
TSP-966,2027-12-13,0.0
TSP-966,2027-12-20,0.0
TVS-267,2025-12-29,0.0
TVS-267,2026-01-05,1.0390416275154908
TVS-267,2026-01-12,0.0
TVS-267,2026-01-19,1.0390416275154908
TVS-267,2026-01-26,0.0
TVS-267,2026-02-02,1.0390416275154908
TVS-267,2026-02-09,0.0
TVS-267,2026-02-16,0.0
TVS-267,2026-02-23,0.0
TVS-267,2026-03-02,0.0
TVS-267,2026-03-09,1.0390416275154908
TVS-267,2026-03-16,1.0390416275154908
TVS-267,2026-03-23,0.0
TVS-267,2026-03-30,0.0
TVS-267,2026-04-06,0.0
TVS-267,2026-04-13,0.0
TVS-267,2026-04-20,1.0390416275154908
TVS-267,2026-04-27,0.0
TVS-267,2026-05-04,0.0
TVS-267,2026-05-11,0.0
TVS-267,2026-05-18,0.0
TVS-267,2026-05-25,0.0
TVS-267,2026-06-01,1.0390416275154908
TVS-267,2026-06-08,0.0
TVS-267,2026-06-15,0.0
TVS-267,2026-06-22,0.0
TVS-267,2026-06-29,0.0
TVS-267,2026-07-06,0.0
TVS-267,2026-07-13,1.0390416275154908
TVS-267,2026-07-20,0.0
TVS-267,2026-07-27,0.0
TVS-267,2026-08-03,0.0
TVS-267,2026-08-10,0.0
TVS-267,2026-08-17,0.0
TVS-267,2026-08-24,0.0
TVS-267,2026-08-31,0.0
TVS-267,2026-09-07,0.0
TVS-267,2026-09-14,1.0390416275154908
TVS-267,2026-09-21,0.0
TVS-267,2026-09-28,0.0
TVS-267,2026-10-05,0.0
TVS-267,2026-10-12,0.0
TVS-267,2026-10-19,0.0
TVS-267,2026-10-26,1.010179360084505
TVS-267,2026-11-02,0.0
TVS-267,2026-11-09,0.0
TVS-267,2026-11-16,0.0
TVS-267,2026-11-23,0.0
TVS-267,2026-11-30,0.0
TVS-267,2026-12-07,0.0
TVS-267,2026-12-14,0.0
TVS-267,2026-12-21,0.0
TVS-267,2026-12-28,0.0
TVS-267,2027-01-04,0.0
TVS-267,2027-01-11,0.0
TVS-267,2027-01-18,0.0
TVS-267,2027-01-25,0.0
TVS-267,2027-02-01,0.0
TVS-267,2027-02-08,0.0
TVS-267,2027-02-15,0.0
TVS-267,2027-02-22,0.0
TVS-267,2027-03-01,0.0
TVS-267,2027-03-08,0.0
TVS-267,2027-03-15,0.0
TVS-267,2027-03-22,0.0
TVS-267,2027-03-29,0.0
TVS-267,2027-04-05,0.0
TVS-267,2027-04-12,0.0
TVS-267,2027-04-19,0.0
TVS-267,2027-04-26,0.0
TVS-267,2027-05-03,0.0
TVS-267,2027-05-10,0.0
TVS-267,2027-05-17,0.0
TVS-267,2027-05-24,0.0
TVS-267,2027-05-31,0.0
TVS-267,2027-06-07,0.0
TVS-267,2027-06-14,0.0
TVS-267,2027-06-21,0.0
TVS-267,2027-06-28,0.0
TVS-267,2027-07-05,0.0
TVS-267,2027-07-12,0.0
TVS-267,2027-07-19,0.0
TVS-267,2027-07-26,0.0
TVS-267,2027-08-02,0.0
TVS-267,2027-08-09,0.0
TVS-267,2027-08-16,0.0
TVS-267,2027-08-23,0.0
TVS-267,2027-08-30,0.0
TVS-267,2027-09-06,0.0
TVS-267,2027-09-13,0.0
TVS-267,2027-09-20,0.0
TVS-267,2027-09-27,0.0
TVS-267,2027-10-04,0.0
TVS-267,2027-10-11,0.0
TVS-267,2027-10-18,0.0
TVS-267,2027-10-25,0.0
TVS-267,2027-11-01,0.0
TVS-267,2027-11-08,0.0
TVS-267,2027-11-15,0.0
TVS-267,2027-11-22,0.0
TVS-267,2027-11-29,0.0
TVS-267,2027-12-06,0.0
TVS-267,2027-12-13,0.0
TVS-267,2027-12-20,0.0
TVS-500,2025-12-29,0.0
TVS-500,2026-01-05,0.0
TVS-500,2026-01-12,0.0
TVS-500,2026-01-19,0.0
TVS-500,2026-01-26,0.0
TVS-500,2026-02-02,0.0
TVS-500,2026-02-09,0.0
TVS-500,2026-02-16,0.0
TVS-500,2026-02-23,0.0
TVS-500,2026-03-02,0.0
TVS-500,2026-03-09,0.0
TVS-500,2026-03-16,0.0
TVS-500,2026-03-23,0.0
TVS-500,2026-03-30,0.0
TVS-500,2026-04-06,0.0
TVS-500,2026-04-13,0.0
TVS-500,2026-04-20,0.0
TVS-500,2026-04-27,0.0
TVS-500,2026-05-04,0.0
TVS-500,2026-05-11,0.0
TVS-500,2026-05-18,0.0
TVS-500,2026-05-25,0.0
TVS-500,2026-06-01,0.0
TVS-500,2026-06-08,0.0
TVS-500,2026-06-15,0.0
TVS-500,2026-06-22,0.0
TVS-500,2026-06-29,0.0
TVS-500,2026-07-06,0.0
TVS-500,2026-07-13,0.0
TVS-500,2026-07-20,0.0
TVS-500,2026-07-27,0.0
TVS-500,2026-08-03,0.0
TVS-500,2026-08-10,0.0
TVS-500,2026-08-17,0.0
TVS-500,2026-08-24,0.0
TVS-500,2026-08-31,0.0
TVS-500,2026-09-07,0.0
TVS-500,2026-09-14,0.0
TVS-500,2026-09-21,0.0
TVS-500,2026-09-28,0.0
TVS-500,2026-10-05,0.0
TVS-500,2026-10-12,0.0
TVS-500,2026-10-19,0.0
TVS-500,2026-10-26,0.0
TVS-500,2026-11-02,0.0
TVS-500,2026-11-09,0.0
TVS-500,2026-11-16,0.0
TVS-500,2026-11-23,0.0
TVS-500,2026-11-30,0.0
TVS-500,2026-12-07,0.0
TVS-500,2026-12-14,0.0
TVS-500,2026-12-21,0.0
TVS-500,2026-12-28,0.0
TVS-500,2027-01-04,0.0
TVS-500,2027-01-11,0.0
TVS-500,2027-01-18,0.0
TVS-500,2027-01-25,0.0
TVS-500,2027-02-01,0.0
TVS-500,2027-02-08,0.0
TVS-500,2027-02-15,0.0
TVS-500,2027-02-22,0.0
TVS-500,2027-03-01,0.0
TVS-500,2027-03-08,0.0
TVS-500,2027-03-15,0.0
TVS-500,2027-03-22,0.0
TVS-500,2027-03-29,0.0
TVS-500,2027-04-05,0.0
TVS-500,2027-04-12,0.0
TVS-500,2027-04-19,0.0
TVS-500,2027-04-26,0.0
TVS-500,2027-05-03,0.0
TVS-500,2027-05-10,0.0
TVS-500,2027-05-17,0.0
TVS-500,2027-05-24,0.0
TVS-500,2027-05-31,0.0
TVS-500,2027-06-07,0.0
TVS-500,2027-06-14,0.0
TVS-500,2027-06-21,0.0
TVS-500,2027-06-28,0.0
TVS-500,2027-07-05,0.0
TVS-500,2027-07-12,0.0
TVS-500,2027-07-19,0.0
TVS-500,2027-07-26,0.0
TVS-500,2027-08-02,0.0
TVS-500,2027-08-09,0.0
TVS-500,2027-08-16,0.0
TVS-500,2027-08-23,0.0
TVS-500,2027-08-30,0.0
TVS-500,2027-09-06,0.0
TVS-500,2027-09-13,0.0
TVS-500,2027-09-20,0.0
TVS-500,2027-09-27,0.0
TVS-500,2027-10-04,0.0
TVS-500,2027-10-11,0.0
TVS-500,2027-10-18,0.0
TVS-500,2027-10-25,0.0
TVS-500,2027-11-01,0.0
TVS-500,2027-11-08,0.0
TVS-500,2027-11-15,0.0
TVS-500,2027-11-22,0.0
TVS-500,2027-11-29,0.0
TVS-500,2027-12-06,0.0
TVS-500,2027-12-13,0.0
TVS-500,2027-12-20,0.0
TVS-664,2025-12-29,0.0
TVS-664,2026-01-05,0.0
TVS-664,2026-01-12,0.0
TVS-664,2026-01-19,0.0
TVS-664,2026-01-26,0.0
TVS-664,2026-02-02,0.0
TVS-664,2026-02-09,0.0
TVS-664,2026-02-16,0.0
TVS-664,2026-02-23,0.0
TVS-664,2026-03-02,0.0
TVS-664,2026-03-09,0.0
TVS-664,2026-03-16,0.0
TVS-664,2026-03-23,0.0
TVS-664,2026-03-30,0.0
TVS-664,2026-04-06,0.0
TVS-664,2026-04-13,0.0
TVS-664,2026-04-20,0.0
TVS-664,2026-04-27,0.0
TVS-664,2026-05-04,0.0
TVS-664,2026-05-11,0.0
TVS-664,2026-05-18,0.0
TVS-664,2026-05-25,0.0
TVS-664,2026-06-01,0.0
TVS-664,2026-06-08,0.0
TVS-664,2026-06-15,0.0
TVS-664,2026-06-22,0.0
TVS-664,2026-06-29,0.0
TVS-664,2026-07-06,0.0
TVS-664,2026-07-13,0.0
TVS-664,2026-07-20,0.0
TVS-664,2026-07-27,0.0
TVS-664,2026-08-03,0.0
TVS-664,2026-08-10,0.0
TVS-664,2026-08-17,0.0
TVS-664,2026-08-24,0.0
TVS-664,2026-08-31,0.0
TVS-664,2026-09-07,0.0
TVS-664,2026-09-14,0.0
TVS-664,2026-09-21,0.0
TVS-664,2026-09-28,0.0
TVS-664,2026-10-05,0.0
TVS-664,2026-10-12,0.0
TVS-664,2026-10-19,0.0
TVS-664,2026-10-26,0.0
TVS-664,2026-11-02,0.0
TVS-664,2026-11-09,0.0
TVS-664,2026-11-16,0.0
TVS-664,2026-11-23,0.0
TVS-664,2026-11-30,0.0
TVS-664,2026-12-07,0.0
TVS-664,2026-12-14,0.0
TVS-664,2026-12-21,0.0
TVS-664,2026-12-28,0.0
TVS-664,2027-01-04,0.0
TVS-664,2027-01-11,0.0
TVS-664,2027-01-18,0.0
TVS-664,2027-01-25,0.0
TVS-664,2027-02-01,0.0
TVS-664,2027-02-08,0.0
TVS-664,2027-02-15,0.0
TVS-664,2027-02-22,0.0
TVS-664,2027-03-01,0.0
TVS-664,2027-03-08,0.0
TVS-664,2027-03-15,0.0
TVS-664,2027-03-22,0.0
TVS-664,2027-03-29,0.0
TVS-664,2027-04-05,0.0
TVS-664,2027-04-12,0.0
TVS-664,2027-04-19,0.0
TVS-664,2027-04-26,0.0
TVS-664,2027-05-03,0.0
TVS-664,2027-05-10,0.0
TVS-664,2027-05-17,0.0
TVS-664,2027-05-24,0.0
TVS-664,2027-05-31,0.0
TVS-664,2027-06-07,0.0
TVS-664,2027-06-14,0.0
TVS-664,2027-06-21,0.0
TVS-664,2027-06-28,0.0
TVS-664,2027-07-05,0.0
TVS-664,2027-07-12,0.0
TVS-664,2027-07-19,0.0
TVS-664,2027-07-26,0.0
TVS-664,2027-08-02,0.0
TVS-664,2027-08-09,0.0
TVS-664,2027-08-16,0.0
TVS-664,2027-08-23,0.0
TVS-664,2027-08-30,0.0
TVS-664,2027-09-06,0.0
TVS-664,2027-09-13,0.0
TVS-664,2027-09-20,0.0
TVS-664,2027-09-27,0.0
TVS-664,2027-10-04,0.0
TVS-664,2027-10-11,0.0
TVS-664,2027-10-18,0.0
TVS-664,2027-10-25,0.0
TVS-664,2027-11-01,0.0
TVS-664,2027-11-08,0.0
TVS-664,2027-11-15,0.0
TVS-664,2027-11-22,0.0
TVS-664,2027-11-29,0.0
TVS-664,2027-12-06,0.0
TVS-664,2027-12-13,0.0
TVS-664,2027-12-20,0.0
TVS-833,2025-12-29,0.0
TVS-833,2026-01-05,12.78298311377936
TVS-833,2026-01-12,13.660983143860069
TVS-833,2026-01-19,13.660983143860069
TVS-833,2026-01-26,14.661995588334399
TVS-833,2026-02-02,10.842464432027509
TVS-833,2026-02-09,8.02394572019495
TVS-833,2026-02-16,11.217139384983495
TVS-833,2026-02-23,12.825866488502273
TVS-833,2026-03-02,9.024958164669282
TVS-833,2026-03-09,13.660983143860069
TVS-833,2026-03-16,7.8315040164043666
TVS-833,2026-03-23,12.781202660238048
TVS-833,2026-03-30,10.842464432027509
TVS-833,2026-04-06,11.84347687650184
TVS-833,2026-04-13,11.84347687650184
TVS-833,2026-04-20,11.84347687650184
TVS-833,2026-04-27,0.0
TVS-833,2026-05-04,10.842464432027509
TVS-833,2026-05-11,10.963696392879822
TVS-833,2026-05-18,11.811833546132778
TVS-833,2026-05-25,11.84347687650184
TVS-833,2026-06-01,13.660983143860069
TVS-833,2026-06-08,2.8185187118325588
TVS-833,2026-06-15,0.0
TVS-833,2026-06-22,5.890985334652514
TVS-833,2026-06-29,8.769229800140572
TVS-833,2026-07-06,2.8185187118325588
TVS-833,2026-07-13,8.02394572019495
TVS-833,2026-07-20,10.963696392879822
TVS-833,2026-07-27,9.902958194749989
TVS-833,2026-08-03,6.830491571930034
TVS-833,2026-08-10,11.84347687650184
TVS-833,2026-08-17,12.781202660238048
TVS-833,2026-08-24,10.842464432027509
TVS-833,2026-08-31,11.84347687650184
TVS-833,2026-09-07,10.842464432027509
TVS-833,2026-09-14,9.024958164669282
TVS-833,2026-09-21,8.769229800140572
TVS-833,2026-09-28,6.830491571930034
TVS-833,2026-10-05,11.84347687650184
TVS-833,2026-10-12,10.842464432027509
TVS-833,2026-10-19,6.830491571930034
TVS-833,2026-10-26,11.841696422960528
TVS-833,2026-11-02,13.78221510471238
TVS-833,2026-11-09,14.854437292124985
TVS-833,2026-11-16,14.854437292124985
TVS-833,2026-11-23,12.781202660238048
TVS-833,2026-11-30,11.84347687650184
TVS-833,2026-12-07,12.781202660238048
TVS-833,2026-12-14,4.011972860097475
TVS-833,2026-12-21,0.0
TVS-833,2026-12-28,0.0
TVS-833,2027-01-04,4.011972860097475
TVS-833,2027-01-11,12.781202660238048
TVS-833,2027-01-18,11.242869409817242
TVS-833,2027-01-25,10.842464432027509
TVS-833,2027-02-01,6.830491571930034
TVS-833,2027-02-08,10.842464432027509
TVS-833,2027-02-15,4.011972860097475
TVS-833,2027-02-22,8.769229800140572
TVS-833,2027-03-01,4.011972860097475
TVS-833,2027-03-08,10.842464432027509
TVS-833,2027-03-15,4.981341974202745
TVS-833,2027-03-22,6.830491571930034
TVS-833,2027-03-29,4.011972860097475
TVS-833,2027-04-05,0.0
TVS-833,2027-04-12,4.658218936167655
TVS-833,2027-04-19,4.011972860097475
TVS-833,2027-04-26,4.011972860097475
TVS-833,2027-05-03,0.0
TVS-833,2027-05-10,4.011972860097475
TVS-833,2027-05-17,3.0089796450731066
TVS-833,2027-05-24,0.0
TVS-833,2027-05-31,0.0
TVS-833,2027-06-07,3.6776417884226857
TVS-833,2027-06-14,0.0
TVS-833,2027-06-21,0.0
TVS-833,2027-06-28,0.0
TVS-833,2027-07-05,0.0
TVS-833,2027-07-12,0.0
TVS-833,2027-07-19,0.0
TVS-833,2027-07-26,0.0
TVS-833,2027-08-02,0.0
TVS-833,2027-08-09,0.0
TVS-833,2027-08-16,0.0
TVS-833,2027-08-23,0.0
TVS-833,2027-08-30,0.0
TVS-833,2027-09-06,0.0
TVS-833,2027-09-13,0.0
TVS-833,2027-09-20,0.0
TVS-833,2027-09-27,0.0
TVS-833,2027-10-04,0.0
TVS-833,2027-10-11,0.0
TVS-833,2027-10-18,0.0
TVS-833,2027-10-25,0.0
TVS-833,2027-11-01,0.0
TVS-833,2027-11-08,0.0
TVS-833,2027-11-15,0.0
TVS-833,2027-11-22,0.0
TVS-833,2027-11-29,0.0
TVS-833,2027-12-06,0.0
TVS-833,2027-12-13,0.0
TVS-833,2027-12-20,0.0
VSP-566,2025-12-29,0.0
VSP-566,2026-01-05,0.0
VSP-566,2026-01-12,0.0
VSP-566,2026-01-19,0.0
VSP-566,2026-01-26,0.0
VSP-566,2026-02-02,0.0
VSP-566,2026-02-09,0.0
VSP-566,2026-02-16,0.0
VSP-566,2026-02-23,0.0
VSP-566,2026-03-02,0.0
VSP-566,2026-03-09,0.0
VSP-566,2026-03-16,0.0
VSP-566,2026-03-23,0.0
VSP-566,2026-03-30,0.0
VSP-566,2026-04-06,0.0
VSP-566,2026-04-13,0.0
VSP-566,2026-04-20,0.0
VSP-566,2026-04-27,0.0
VSP-566,2026-05-04,0.0
VSP-566,2026-05-11,0.0
VSP-566,2026-05-18,0.0
VSP-566,2026-05-25,0.0
VSP-566,2026-06-01,0.0
VSP-566,2026-06-08,0.0
VSP-566,2026-06-15,0.0
VSP-566,2026-06-22,0.0
VSP-566,2026-06-29,0.0
VSP-566,2026-07-06,0.0
VSP-566,2026-07-13,0.0
VSP-566,2026-07-20,0.0
VSP-566,2026-07-27,0.0
VSP-566,2026-08-03,0.0
VSP-566,2026-08-10,0.0
VSP-566,2026-08-17,0.0
VSP-566,2026-08-24,0.0
VSP-566,2026-08-31,0.0
VSP-566,2026-09-07,0.0
VSP-566,2026-09-14,0.0
VSP-566,2026-09-21,0.0
VSP-566,2026-09-28,0.0
VSP-566,2026-10-05,0.0
VSP-566,2026-10-12,0.0
VSP-566,2026-10-19,0.0
VSP-566,2026-10-26,0.0
VSP-566,2026-11-02,0.0
VSP-566,2026-11-09,0.0
VSP-566,2026-11-16,0.0
VSP-566,2026-11-23,0.0
VSP-566,2026-11-30,0.0
VSP-566,2026-12-07,0.0
VSP-566,2026-12-14,0.0
VSP-566,2026-12-21,0.0
VSP-566,2026-12-28,0.0
VSP-566,2027-01-04,0.0
VSP-566,2027-01-11,0.0
VSP-566,2027-01-18,0.0
VSP-566,2027-01-25,0.0
VSP-566,2027-02-01,0.0
VSP-566,2027-02-08,0.0
VSP-566,2027-02-15,0.0
VSP-566,2027-02-22,0.0
VSP-566,2027-03-01,0.0
VSP-566,2027-03-08,0.0
VSP-566,2027-03-15,0.0
VSP-566,2027-03-22,0.0
VSP-566,2027-03-29,0.0
VSP-566,2027-04-05,0.0
VSP-566,2027-04-12,0.0
VSP-566,2027-04-19,0.0
VSP-566,2027-04-26,0.0
VSP-566,2027-05-03,0.0
VSP-566,2027-05-10,0.0
VSP-566,2027-05-17,0.0
VSP-566,2027-05-24,0.0
VSP-566,2027-05-31,0.0
VSP-566,2027-06-07,0.0
VSP-566,2027-06-14,0.0
VSP-566,2027-06-21,0.0
VSP-566,2027-06-28,0.0
VSP-566,2027-07-05,0.0
VSP-566,2027-07-12,0.0
VSP-566,2027-07-19,0.0
VSP-566,2027-07-26,0.0
VSP-566,2027-08-02,0.0
VSP-566,2027-08-09,0.0
VSP-566,2027-08-16,0.0
VSP-566,2027-08-23,0.0
VSP-566,2027-08-30,0.0
VSP-566,2027-09-06,0.0
VSP-566,2027-09-13,0.0
VSP-566,2027-09-20,0.0
VSP-566,2027-09-27,0.0
VSP-566,2027-10-04,0.0
VSP-566,2027-10-11,0.0
VSP-566,2027-10-18,0.0
VSP-566,2027-10-25,0.0
VSP-566,2027-11-01,0.0
VSP-566,2027-11-08,0.0
VSP-566,2027-11-15,0.0
VSP-566,2027-11-22,0.0
VSP-566,2027-11-29,0.0
VSP-566,2027-12-06,0.0
VSP-566,2027-12-13,0.0
VSP-566,2027-12-20,0.0
TSP-1388,2025-12-29,0.0
TSP-1388,2026-01-05,4.054540486283496
TSP-1388,2026-01-12,4.84752501513953
TSP-1388,2026-01-19,4.84752501513953
TSP-1388,2026-01-26,4.84752501513953
TSP-1388,2026-02-02,3.658048221855479
TSP-1388,2026-02-09,2.4685714285714284
TSP-1388,2026-02-16,3.3937200455701344
TSP-1388,2026-02-23,4.4950874467590705
TSP-1388,2026-03-02,2.4685714285714284
TSP-1388,2026-03-09,4.84752501513953
TSP-1388,2026-03-16,2.423762507569765
TSP-1388,2026-03-23,4.466757656382879
TSP-1388,2026-03-30,3.658048221855479
TSP-1388,2026-04-06,3.658048221855479
TSP-1388,2026-04-13,3.658048221855479
TSP-1388,2026-04-20,3.658048221855479
TSP-1388,2026-04-27,0.0
TSP-1388,2026-05-04,3.658048221855479
TSP-1388,2026-05-11,3.2772808630988286
TSP-1388,2026-05-18,4.062402939119179
TSP-1388,2026-05-25,3.658048221855479
TSP-1388,2026-06-01,4.84752501513953
TSP-1388,2026-06-08,1.1894767932840506
TSP-1388,2026-06-15,0.0
TSP-1388,2026-06-22,2.027270243141748
TSP-1388,2026-06-29,3.232471942097165
TSP-1388,2026-07-06,1.1894767932840506
TSP-1388,2026-07-13,2.4685714285714284
TSP-1388,2026-07-20,3.2772808630988286
TSP-1388,2026-07-27,3.261555957427462
TSP-1388,2026-08-03,2.423762507569765
TSP-1388,2026-08-10,3.658048221855479
TSP-1388,2026-08-17,4.466757656382879
TSP-1388,2026-08-24,3.658048221855479
TSP-1388,2026-08-31,3.658048221855479
TSP-1388,2026-09-07,3.658048221855479
TSP-1388,2026-09-14,2.4685714285714284
TSP-1388,2026-09-21,3.232471942097165
TSP-1388,2026-09-28,2.423762507569765
TSP-1388,2026-10-05,3.658048221855479
TSP-1388,2026-10-12,3.658048221855479
TSP-1388,2026-10-19,2.423762507569765
TSP-1388,2026-10-26,4.070265391954862
TSP-1388,2026-11-02,4.466757656382879
TSP-1388,2026-11-09,4.892333936141194
TSP-1388,2026-11-16,4.892333936141194
TSP-1388,2026-11-23,4.466757656382879
TSP-1388,2026-11-30,3.658048221855479
TSP-1388,2026-12-07,4.466757656382879
TSP-1388,2026-12-14,1.2342857142857142
TSP-1388,2026-12-21,0.0
TSP-1388,2026-12-28,0.0
TSP-1388,2027-01-04,1.2342857142857142
TSP-1388,2027-01-11,4.466757656382879
TSP-1388,2027-01-18,3.658048221855479
TSP-1388,2027-01-25,3.658048221855479
TSP-1388,2027-02-01,2.423762507569765
TSP-1388,2027-02-08,3.658048221855479
TSP-1388,2027-02-15,1.2342857142857142
TSP-1388,2027-02-22,3.232471942097165
TSP-1388,2027-03-01,1.2342857142857142
TSP-1388,2027-03-08,3.658048221855479
TSP-1388,2027-03-15,1.6386404315494143
TSP-1388,2027-03-22,2.423762507569765
TSP-1388,2027-03-29,1.2342857142857142
TSP-1388,2027-04-05,0.0
TSP-1388,2027-04-12,1.5038555257948476
TSP-1388,2027-04-19,1.2342857142857142
TSP-1388,2027-04-26,1.2342857142857142
TSP-1388,2027-05-03,0.0
TSP-1388,2027-05-10,1.2342857142857142
TSP-1388,2027-05-17,0.9257142857142857
TSP-1388,2027-05-24,0.0
TSP-1388,2027-05-31,0.0
TSP-1388,2027-06-07,1.1314285714285715
TSP-1388,2027-06-14,0.0
TSP-1388,2027-06-21,0.0
TSP-1388,2027-06-28,0.0
TSP-1388,2027-07-05,0.0
TSP-1388,2027-07-12,0.0
TSP-1388,2027-07-19,0.0
TSP-1388,2027-07-26,0.0
TSP-1388,2027-08-02,0.0
TSP-1388,2027-08-09,0.0
TSP-1388,2027-08-16,0.0
TSP-1388,2027-08-23,0.0
TSP-1388,2027-08-30,0.0
TSP-1388,2027-09-06,0.0
TSP-1388,2027-09-13,0.0
TSP-1388,2027-09-20,0.0
TSP-1388,2027-09-27,0.0
TSP-1388,2027-10-04,0.0
TSP-1388,2027-10-11,0.0
TSP-1388,2027-10-18,0.0
TSP-1388,2027-10-25,0.0
TSP-1388,2027-11-01,0.0
TSP-1388,2027-11-08,0.0
TSP-1388,2027-11-15,0.0
TSP-1388,2027-11-22,0.0
TSP-1388,2027-11-29,0.0
TSP-1388,2027-12-06,0.0
TSP-1388,2027-12-13,0.0
TSP-1388,2027-12-20,0.0
TSP-1444,2025-12-29,0.0
TSP-1444,2026-01-05,7.458075052893359
TSP-1444,2026-01-12,7.458075052893359
TSP-1444,2026-01-19,7.458075052893359
TSP-1444,2026-01-26,7.458075052893359
TSP-1444,2026-02-02,7.458075052893359
TSP-1444,2026-02-09,7.458075052893359
TSP-1444,2026-02-16,7.458075052893359
TSP-1444,2026-02-23,7.458075052893359
TSP-1444,2026-03-02,7.458075052893359
TSP-1444,2026-03-09,7.458075052893359
TSP-1444,2026-03-16,3.7290375264466795
TSP-1444,2026-03-23,9.827223475654733
TSP-1444,2026-03-30,7.458075052893359
TSP-1444,2026-04-06,7.458075052893359
TSP-1444,2026-04-13,7.458075052893359
TSP-1444,2026-04-20,7.458075052893359
TSP-1444,2026-04-27,0.0
TSP-1444,2026-05-04,7.458075052893359
TSP-1444,2026-05-11,9.827223475654733
TSP-1444,2026-05-18,8.642649264274047
TSP-1444,2026-05-25,7.458075052893359
TSP-1444,2026-06-01,7.458075052893359
TSP-1444,2026-06-08,0.0
TSP-1444,2026-06-15,0.0
TSP-1444,2026-06-22,3.7290375264466795
TSP-1444,2026-06-29,6.0981859492080535
TSP-1444,2026-07-06,0.0
TSP-1444,2026-07-13,7.458075052893359
TSP-1444,2026-07-20,9.827223475654733
TSP-1444,2026-07-27,7.458075052893359
TSP-1444,2026-08-03,3.7290375264466795
TSP-1444,2026-08-10,7.458075052893359
TSP-1444,2026-08-17,9.827223475654733
TSP-1444,2026-08-24,7.458075052893359
TSP-1444,2026-08-31,7.458075052893359
TSP-1444,2026-09-07,7.458075052893359
TSP-1444,2026-09-14,7.458075052893359
TSP-1444,2026-09-21,6.0981859492080535
TSP-1444,2026-09-28,3.7290375264466795
TSP-1444,2026-10-05,7.458075052893359
TSP-1444,2026-10-12,7.458075052893359
TSP-1444,2026-10-19,3.7290375264466795
TSP-1444,2026-10-26,9.827223475654733
TSP-1444,2026-11-02,9.827223475654733
TSP-1444,2026-11-09,11.18711257934004
TSP-1444,2026-11-16,11.18711257934004
TSP-1444,2026-11-23,9.827223475654733
TSP-1444,2026-11-30,7.458075052893359
TSP-1444,2026-12-07,9.827223475654733
TSP-1444,2026-12-14,3.7290375264466795
TSP-1444,2026-12-21,0.0
TSP-1444,2026-12-28,0.0
TSP-1444,2027-01-04,3.7290375264466795
TSP-1444,2027-01-11,9.827223475654733
TSP-1444,2027-01-18,7.458075052893359
TSP-1444,2027-01-25,7.458075052893359
TSP-1444,2027-02-01,3.7290375264466795
TSP-1444,2027-02-08,7.458075052893359
TSP-1444,2027-02-15,3.7290375264466795
TSP-1444,2027-02-22,6.0981859492080535
TSP-1444,2027-03-01,3.7290375264466795
TSP-1444,2027-03-08,7.458075052893359
TSP-1444,2027-03-15,4.913611737827367
TSP-1444,2027-03-22,3.7290375264466795
TSP-1444,2027-03-29,3.7290375264466795
TSP-1444,2027-04-05,0.0
TSP-1444,2027-04-12,4.518753667367138
TSP-1444,2027-04-19,3.7290375264466795
TSP-1444,2027-04-26,3.7290375264466795
TSP-1444,2027-05-03,0.0
TSP-1444,2027-05-10,3.7290375264466795
TSP-1444,2027-05-17,2.79677814483501
TSP-1444,2027-05-24,0.0
TSP-1444,2027-05-31,0.0
TSP-1444,2027-06-07,3.41828439924279
TSP-1444,2027-06-14,0.0
TSP-1444,2027-06-21,0.0
TSP-1444,2027-06-28,0.0
TSP-1444,2027-07-05,0.0
TSP-1444,2027-07-12,0.0
TSP-1444,2027-07-19,0.0
TSP-1444,2027-07-26,0.0
TSP-1444,2027-08-02,0.0
TSP-1444,2027-08-09,0.0
TSP-1444,2027-08-16,0.0
TSP-1444,2027-08-23,0.0
TSP-1444,2027-08-30,0.0
TSP-1444,2027-09-06,0.0
TSP-1444,2027-09-13,0.0
TSP-1444,2027-09-20,0.0
TSP-1444,2027-09-27,0.0
TSP-1444,2027-10-04,0.0
TSP-1444,2027-10-11,0.0
TSP-1444,2027-10-18,0.0
TSP-1444,2027-10-25,0.0
TSP-1444,2027-11-01,0.0
TSP-1444,2027-11-08,0.0
TSP-1444,2027-11-15,0.0
TSP-1444,2027-11-22,0.0
TSP-1444,2027-11-29,0.0
TSP-1444,2027-12-06,0.0
TSP-1444,2027-12-13,0.0
TSP-1444,2027-12-20,0.0
TSP-1448,2025-12-29,0.0
TSP-1448,2026-01-05,4.629994301523985
TSP-1448,2026-01-12,4.629994301523985
TSP-1448,2026-01-19,4.629994301523985
TSP-1448,2026-01-26,4.629994301523985
TSP-1448,2026-02-02,4.629994301523985
TSP-1448,2026-02-09,4.629994301523985
TSP-1448,2026-02-16,4.629994301523985
TSP-1448,2026-02-23,4.629994301523985
TSP-1448,2026-03-02,4.629994301523985
TSP-1448,2026-03-09,4.629994301523985
TSP-1448,2026-03-16,2.3149971507619926
TSP-1448,2026-03-23,6.134017780153573
TSP-1448,2026-03-30,4.629994301523985
TSP-1448,2026-04-06,4.629994301523985
TSP-1448,2026-04-13,4.629994301523985
TSP-1448,2026-04-20,4.629994301523985
TSP-1448,2026-04-27,0.0
TSP-1448,2026-05-04,4.629994301523985
TSP-1448,2026-05-11,6.134017780153573
TSP-1448,2026-05-18,5.382006040838779
TSP-1448,2026-05-25,4.629994301523985
TSP-1448,2026-06-01,4.629994301523985
TSP-1448,2026-06-08,0.0
TSP-1448,2026-06-15,0.0
TSP-1448,2026-06-22,2.3149971507619926
TSP-1448,2026-06-29,3.8190206293915803
TSP-1448,2026-07-06,0.0
TSP-1448,2026-07-13,4.629994301523985
TSP-1448,2026-07-20,6.134017780153573
TSP-1448,2026-07-27,4.629994301523985
TSP-1448,2026-08-03,2.3149971507619926
TSP-1448,2026-08-10,4.629994301523985
TSP-1448,2026-08-17,6.134017780153573
TSP-1448,2026-08-24,4.629994301523985
TSP-1448,2026-08-31,4.629994301523985
TSP-1448,2026-09-07,4.629994301523985
TSP-1448,2026-09-14,4.629994301523985
TSP-1448,2026-09-21,3.8190206293915803
TSP-1448,2026-09-28,2.3149971507619926
TSP-1448,2026-10-05,4.629994301523985
TSP-1448,2026-10-12,4.629994301523985
TSP-1448,2026-10-19,2.3149971507619926
TSP-1448,2026-10-26,6.134017780153573
TSP-1448,2026-11-02,6.134017780153573
TSP-1448,2026-11-09,6.9449914522859775
TSP-1448,2026-11-16,6.9449914522859775
TSP-1448,2026-11-23,6.134017780153573
TSP-1448,2026-11-30,4.629994301523985
TSP-1448,2026-12-07,6.134017780153573
TSP-1448,2026-12-14,2.3149971507619926
TSP-1448,2026-12-21,0.0
TSP-1448,2026-12-28,0.0
TSP-1448,2027-01-04,2.3149971507619926
TSP-1448,2027-01-11,6.134017780153573
TSP-1448,2027-01-18,4.629994301523985
TSP-1448,2027-01-25,4.629994301523985
TSP-1448,2027-02-01,2.3149971507619926
TSP-1448,2027-02-08,4.629994301523985
TSP-1448,2027-02-15,2.3149971507619926
TSP-1448,2027-02-22,3.8190206293915803
TSP-1448,2027-03-01,2.3149971507619926
TSP-1448,2027-03-08,4.629994301523985
TSP-1448,2027-03-15,3.0670088900767865
TSP-1448,2027-03-22,2.3149971507619926
TSP-1448,2027-03-29,2.3149971507619926
TSP-1448,2027-04-05,0.0
TSP-1448,2027-04-12,2.8163383103051887
TSP-1448,2027-04-19,2.3149971507619926
TSP-1448,2027-04-26,2.3149971507619926
TSP-1448,2027-05-03,0.0
TSP-1448,2027-05-10,2.3149971507619926
TSP-1448,2027-05-17,1.7362478630714944
TSP-1448,2027-05-24,0.0
TSP-1448,2027-05-31,0.0
TSP-1448,2027-06-07,2.1220807215318267
TSP-1448,2027-06-14,0.0
TSP-1448,2027-06-21,0.0
TSP-1448,2027-06-28,0.0
TSP-1448,2027-07-05,0.0
TSP-1448,2027-07-12,0.0
TSP-1448,2027-07-19,0.0
TSP-1448,2027-07-26,0.0
TSP-1448,2027-08-02,0.0
TSP-1448,2027-08-09,0.0
TSP-1448,2027-08-16,0.0
TSP-1448,2027-08-23,0.0
TSP-1448,2027-08-30,0.0
TSP-1448,2027-09-06,0.0
TSP-1448,2027-09-13,0.0
TSP-1448,2027-09-20,0.0
TSP-1448,2027-09-27,0.0
TSP-1448,2027-10-04,0.0
TSP-1448,2027-10-11,0.0
TSP-1448,2027-10-18,0.0
TSP-1448,2027-10-25,0.0
TSP-1448,2027-11-01,0.0
TSP-1448,2027-11-08,0.0
TSP-1448,2027-11-15,0.0
TSP-1448,2027-11-22,0.0
TSP-1448,2027-11-29,0.0
TSP-1448,2027-12-06,0.0
TSP-1448,2027-12-13,0.0
TSP-1448,2027-12-20,0.0
TSP-1445,2025-12-29,0.0
TSP-1445,2026-01-05,5.574477097577114
TSP-1445,2026-01-12,6.689372517092537
TSP-1445,2026-01-19,6.689372517092537
TSP-1445,2026-01-26,6.689372517092537
TSP-1445,2026-02-02,3.3446862585462687
TSP-1445,2026-02-09,1.1148954195154228
TSP-1445,2026-02-16,2.601422645535987
TSP-1445,2026-02-23,5.698354366412161
TSP-1445,2026-03-02,0.0
TSP-1445,2026-03-09,6.689372517092537
TSP-1445,2026-03-16,3.3446862585462687
TSP-1445,2026-03-23,3.3446862585462687
TSP-1445,2026-03-30,3.3446862585462687
TSP-1445,2026-04-06,3.3446862585462687
TSP-1445,2026-04-13,3.3446862585462687
TSP-1445,2026-04-20,3.3446862585462687
TSP-1445,2026-04-27,0.0
TSP-1445,2026-05-04,3.3446862585462687
TSP-1445,2026-05-11,0.0
TSP-1445,2026-05-18,3.3446862585462687
TSP-1445,2026-05-25,3.3446862585462687
TSP-1445,2026-06-01,6.689372517092537
TSP-1445,2026-06-08,3.3446862585462687
TSP-1445,2026-06-15,0.0
TSP-1445,2026-06-22,3.344686258546268
TSP-1445,2026-06-29,3.3446862585462687
TSP-1445,2026-07-06,3.3446862585462687
TSP-1445,2026-07-13,0.0
TSP-1445,2026-07-20,0.0
TSP-1445,2026-07-27,3.344686258546268
TSP-1445,2026-08-03,3.3446862585462687
TSP-1445,2026-08-10,3.3446862585462687
TSP-1445,2026-08-17,3.3446862585462687
TSP-1445,2026-08-24,3.3446862585462687
TSP-1445,2026-08-31,3.3446862585462687
TSP-1445,2026-09-07,3.3446862585462687
TSP-1445,2026-09-14,0.0
TSP-1445,2026-09-21,3.3446862585462687
TSP-1445,2026-09-28,3.3446862585462687
TSP-1445,2026-10-05,3.3446862585462687
TSP-1445,2026-10-12,3.3446862585462687
TSP-1445,2026-10-19,3.3446862585462687
TSP-1445,2026-10-26,3.344686258546268
TSP-1445,2026-11-02,3.3446862585462687
TSP-1445,2026-11-09,3.3446862585462687
TSP-1445,2026-11-16,3.3446862585462687
TSP-1445,2026-11-23,3.3446862585462687
TSP-1445,2026-11-30,3.3446862585462687
TSP-1445,2026-12-07,3.3446862585462687
TSP-1445,2026-12-14,0.0
TSP-1445,2026-12-21,0.0
TSP-1445,2026-12-28,0.0
TSP-1445,2027-01-04,0.0
TSP-1445,2027-01-11,3.3446862585462687
TSP-1445,2027-01-18,3.3446862585462687
TSP-1445,2027-01-25,4.459581678061691
TSP-1445,2027-02-01,3.3446862585462687
TSP-1445,2027-02-08,3.3446862585462687
TSP-1445,2027-02-15,0.0
TSP-1445,2027-02-22,3.3446862585462687
TSP-1445,2027-03-01,0.0
TSP-1445,2027-03-08,4.459581678061691
TSP-1445,2027-03-15,0.0
TSP-1445,2027-03-22,3.3446862585462687
TSP-1445,2027-03-29,0.0
TSP-1445,2027-04-05,1.1148954195154228
TSP-1445,2027-04-12,0.0
TSP-1445,2027-04-19,0.0
TSP-1445,2027-04-26,1.1148954195154228
TSP-1445,2027-05-03,0.0
TSP-1445,2027-05-10,0.0
TSP-1445,2027-05-17,0.0
TSP-1445,2027-05-24,1.1148954195154228
TSP-1445,2027-05-31,0.0
TSP-1445,2027-06-07,0.0
TSP-1445,2027-06-14,0.0
TSP-1445,2027-06-21,0.0
TSP-1445,2027-06-28,0.0
TSP-1445,2027-07-05,0.0
TSP-1445,2027-07-12,0.0
TSP-1445,2027-07-19,0.0
TSP-1445,2027-07-26,0.0
TSP-1445,2027-08-02,0.0
TSP-1445,2027-08-09,0.0
TSP-1445,2027-08-16,0.0
TSP-1445,2027-08-23,0.0
TSP-1445,2027-08-30,0.0
TSP-1445,2027-09-06,0.0
TSP-1445,2027-09-13,0.0
TSP-1445,2027-09-20,0.0
TSP-1445,2027-09-27,0.0
TSP-1445,2027-10-04,0.0
TSP-1445,2027-10-11,0.0
TSP-1445,2027-10-18,0.0
TSP-1445,2027-10-25,0.0
TSP-1445,2027-11-01,0.0
TSP-1445,2027-11-08,0.0
TSP-1445,2027-11-15,0.0
TSP-1445,2027-11-22,0.0
TSP-1445,2027-11-29,0.0
TSP-1445,2027-12-06,0.0
TSP-1445,2027-12-13,0.0
TSP-1445,2027-12-20,0.0
TSP-1446,2025-12-29,0.0
TSP-1446,2026-01-05,0.0
TSP-1446,2026-01-12,0.0
TSP-1446,2026-01-19,0.0
TSP-1446,2026-01-26,0.0
TSP-1446,2026-02-02,0.0
TSP-1446,2026-02-09,0.0
TSP-1446,2026-02-16,0.0
TSP-1446,2026-02-23,0.0
TSP-1446,2026-03-02,0.0
TSP-1446,2026-03-09,0.0
TSP-1446,2026-03-16,0.0
TSP-1446,2026-03-23,0.0
TSP-1446,2026-03-30,0.0
TSP-1446,2026-04-06,0.0
TSP-1446,2026-04-13,0.0
TSP-1446,2026-04-20,0.0
TSP-1446,2026-04-27,0.0
TSP-1446,2026-05-04,0.0
TSP-1446,2026-05-11,0.0
TSP-1446,2026-05-18,0.0
TSP-1446,2026-05-25,0.0
TSP-1446,2026-06-01,0.0
TSP-1446,2026-06-08,0.0
TSP-1446,2026-06-15,0.0
TSP-1446,2026-06-22,0.0
TSP-1446,2026-06-29,0.0
TSP-1446,2026-07-06,0.0
TSP-1446,2026-07-13,0.0
TSP-1446,2026-07-20,0.0
TSP-1446,2026-07-27,0.0
TSP-1446,2026-08-03,0.0
TSP-1446,2026-08-10,0.0
TSP-1446,2026-08-17,0.0
TSP-1446,2026-08-24,0.0
TSP-1446,2026-08-31,0.0
TSP-1446,2026-09-07,0.0
TSP-1446,2026-09-14,0.0
TSP-1446,2026-09-21,0.0
TSP-1446,2026-09-28,0.0
TSP-1446,2026-10-05,0.0
TSP-1446,2026-10-12,0.0
TSP-1446,2026-10-19,0.0
TSP-1446,2026-10-26,0.0
TSP-1446,2026-11-02,0.0
TSP-1446,2026-11-09,0.0
TSP-1446,2026-11-16,0.0
TSP-1446,2026-11-23,0.0
TSP-1446,2026-11-30,0.0
TSP-1446,2026-12-07,0.0
TSP-1446,2026-12-14,0.0
TSP-1446,2026-12-21,0.0
TSP-1446,2026-12-28,0.0
TSP-1446,2027-01-04,0.0
TSP-1446,2027-01-11,0.0
TSP-1446,2027-01-18,0.0
TSP-1446,2027-01-25,0.0
TSP-1446,2027-02-01,0.0
TSP-1446,2027-02-08,0.0
TSP-1446,2027-02-15,0.0
TSP-1446,2027-02-22,0.0
TSP-1446,2027-03-01,0.0
TSP-1446,2027-03-08,0.0
TSP-1446,2027-03-15,0.0
TSP-1446,2027-03-22,0.0
TSP-1446,2027-03-29,0.0
TSP-1446,2027-04-05,0.0
TSP-1446,2027-04-12,0.0
TSP-1446,2027-04-19,0.0
TSP-1446,2027-04-26,0.0
TSP-1446,2027-05-03,0.0
TSP-1446,2027-05-10,0.0
TSP-1446,2027-05-17,0.0
TSP-1446,2027-05-24,0.0
TSP-1446,2027-05-31,0.0
TSP-1446,2027-06-07,0.0
TSP-1446,2027-06-14,0.0
TSP-1446,2027-06-21,0.0
TSP-1446,2027-06-28,0.0
TSP-1446,2027-07-05,0.0
TSP-1446,2027-07-12,0.0
TSP-1446,2027-07-19,0.0
TSP-1446,2027-07-26,0.0
TSP-1446,2027-08-02,0.0
TSP-1446,2027-08-09,0.0
TSP-1446,2027-08-16,0.0
TSP-1446,2027-08-23,0.0
TSP-1446,2027-08-30,0.0
TSP-1446,2027-09-06,0.0
TSP-1446,2027-09-13,0.0
TSP-1446,2027-09-20,0.0
TSP-1446,2027-09-27,0.0
TSP-1446,2027-10-04,0.0
TSP-1446,2027-10-11,0.0
TSP-1446,2027-10-18,0.0
TSP-1446,2027-10-25,0.0
TSP-1446,2027-11-01,0.0
TSP-1446,2027-11-08,0.0
TSP-1446,2027-11-15,0.0
TSP-1446,2027-11-22,0.0
TSP-1446,2027-11-29,0.0
TSP-1446,2027-12-06,0.0
TSP-1446,2027-12-13,0.0
TSP-1446,2027-12-20,0.0
TSP-1449,2025-12-29,0.0
TSP-1449,2026-01-05,3.5676452255772544
TSP-1449,2026-01-12,4.281174270692706
TSP-1449,2026-01-19,4.281174270692706
TSP-1449,2026-01-26,4.281174270692706
TSP-1449,2026-02-02,2.140587135346353
TSP-1449,2026-02-09,0.7135290451154509
TSP-1449,2026-02-16,1.6649011052693856
TSP-1449,2026-02-23,3.6469262305900827
TSP-1449,2026-03-02,0.0
TSP-1449,2026-03-09,4.281174270692706
TSP-1449,2026-03-16,2.140587135346353
TSP-1449,2026-03-23,2.140587135346353
TSP-1449,2026-03-30,2.140587135346353
TSP-1449,2026-04-06,2.140587135346353
TSP-1449,2026-04-13,2.140587135346353
TSP-1449,2026-04-20,2.140587135346353
TSP-1449,2026-04-27,0.0
TSP-1449,2026-05-04,2.140587135346353
TSP-1449,2026-05-11,0.0
TSP-1449,2026-05-18,2.140587135346353
TSP-1449,2026-05-25,2.140587135346353
TSP-1449,2026-06-01,4.281174270692706
TSP-1449,2026-06-08,2.140587135346353
TSP-1449,2026-06-15,0.0
TSP-1449,2026-06-22,2.140587135346353
TSP-1449,2026-06-29,2.140587135346353
TSP-1449,2026-07-06,2.140587135346353
TSP-1449,2026-07-13,0.0
TSP-1449,2026-07-20,0.0
TSP-1449,2026-07-27,2.140587135346353
TSP-1449,2026-08-03,2.140587135346353
TSP-1449,2026-08-10,2.140587135346353
TSP-1449,2026-08-17,2.140587135346353
TSP-1449,2026-08-24,2.140587135346353
TSP-1449,2026-08-31,2.140587135346353
TSP-1449,2026-09-07,2.140587135346353
TSP-1449,2026-09-14,0.0
TSP-1449,2026-09-21,2.140587135346353
TSP-1449,2026-09-28,2.140587135346353
TSP-1449,2026-10-05,2.140587135346353
TSP-1449,2026-10-12,2.140587135346353
TSP-1449,2026-10-19,2.140587135346353
TSP-1449,2026-10-26,2.140587135346353
TSP-1449,2026-11-02,2.140587135346353
TSP-1449,2026-11-09,2.140587135346353
TSP-1449,2026-11-16,2.140587135346353
TSP-1449,2026-11-23,2.140587135346353
TSP-1449,2026-11-30,2.140587135346353
TSP-1449,2026-12-07,2.140587135346353
TSP-1449,2026-12-14,0.0
TSP-1449,2026-12-21,0.0
TSP-1449,2026-12-28,0.0
TSP-1449,2027-01-04,0.0
TSP-1449,2027-01-11,2.140587135346353
TSP-1449,2027-01-18,2.140587135346353
TSP-1449,2027-01-25,2.8541161804618036
TSP-1449,2027-02-01,2.140587135346353
TSP-1449,2027-02-08,2.140587135346353
TSP-1449,2027-02-15,0.0
TSP-1449,2027-02-22,2.140587135346353
TSP-1449,2027-03-01,0.0
TSP-1449,2027-03-08,2.8541161804618036
TSP-1449,2027-03-15,0.0
TSP-1449,2027-03-22,2.140587135346353
TSP-1449,2027-03-29,0.0
TSP-1449,2027-04-05,0.7135290451154509
TSP-1449,2027-04-12,0.0
TSP-1449,2027-04-19,0.0
TSP-1449,2027-04-26,0.7135290451154509
TSP-1449,2027-05-03,0.0
TSP-1449,2027-05-10,0.0
TSP-1449,2027-05-17,0.0
TSP-1449,2027-05-24,0.7135290451154509
TSP-1449,2027-05-31,0.0
TSP-1449,2027-06-07,0.0
TSP-1449,2027-06-14,0.0
TSP-1449,2027-06-21,0.0
TSP-1449,2027-06-28,0.0
TSP-1449,2027-07-05,0.0
TSP-1449,2027-07-12,0.0
TSP-1449,2027-07-19,0.0
TSP-1449,2027-07-26,0.0
TSP-1449,2027-08-02,0.0
TSP-1449,2027-08-09,0.0
TSP-1449,2027-08-16,0.0
TSP-1449,2027-08-23,0.0
TSP-1449,2027-08-30,0.0
TSP-1449,2027-09-06,0.0
TSP-1449,2027-09-13,0.0
TSP-1449,2027-09-20,0.0
TSP-1449,2027-09-27,0.0
TSP-1449,2027-10-04,0.0
TSP-1449,2027-10-11,0.0
TSP-1449,2027-10-18,0.0
TSP-1449,2027-10-25,0.0
TSP-1449,2027-11-01,0.0
TSP-1449,2027-11-08,0.0
TSP-1449,2027-11-15,0.0
TSP-1449,2027-11-22,0.0
TSP-1449,2027-11-29,0.0
TSP-1449,2027-12-06,0.0
TSP-1449,2027-12-13,0.0
TSP-1449,2027-12-20,0.0
VSP-567,2025-12-29,0.0
VSP-567,2026-01-05,0.0
VSP-567,2026-01-12,0.0
VSP-567,2026-01-19,0.0
VSP-567,2026-01-26,0.0
VSP-567,2026-02-02,0.0
VSP-567,2026-02-09,0.0
VSP-567,2026-02-16,0.0
VSP-567,2026-02-23,0.0
VSP-567,2026-03-02,0.0
VSP-567,2026-03-09,0.0
VSP-567,2026-03-16,0.0
VSP-567,2026-03-23,0.0
VSP-567,2026-03-30,0.0
VSP-567,2026-04-06,0.0
VSP-567,2026-04-13,0.0
VSP-567,2026-04-20,0.0
VSP-567,2026-04-27,0.0
VSP-567,2026-05-04,0.0
VSP-567,2026-05-11,0.0
VSP-567,2026-05-18,0.0
VSP-567,2026-05-25,0.0
VSP-567,2026-06-01,0.0
VSP-567,2026-06-08,0.0
VSP-567,2026-06-15,0.0
VSP-567,2026-06-22,0.0
VSP-567,2026-06-29,0.0
VSP-567,2026-07-06,0.0
VSP-567,2026-07-13,0.0
VSP-567,2026-07-20,0.0
VSP-567,2026-07-27,0.0
VSP-567,2026-08-03,0.0
VSP-567,2026-08-10,0.0
VSP-567,2026-08-17,0.0
VSP-567,2026-08-24,0.0
VSP-567,2026-08-31,0.0
VSP-567,2026-09-07,0.0
VSP-567,2026-09-14,0.0
VSP-567,2026-09-21,0.0
VSP-567,2026-09-28,0.0
VSP-567,2026-10-05,0.0
VSP-567,2026-10-12,0.0
VSP-567,2026-10-19,0.0
VSP-567,2026-10-26,0.0
VSP-567,2026-11-02,0.0
VSP-567,2026-11-09,0.0
VSP-567,2026-11-16,0.0
VSP-567,2026-11-23,0.0
VSP-567,2026-11-30,0.0
VSP-567,2026-12-07,0.0
VSP-567,2026-12-14,0.0
VSP-567,2026-12-21,0.0
VSP-567,2026-12-28,0.0
VSP-567,2027-01-04,0.0
VSP-567,2027-01-11,0.0
VSP-567,2027-01-18,0.0
VSP-567,2027-01-25,0.0
VSP-567,2027-02-01,0.0
VSP-567,2027-02-08,0.0
VSP-567,2027-02-15,0.0
VSP-567,2027-02-22,0.0
VSP-567,2027-03-01,0.0
VSP-567,2027-03-08,0.0
VSP-567,2027-03-15,0.0
VSP-567,2027-03-22,0.0
VSP-567,2027-03-29,0.0
VSP-567,2027-04-05,0.0
VSP-567,2027-04-12,0.0
VSP-567,2027-04-19,0.0
VSP-567,2027-04-26,0.0
VSP-567,2027-05-03,0.0
VSP-567,2027-05-10,0.0
VSP-567,2027-05-17,0.0
VSP-567,2027-05-24,0.0
VSP-567,2027-05-31,0.0
VSP-567,2027-06-07,0.0
VSP-567,2027-06-14,0.0
VSP-567,2027-06-21,0.0
VSP-567,2027-06-28,0.0
VSP-567,2027-07-05,0.0
VSP-567,2027-07-12,0.0
VSP-567,2027-07-19,0.0
VSP-567,2027-07-26,0.0
VSP-567,2027-08-02,0.0
VSP-567,2027-08-09,0.0
VSP-567,2027-08-16,0.0
VSP-567,2027-08-23,0.0
VSP-567,2027-08-30,0.0
VSP-567,2027-09-06,0.0
VSP-567,2027-09-13,0.0
VSP-567,2027-09-20,0.0
VSP-567,2027-09-27,0.0
VSP-567,2027-10-04,0.0
VSP-567,2027-10-11,0.0
VSP-567,2027-10-18,0.0
VSP-567,2027-10-25,0.0
VSP-567,2027-11-01,0.0
VSP-567,2027-11-08,0.0
VSP-567,2027-11-15,0.0
VSP-567,2027-11-22,0.0
VSP-567,2027-11-29,0.0
VSP-567,2027-12-06,0.0
VSP-567,2027-12-13,0.0
VSP-567,2027-12-20,0.0
VSP-600,2025-12-29,0.0
VSP-600,2026-01-05,0.0
VSP-600,2026-01-12,0.0
VSP-600,2026-01-19,0.0
VSP-600,2026-01-26,0.0
VSP-600,2026-02-02,0.0
VSP-600,2026-02-09,0.0
VSP-600,2026-02-16,0.0
VSP-600,2026-02-23,0.0
VSP-600,2026-03-02,3.8408912073231187
VSP-600,2026-03-09,0.0
VSP-600,2026-03-16,3.8408912073231187
VSP-600,2026-03-23,0.0
VSP-600,2026-03-30,0.0
VSP-600,2026-04-06,0.0
VSP-600,2026-04-13,3.8408912073231187
VSP-600,2026-04-20,0.0
VSP-600,2026-04-27,0.0
VSP-600,2026-05-04,0.0
VSP-600,2026-05-11,3.8408912073231187
VSP-600,2026-05-18,0.0
VSP-600,2026-05-25,0.0
VSP-600,2026-06-01,0.0
VSP-600,2026-06-08,3.8408912073231187
VSP-600,2026-06-15,0.0
VSP-600,2026-06-22,0.0
VSP-600,2026-06-29,0.0
VSP-600,2026-07-06,3.8408912073231187
VSP-600,2026-07-13,0.0
VSP-600,2026-07-20,0.0
VSP-600,2026-07-27,0.0
VSP-600,2026-08-03,0.0
VSP-600,2026-08-10,0.0
VSP-600,2026-08-17,3.8408912073231187
VSP-600,2026-08-24,3.8408912073231187
VSP-600,2026-08-31,0.0
VSP-600,2026-09-07,3.8408912073231187
VSP-600,2026-09-14,0.0
VSP-600,2026-09-21,0.0
VSP-600,2026-09-28,0.0
VSP-600,2026-10-05,0.0
VSP-600,2026-10-12,3.8408912073231187
VSP-600,2026-10-19,0.0
VSP-600,2026-10-26,0.0
VSP-600,2026-11-02,0.0
VSP-600,2026-11-09,0.0
VSP-600,2026-11-16,0.0
VSP-600,2026-11-23,3.8408912073231187
VSP-600,2026-11-30,0.0
VSP-600,2026-12-07,0.0
VSP-600,2026-12-14,0.0
VSP-600,2026-12-21,0.0
VSP-600,2026-12-28,0.0
VSP-600,2027-01-04,0.0
VSP-600,2027-01-11,0.0
VSP-600,2027-01-18,3.8408912073231187
VSP-600,2027-01-25,0.0
VSP-600,2027-02-01,0.0
VSP-600,2027-02-08,0.0
VSP-600,2027-02-15,3.8408912073231187
VSP-600,2027-02-22,0.0
VSP-600,2027-03-01,0.0
VSP-600,2027-03-08,0.0
VSP-600,2027-03-15,0.0
VSP-600,2027-03-22,0.0
VSP-600,2027-03-29,0.0
VSP-600,2027-04-05,0.0
VSP-600,2027-04-12,0.0
VSP-600,2027-04-19,0.0
VSP-600,2027-04-26,0.0
VSP-600,2027-05-03,0.0
VSP-600,2027-05-10,0.0
VSP-600,2027-05-17,0.0
VSP-600,2027-05-24,0.0
VSP-600,2027-05-31,0.0
VSP-600,2027-06-07,0.0
VSP-600,2027-06-14,0.0
VSP-600,2027-06-21,0.0
VSP-600,2027-06-28,0.0
VSP-600,2027-07-05,0.0
VSP-600,2027-07-12,0.0
VSP-600,2027-07-19,0.0
VSP-600,2027-07-26,0.0
VSP-600,2027-08-02,0.0
VSP-600,2027-08-09,0.0
VSP-600,2027-08-16,0.0
VSP-600,2027-08-23,0.0
VSP-600,2027-08-30,0.0
VSP-600,2027-09-06,0.0
VSP-600,2027-09-13,0.0
VSP-600,2027-09-20,0.0
VSP-600,2027-09-27,0.0
VSP-600,2027-10-04,0.0
VSP-600,2027-10-11,0.0
VSP-600,2027-10-18,0.0
VSP-600,2027-10-25,0.0
VSP-600,2027-11-01,0.0
VSP-600,2027-11-08,0.0
VSP-600,2027-11-15,0.0
VSP-600,2027-11-22,0.0
VSP-600,2027-11-29,0.0
VSP-600,2027-12-06,0.0
VSP-600,2027-12-13,0.0
VSP-600,2027-12-20,0.0
VSP-601,2025-12-29,0.0
VSP-601,2026-01-05,0.0
VSP-601,2026-01-12,0.0
VSP-601,2026-01-19,0.0
VSP-601,2026-01-26,0.0
VSP-601,2026-02-02,0.0
VSP-601,2026-02-09,0.0
VSP-601,2026-02-16,0.0
VSP-601,2026-02-23,0.0
VSP-601,2026-03-02,3.844512359077455
VSP-601,2026-03-09,0.0
VSP-601,2026-03-16,3.844512359077455
VSP-601,2026-03-23,0.0
VSP-601,2026-03-30,0.0
VSP-601,2026-04-06,0.0
VSP-601,2026-04-13,3.844512359077455
VSP-601,2026-04-20,0.0
VSP-601,2026-04-27,0.0
VSP-601,2026-05-04,0.0
VSP-601,2026-05-11,3.844512359077455
VSP-601,2026-05-18,0.0
VSP-601,2026-05-25,0.0
VSP-601,2026-06-01,0.0
VSP-601,2026-06-08,3.844512359077455
VSP-601,2026-06-15,0.0
VSP-601,2026-06-22,0.0
VSP-601,2026-06-29,0.0
VSP-601,2026-07-06,3.844512359077455
VSP-601,2026-07-13,0.0
VSP-601,2026-07-20,0.0
VSP-601,2026-07-27,0.0
VSP-601,2026-08-03,0.0
VSP-601,2026-08-10,0.0
VSP-601,2026-08-17,3.844512359077455
VSP-601,2026-08-24,3.844512359077455
VSP-601,2026-08-31,0.0
VSP-601,2026-09-07,3.844512359077455
VSP-601,2026-09-14,0.0
VSP-601,2026-09-21,0.0
VSP-601,2026-09-28,0.0
VSP-601,2026-10-05,0.0
VSP-601,2026-10-12,3.844512359077455
VSP-601,2026-10-19,0.0
VSP-601,2026-10-26,0.0
VSP-601,2026-11-02,0.0
VSP-601,2026-11-09,0.0
VSP-601,2026-11-16,0.0
VSP-601,2026-11-23,3.844512359077455
VSP-601,2026-11-30,0.0
VSP-601,2026-12-07,0.0
VSP-601,2026-12-14,0.0
VSP-601,2026-12-21,0.0
VSP-601,2026-12-28,0.0
VSP-601,2027-01-04,0.0
VSP-601,2027-01-11,0.0
VSP-601,2027-01-18,3.844512359077455
VSP-601,2027-01-25,0.0
VSP-601,2027-02-01,0.0
VSP-601,2027-02-08,0.0
VSP-601,2027-02-15,3.844512359077455
VSP-601,2027-02-22,0.0
VSP-601,2027-03-01,0.0
VSP-601,2027-03-08,0.0
VSP-601,2027-03-15,0.0
VSP-601,2027-03-22,0.0
VSP-601,2027-03-29,0.0
VSP-601,2027-04-05,0.0
VSP-601,2027-04-12,0.0
VSP-601,2027-04-19,0.0
VSP-601,2027-04-26,0.0
VSP-601,2027-05-03,0.0
VSP-601,2027-05-10,0.0
VSP-601,2027-05-17,0.0
VSP-601,2027-05-24,0.0
VSP-601,2027-05-31,0.0
VSP-601,2027-06-07,0.0
VSP-601,2027-06-14,0.0
VSP-601,2027-06-21,0.0
VSP-601,2027-06-28,0.0
VSP-601,2027-07-05,0.0
VSP-601,2027-07-12,0.0
VSP-601,2027-07-19,0.0
VSP-601,2027-07-26,0.0
VSP-601,2027-08-02,0.0
VSP-601,2027-08-09,0.0
VSP-601,2027-08-16,0.0
VSP-601,2027-08-23,0.0
VSP-601,2027-08-30,0.0
VSP-601,2027-09-06,0.0
VSP-601,2027-09-13,0.0
VSP-601,2027-09-20,0.0
VSP-601,2027-09-27,0.0
VSP-601,2027-10-04,0.0
VSP-601,2027-10-11,0.0
VSP-601,2027-10-18,0.0
VSP-601,2027-10-25,0.0
VSP-601,2027-11-01,0.0
VSP-601,2027-11-08,0.0
VSP-601,2027-11-15,0.0
VSP-601,2027-11-22,0.0
VSP-601,2027-11-29,0.0
VSP-601,2027-12-06,0.0
VSP-601,2027-12-13,0.0
VSP-601,2027-12-20,0.0
VSP-602,2025-12-29,0.0
VSP-602,2026-01-05,0.0
VSP-602,2026-01-12,0.0
VSP-602,2026-01-19,0.0
VSP-602,2026-01-26,0.0
VSP-602,2026-02-02,0.0
VSP-602,2026-02-09,0.0
VSP-602,2026-02-16,0.0
VSP-602,2026-02-23,0.0
VSP-602,2026-03-02,3.845278475612647
VSP-602,2026-03-09,0.0
VSP-602,2026-03-16,3.845278475612647
VSP-602,2026-03-23,0.0
VSP-602,2026-03-30,0.0
VSP-602,2026-04-06,0.0
VSP-602,2026-04-13,3.845278475612647
VSP-602,2026-04-20,0.0
VSP-602,2026-04-27,0.0
VSP-602,2026-05-04,0.0
VSP-602,2026-05-11,3.845278475612647
VSP-602,2026-05-18,0.0
VSP-602,2026-05-25,0.0
VSP-602,2026-06-01,0.0
VSP-602,2026-06-08,3.845278475612647
VSP-602,2026-06-15,0.0
VSP-602,2026-06-22,0.0
VSP-602,2026-06-29,0.0
VSP-602,2026-07-06,3.845278475612647
VSP-602,2026-07-13,0.0
VSP-602,2026-07-20,0.0
VSP-602,2026-07-27,0.0
VSP-602,2026-08-03,0.0
VSP-602,2026-08-10,0.0
VSP-602,2026-08-17,3.845278475612647
VSP-602,2026-08-24,3.845278475612647
VSP-602,2026-08-31,0.0
VSP-602,2026-09-07,3.845278475612647
VSP-602,2026-09-14,0.0
VSP-602,2026-09-21,0.0
VSP-602,2026-09-28,0.0
VSP-602,2026-10-05,0.0
VSP-602,2026-10-12,3.845278475612647
VSP-602,2026-10-19,0.0
VSP-602,2026-10-26,0.0
VSP-602,2026-11-02,0.0
VSP-602,2026-11-09,0.0
VSP-602,2026-11-16,0.0
VSP-602,2026-11-23,3.845278475612647
VSP-602,2026-11-30,0.0
VSP-602,2026-12-07,0.0
VSP-602,2026-12-14,0.0
VSP-602,2026-12-21,0.0
VSP-602,2026-12-28,0.0
VSP-602,2027-01-04,0.0
VSP-602,2027-01-11,0.0
VSP-602,2027-01-18,3.845278475612647
VSP-602,2027-01-25,0.0
VSP-602,2027-02-01,0.0
VSP-602,2027-02-08,0.0
VSP-602,2027-02-15,3.845278475612647
VSP-602,2027-02-22,0.0
VSP-602,2027-03-01,0.0
VSP-602,2027-03-08,0.0
VSP-602,2027-03-15,0.0
VSP-602,2027-03-22,0.0
VSP-602,2027-03-29,0.0
VSP-602,2027-04-05,0.0
VSP-602,2027-04-12,0.0
VSP-602,2027-04-19,0.0
VSP-602,2027-04-26,0.0
VSP-602,2027-05-03,0.0
VSP-602,2027-05-10,0.0
VSP-602,2027-05-17,0.0
VSP-602,2027-05-24,0.0
VSP-602,2027-05-31,0.0
VSP-602,2027-06-07,0.0
VSP-602,2027-06-14,0.0
VSP-602,2027-06-21,0.0
VSP-602,2027-06-28,0.0
VSP-602,2027-07-05,0.0
VSP-602,2027-07-12,0.0
VSP-602,2027-07-19,0.0
VSP-602,2027-07-26,0.0
VSP-602,2027-08-02,0.0
VSP-602,2027-08-09,0.0
VSP-602,2027-08-16,0.0
VSP-602,2027-08-23,0.0
VSP-602,2027-08-30,0.0
VSP-602,2027-09-06,0.0
VSP-602,2027-09-13,0.0
VSP-602,2027-09-20,0.0
VSP-602,2027-09-27,0.0
VSP-602,2027-10-04,0.0
VSP-602,2027-10-11,0.0
VSP-602,2027-10-18,0.0
VSP-602,2027-10-25,0.0
VSP-602,2027-11-01,0.0
VSP-602,2027-11-08,0.0
VSP-602,2027-11-15,0.0
VSP-602,2027-11-22,0.0
VSP-602,2027-11-29,0.0
VSP-602,2027-12-06,0.0
VSP-602,2027-12-13,0.0
VSP-602,2027-12-20,0.0
VSP-603,2025-12-29,0.0
VSP-603,2026-01-05,0.0
VSP-603,2026-01-12,0.0
VSP-603,2026-01-19,0.0
VSP-603,2026-01-26,0.0
VSP-603,2026-02-02,0.0
VSP-603,2026-02-09,0.0
VSP-603,2026-02-16,0.0
VSP-603,2026-02-23,0.0
VSP-603,2026-03-02,0.0
VSP-603,2026-03-09,0.0
VSP-603,2026-03-16,0.0
VSP-603,2026-03-23,0.0
VSP-603,2026-03-30,0.0
VSP-603,2026-04-06,0.0
VSP-603,2026-04-13,0.0
VSP-603,2026-04-20,0.0
VSP-603,2026-04-27,0.0
VSP-603,2026-05-04,0.0
VSP-603,2026-05-11,0.0
VSP-603,2026-05-18,0.0
VSP-603,2026-05-25,0.0
VSP-603,2026-06-01,0.0
VSP-603,2026-06-08,0.0
VSP-603,2026-06-15,0.0
VSP-603,2026-06-22,0.0
VSP-603,2026-06-29,0.0
VSP-603,2026-07-06,0.0
VSP-603,2026-07-13,0.0
VSP-603,2026-07-20,0.0
VSP-603,2026-07-27,0.0
VSP-603,2026-08-03,0.0
VSP-603,2026-08-10,0.0
VSP-603,2026-08-17,0.0
VSP-603,2026-08-24,0.0
VSP-603,2026-08-31,0.0
VSP-603,2026-09-07,0.0
VSP-603,2026-09-14,0.0
VSP-603,2026-09-21,0.0
VSP-603,2026-09-28,0.0
VSP-603,2026-10-05,0.0
VSP-603,2026-10-12,0.0
VSP-603,2026-10-19,0.0
VSP-603,2026-10-26,0.0
VSP-603,2026-11-02,0.0
VSP-603,2026-11-09,0.0
VSP-603,2026-11-16,0.0
VSP-603,2026-11-23,0.0
VSP-603,2026-11-30,0.0
VSP-603,2026-12-07,0.0
VSP-603,2026-12-14,0.0
VSP-603,2026-12-21,0.0
VSP-603,2026-12-28,0.0
VSP-603,2027-01-04,0.0
VSP-603,2027-01-11,0.0
VSP-603,2027-01-18,0.0
VSP-603,2027-01-25,0.0
VSP-603,2027-02-01,0.0
VSP-603,2027-02-08,0.0
VSP-603,2027-02-15,0.0
VSP-603,2027-02-22,0.0
VSP-603,2027-03-01,0.0
VSP-603,2027-03-08,0.0
VSP-603,2027-03-15,0.0
VSP-603,2027-03-22,0.0
VSP-603,2027-03-29,0.0
VSP-603,2027-04-05,0.0
VSP-603,2027-04-12,0.0
VSP-603,2027-04-19,0.0
VSP-603,2027-04-26,0.0
VSP-603,2027-05-03,0.0
VSP-603,2027-05-10,0.0
VSP-603,2027-05-17,0.0
VSP-603,2027-05-24,0.0
VSP-603,2027-05-31,0.0
VSP-603,2027-06-07,0.0
VSP-603,2027-06-14,0.0
VSP-603,2027-06-21,0.0
VSP-603,2027-06-28,0.0
VSP-603,2027-07-05,0.0
VSP-603,2027-07-12,0.0
VSP-603,2027-07-19,0.0
VSP-603,2027-07-26,0.0
VSP-603,2027-08-02,0.0
VSP-603,2027-08-09,0.0
VSP-603,2027-08-16,0.0
VSP-603,2027-08-23,0.0
VSP-603,2027-08-30,0.0
VSP-603,2027-09-06,0.0
VSP-603,2027-09-13,0.0
VSP-603,2027-09-20,0.0
VSP-603,2027-09-27,0.0
VSP-603,2027-10-04,0.0
VSP-603,2027-10-11,0.0
VSP-603,2027-10-18,0.0
VSP-603,2027-10-25,0.0
VSP-603,2027-11-01,0.0
VSP-603,2027-11-08,0.0
VSP-603,2027-11-15,0.0
VSP-603,2027-11-22,0.0
VSP-603,2027-11-29,0.0
VSP-603,2027-12-06,0.0
VSP-603,2027-12-13,0.0
VSP-603,2027-12-20,0.0
VSP-604,2025-12-29,0.0
VSP-604,2026-01-05,0.0
VSP-604,2026-01-12,0.0
VSP-604,2026-01-19,0.0
VSP-604,2026-01-26,0.0
VSP-604,2026-02-02,0.0
VSP-604,2026-02-09,0.0
VSP-604,2026-02-16,0.0
VSP-604,2026-02-23,0.0
VSP-604,2026-03-02,0.0
VSP-604,2026-03-09,0.0
VSP-604,2026-03-16,0.0
VSP-604,2026-03-23,0.0
VSP-604,2026-03-30,0.0
VSP-604,2026-04-06,0.0
VSP-604,2026-04-13,0.0
VSP-604,2026-04-20,0.0
VSP-604,2026-04-27,0.0
VSP-604,2026-05-04,0.0
VSP-604,2026-05-11,0.0
VSP-604,2026-05-18,0.0
VSP-604,2026-05-25,0.0
VSP-604,2026-06-01,0.0
VSP-604,2026-06-08,0.0
VSP-604,2026-06-15,0.0
VSP-604,2026-06-22,0.0
VSP-604,2026-06-29,0.0
VSP-604,2026-07-06,0.0
VSP-604,2026-07-13,0.0
VSP-604,2026-07-20,0.0
VSP-604,2026-07-27,0.0
VSP-604,2026-08-03,0.0
VSP-604,2026-08-10,0.0
VSP-604,2026-08-17,0.0
VSP-604,2026-08-24,0.0
VSP-604,2026-08-31,0.0
VSP-604,2026-09-07,0.0
VSP-604,2026-09-14,0.0
VSP-604,2026-09-21,0.0
VSP-604,2026-09-28,0.0
VSP-604,2026-10-05,0.0
VSP-604,2026-10-12,0.0
VSP-604,2026-10-19,0.0
VSP-604,2026-10-26,0.0
VSP-604,2026-11-02,0.0
VSP-604,2026-11-09,0.0
VSP-604,2026-11-16,0.0
VSP-604,2026-11-23,0.0
VSP-604,2026-11-30,0.0
VSP-604,2026-12-07,0.0
VSP-604,2026-12-14,0.0
VSP-604,2026-12-21,0.0
VSP-604,2026-12-28,0.0
VSP-604,2027-01-04,0.0
VSP-604,2027-01-11,0.0
VSP-604,2027-01-18,0.0
VSP-604,2027-01-25,0.0
VSP-604,2027-02-01,0.0
VSP-604,2027-02-08,0.0
VSP-604,2027-02-15,0.0
VSP-604,2027-02-22,0.0
VSP-604,2027-03-01,0.0
VSP-604,2027-03-08,0.0
VSP-604,2027-03-15,0.0
VSP-604,2027-03-22,0.0
VSP-604,2027-03-29,0.0
VSP-604,2027-04-05,0.0
VSP-604,2027-04-12,0.0
VSP-604,2027-04-19,0.0
VSP-604,2027-04-26,0.0
VSP-604,2027-05-03,0.0
VSP-604,2027-05-10,0.0
VSP-604,2027-05-17,0.0
VSP-604,2027-05-24,0.0
VSP-604,2027-05-31,0.0
VSP-604,2027-06-07,0.0
VSP-604,2027-06-14,0.0
VSP-604,2027-06-21,0.0
VSP-604,2027-06-28,0.0
VSP-604,2027-07-05,0.0
VSP-604,2027-07-12,0.0
VSP-604,2027-07-19,0.0
VSP-604,2027-07-26,0.0
VSP-604,2027-08-02,0.0
VSP-604,2027-08-09,0.0
VSP-604,2027-08-16,0.0
VSP-604,2027-08-23,0.0
VSP-604,2027-08-30,0.0
VSP-604,2027-09-06,0.0
VSP-604,2027-09-13,0.0
VSP-604,2027-09-20,0.0
VSP-604,2027-09-27,0.0
VSP-604,2027-10-04,0.0
VSP-604,2027-10-11,0.0
VSP-604,2027-10-18,0.0
VSP-604,2027-10-25,0.0
VSP-604,2027-11-01,0.0
VSP-604,2027-11-08,0.0
VSP-604,2027-11-15,0.0
VSP-604,2027-11-22,0.0
VSP-604,2027-11-29,0.0
VSP-604,2027-12-06,0.0
VSP-604,2027-12-13,0.0
VSP-604,2027-12-20,0.0
VSP-605,2025-12-29,0.0
VSP-605,2026-01-05,0.0
VSP-605,2026-01-12,0.0
VSP-605,2026-01-19,0.0
VSP-605,2026-01-26,0.0
VSP-605,2026-02-02,0.0
VSP-605,2026-02-09,0.0
VSP-605,2026-02-16,0.0
VSP-605,2026-02-23,0.0
VSP-605,2026-03-02,0.0
VSP-605,2026-03-09,0.0
VSP-605,2026-03-16,0.0
VSP-605,2026-03-23,0.0
VSP-605,2026-03-30,0.0
VSP-605,2026-04-06,0.0
VSP-605,2026-04-13,0.0
VSP-605,2026-04-20,0.0
VSP-605,2026-04-27,0.0
VSP-605,2026-05-04,0.0
VSP-605,2026-05-11,0.0
VSP-605,2026-05-18,0.0
VSP-605,2026-05-25,0.0
VSP-605,2026-06-01,0.0
VSP-605,2026-06-08,0.0
VSP-605,2026-06-15,0.0
VSP-605,2026-06-22,0.0
VSP-605,2026-06-29,0.0
VSP-605,2026-07-06,0.0
VSP-605,2026-07-13,0.0
VSP-605,2026-07-20,0.0
VSP-605,2026-07-27,0.0
VSP-605,2026-08-03,0.0
VSP-605,2026-08-10,0.0
VSP-605,2026-08-17,0.0
VSP-605,2026-08-24,0.0
VSP-605,2026-08-31,0.0
VSP-605,2026-09-07,0.0
VSP-605,2026-09-14,0.0
VSP-605,2026-09-21,0.0
VSP-605,2026-09-28,0.0
VSP-605,2026-10-05,0.0
VSP-605,2026-10-12,0.0
VSP-605,2026-10-19,0.0
VSP-605,2026-10-26,0.0
VSP-605,2026-11-02,0.0
VSP-605,2026-11-09,0.0
VSP-605,2026-11-16,0.0
VSP-605,2026-11-23,0.0
VSP-605,2026-11-30,0.0
VSP-605,2026-12-07,0.0
VSP-605,2026-12-14,0.0
VSP-605,2026-12-21,0.0
VSP-605,2026-12-28,0.0
VSP-605,2027-01-04,0.0
VSP-605,2027-01-11,0.0
VSP-605,2027-01-18,0.0
VSP-605,2027-01-25,0.0
VSP-605,2027-02-01,0.0
VSP-605,2027-02-08,0.0
VSP-605,2027-02-15,0.0
VSP-605,2027-02-22,0.0
VSP-605,2027-03-01,0.0
VSP-605,2027-03-08,0.0
VSP-605,2027-03-15,0.0
VSP-605,2027-03-22,0.0
VSP-605,2027-03-29,0.0
VSP-605,2027-04-05,0.0
VSP-605,2027-04-12,0.0
VSP-605,2027-04-19,0.0
VSP-605,2027-04-26,0.0
VSP-605,2027-05-03,0.0
VSP-605,2027-05-10,0.0
VSP-605,2027-05-17,0.0
VSP-605,2027-05-24,0.0
VSP-605,2027-05-31,0.0
VSP-605,2027-06-07,0.0
VSP-605,2027-06-14,0.0
VSP-605,2027-06-21,0.0
VSP-605,2027-06-28,0.0
VSP-605,2027-07-05,0.0
VSP-605,2027-07-12,0.0
VSP-605,2027-07-19,0.0
VSP-605,2027-07-26,0.0
VSP-605,2027-08-02,0.0
VSP-605,2027-08-09,0.0
VSP-605,2027-08-16,0.0
VSP-605,2027-08-23,0.0
VSP-605,2027-08-30,0.0
VSP-605,2027-09-06,0.0
VSP-605,2027-09-13,0.0
VSP-605,2027-09-20,0.0
VSP-605,2027-09-27,0.0
VSP-605,2027-10-04,0.0
VSP-605,2027-10-11,0.0
VSP-605,2027-10-18,0.0
VSP-605,2027-10-25,0.0
VSP-605,2027-11-01,0.0
VSP-605,2027-11-08,0.0
VSP-605,2027-11-15,0.0
VSP-605,2027-11-22,0.0
VSP-605,2027-11-29,0.0
VSP-605,2027-12-06,0.0
VSP-605,2027-12-13,0.0
VSP-605,2027-12-20,0.0
VSP-606,2025-12-29,0.0
VSP-606,2026-01-05,0.0
VSP-606,2026-01-12,0.0
VSP-606,2026-01-19,0.0
VSP-606,2026-01-26,0.0
VSP-606,2026-02-02,0.0
VSP-606,2026-02-09,0.0
VSP-606,2026-02-16,0.0
VSP-606,2026-02-23,0.0
VSP-606,2026-03-02,0.0
VSP-606,2026-03-09,0.0
VSP-606,2026-03-16,0.0
VSP-606,2026-03-23,0.0
VSP-606,2026-03-30,0.0
VSP-606,2026-04-06,0.0
VSP-606,2026-04-13,0.0
VSP-606,2026-04-20,0.0
VSP-606,2026-04-27,0.0
VSP-606,2026-05-04,0.0
VSP-606,2026-05-11,0.0
VSP-606,2026-05-18,0.0
VSP-606,2026-05-25,0.0
VSP-606,2026-06-01,0.0
VSP-606,2026-06-08,0.0
VSP-606,2026-06-15,0.0
VSP-606,2026-06-22,0.0
VSP-606,2026-06-29,0.0
VSP-606,2026-07-06,0.0
VSP-606,2026-07-13,0.0
VSP-606,2026-07-20,0.0
VSP-606,2026-07-27,0.0
VSP-606,2026-08-03,0.0
VSP-606,2026-08-10,0.0
VSP-606,2026-08-17,0.0
VSP-606,2026-08-24,0.0
VSP-606,2026-08-31,0.0
VSP-606,2026-09-07,0.0
VSP-606,2026-09-14,0.0
VSP-606,2026-09-21,0.0
VSP-606,2026-09-28,0.0
VSP-606,2026-10-05,0.0
VSP-606,2026-10-12,0.0
VSP-606,2026-10-19,0.0
VSP-606,2026-10-26,0.0
VSP-606,2026-11-02,0.0
VSP-606,2026-11-09,0.0
VSP-606,2026-11-16,0.0
VSP-606,2026-11-23,0.0
VSP-606,2026-11-30,0.0
VSP-606,2026-12-07,0.0
VSP-606,2026-12-14,0.0
VSP-606,2026-12-21,0.0
VSP-606,2026-12-28,0.0
VSP-606,2027-01-04,0.0
VSP-606,2027-01-11,0.0
VSP-606,2027-01-18,0.0
VSP-606,2027-01-25,0.0
VSP-606,2027-02-01,0.0
VSP-606,2027-02-08,0.0
VSP-606,2027-02-15,0.0
VSP-606,2027-02-22,0.0
VSP-606,2027-03-01,0.0
VSP-606,2027-03-08,0.0
VSP-606,2027-03-15,0.0
VSP-606,2027-03-22,0.0
VSP-606,2027-03-29,0.0
VSP-606,2027-04-05,0.0
VSP-606,2027-04-12,0.0
VSP-606,2027-04-19,0.0
VSP-606,2027-04-26,0.0
VSP-606,2027-05-03,0.0
VSP-606,2027-05-10,0.0
VSP-606,2027-05-17,0.0
VSP-606,2027-05-24,0.0
VSP-606,2027-05-31,0.0
VSP-606,2027-06-07,0.0
VSP-606,2027-06-14,0.0
VSP-606,2027-06-21,0.0
VSP-606,2027-06-28,0.0
VSP-606,2027-07-05,0.0
VSP-606,2027-07-12,0.0
VSP-606,2027-07-19,0.0
VSP-606,2027-07-26,0.0
VSP-606,2027-08-02,0.0
VSP-606,2027-08-09,0.0
VSP-606,2027-08-16,0.0
VSP-606,2027-08-23,0.0
VSP-606,2027-08-30,0.0
VSP-606,2027-09-06,0.0
VSP-606,2027-09-13,0.0
VSP-606,2027-09-20,0.0
VSP-606,2027-09-27,0.0
VSP-606,2027-10-04,0.0
VSP-606,2027-10-11,0.0
VSP-606,2027-10-18,0.0
VSP-606,2027-10-25,0.0
VSP-606,2027-11-01,0.0
VSP-606,2027-11-08,0.0
VSP-606,2027-11-15,0.0
VSP-606,2027-11-22,0.0
VSP-606,2027-11-29,0.0
VSP-606,2027-12-06,0.0
VSP-606,2027-12-13,0.0
VSP-606,2027-12-20,0.0
VSP-607,2025-12-29,0.0
VSP-607,2026-01-05,0.0
VSP-607,2026-01-12,0.0
VSP-607,2026-01-19,0.0
VSP-607,2026-01-26,0.0
VSP-607,2026-02-02,0.0
VSP-607,2026-02-09,0.0
VSP-607,2026-02-16,0.0
VSP-607,2026-02-23,0.0
VSP-607,2026-03-02,0.0
VSP-607,2026-03-09,0.0
VSP-607,2026-03-16,0.0
VSP-607,2026-03-23,0.0
VSP-607,2026-03-30,0.0
VSP-607,2026-04-06,0.0
VSP-607,2026-04-13,0.0
VSP-607,2026-04-20,0.0
VSP-607,2026-04-27,0.0
VSP-607,2026-05-04,0.0
VSP-607,2026-05-11,0.0
VSP-607,2026-05-18,0.0
VSP-607,2026-05-25,0.0
VSP-607,2026-06-01,0.0
VSP-607,2026-06-08,0.0
VSP-607,2026-06-15,0.0
VSP-607,2026-06-22,0.0
VSP-607,2026-06-29,0.0
VSP-607,2026-07-06,0.0
VSP-607,2026-07-13,0.0
VSP-607,2026-07-20,0.0
VSP-607,2026-07-27,0.0
VSP-607,2026-08-03,0.0
VSP-607,2026-08-10,0.0
VSP-607,2026-08-17,0.0
VSP-607,2026-08-24,0.0
VSP-607,2026-08-31,0.0
VSP-607,2026-09-07,0.0
VSP-607,2026-09-14,0.0
VSP-607,2026-09-21,0.0
VSP-607,2026-09-28,0.0
VSP-607,2026-10-05,0.0
VSP-607,2026-10-12,0.0
VSP-607,2026-10-19,0.0
VSP-607,2026-10-26,0.0
VSP-607,2026-11-02,0.0
VSP-607,2026-11-09,0.0
VSP-607,2026-11-16,0.0
VSP-607,2026-11-23,0.0
VSP-607,2026-11-30,0.0
VSP-607,2026-12-07,0.0
VSP-607,2026-12-14,0.0
VSP-607,2026-12-21,0.0
VSP-607,2026-12-28,0.0
VSP-607,2027-01-04,0.0
VSP-607,2027-01-11,0.0
VSP-607,2027-01-18,0.0
VSP-607,2027-01-25,0.0
VSP-607,2027-02-01,0.0
VSP-607,2027-02-08,0.0
VSP-607,2027-02-15,0.0
VSP-607,2027-02-22,0.0
VSP-607,2027-03-01,0.0
VSP-607,2027-03-08,0.0
VSP-607,2027-03-15,0.0
VSP-607,2027-03-22,0.0
VSP-607,2027-03-29,0.0
VSP-607,2027-04-05,0.0
VSP-607,2027-04-12,0.0
VSP-607,2027-04-19,0.0
VSP-607,2027-04-26,0.0
VSP-607,2027-05-03,0.0
VSP-607,2027-05-10,0.0
VSP-607,2027-05-17,0.0
VSP-607,2027-05-24,0.0
VSP-607,2027-05-31,0.0
VSP-607,2027-06-07,0.0
VSP-607,2027-06-14,0.0
VSP-607,2027-06-21,0.0
VSP-607,2027-06-28,0.0
VSP-607,2027-07-05,0.0
VSP-607,2027-07-12,0.0
VSP-607,2027-07-19,0.0
VSP-607,2027-07-26,0.0
VSP-607,2027-08-02,0.0
VSP-607,2027-08-09,0.0
VSP-607,2027-08-16,0.0
VSP-607,2027-08-23,0.0
VSP-607,2027-08-30,0.0
VSP-607,2027-09-06,0.0
VSP-607,2027-09-13,0.0
VSP-607,2027-09-20,0.0
VSP-607,2027-09-27,0.0
VSP-607,2027-10-04,0.0
VSP-607,2027-10-11,0.0
VSP-607,2027-10-18,0.0
VSP-607,2027-10-25,0.0
VSP-607,2027-11-01,0.0
VSP-607,2027-11-08,0.0
VSP-607,2027-11-15,0.0
VSP-607,2027-11-22,0.0
VSP-607,2027-11-29,0.0
VSP-607,2027-12-06,0.0
VSP-607,2027-12-13,0.0
VSP-607,2027-12-20,0.0
VSP-738,2025-12-29,0.0
VSP-738,2026-01-05,0.0
VSP-738,2026-01-12,0.0
VSP-738,2026-01-19,0.0
VSP-738,2026-01-26,0.0
VSP-738,2026-02-02,0.0
VSP-738,2026-02-09,0.0
VSP-738,2026-02-16,0.0
VSP-738,2026-02-23,0.0
VSP-738,2026-03-02,0.0
VSP-738,2026-03-09,0.0
VSP-738,2026-03-16,0.0
VSP-738,2026-03-23,0.0
VSP-738,2026-03-30,0.0
VSP-738,2026-04-06,0.0
VSP-738,2026-04-13,0.0
VSP-738,2026-04-20,0.0
VSP-738,2026-04-27,0.0
VSP-738,2026-05-04,0.0
VSP-738,2026-05-11,0.0
VSP-738,2026-05-18,0.0
VSP-738,2026-05-25,0.0
VSP-738,2026-06-01,0.0
VSP-738,2026-06-08,0.0
VSP-738,2026-06-15,0.0
VSP-738,2026-06-22,0.0
VSP-738,2026-06-29,0.0
VSP-738,2026-07-06,0.0
VSP-738,2026-07-13,0.0
VSP-738,2026-07-20,0.0
VSP-738,2026-07-27,0.0
VSP-738,2026-08-03,0.0
VSP-738,2026-08-10,0.0
VSP-738,2026-08-17,0.0
VSP-738,2026-08-24,0.0
VSP-738,2026-08-31,0.0
VSP-738,2026-09-07,0.0
VSP-738,2026-09-14,0.0
VSP-738,2026-09-21,0.0
VSP-738,2026-09-28,0.0
VSP-738,2026-10-05,0.0
VSP-738,2026-10-12,0.0
VSP-738,2026-10-19,0.0
VSP-738,2026-10-26,0.0
VSP-738,2026-11-02,0.0
VSP-738,2026-11-09,0.0
VSP-738,2026-11-16,0.0
VSP-738,2026-11-23,0.0
VSP-738,2026-11-30,0.0
VSP-738,2026-12-07,0.0
VSP-738,2026-12-14,0.0
VSP-738,2026-12-21,0.0
VSP-738,2026-12-28,0.0
VSP-738,2027-01-04,0.0
VSP-738,2027-01-11,0.0
VSP-738,2027-01-18,0.0
VSP-738,2027-01-25,0.0
VSP-738,2027-02-01,0.0
VSP-738,2027-02-08,0.0
VSP-738,2027-02-15,0.0
VSP-738,2027-02-22,0.0
VSP-738,2027-03-01,0.0
VSP-738,2027-03-08,0.0
VSP-738,2027-03-15,0.0
VSP-738,2027-03-22,0.0
VSP-738,2027-03-29,0.0
VSP-738,2027-04-05,0.0
VSP-738,2027-04-12,0.0
VSP-738,2027-04-19,0.0
VSP-738,2027-04-26,0.0
VSP-738,2027-05-03,0.0
VSP-738,2027-05-10,0.0
VSP-738,2027-05-17,0.0
VSP-738,2027-05-24,0.0
VSP-738,2027-05-31,0.0
VSP-738,2027-06-07,0.0
VSP-738,2027-06-14,0.0
VSP-738,2027-06-21,0.0
VSP-738,2027-06-28,0.0
VSP-738,2027-07-05,0.0
VSP-738,2027-07-12,0.0
VSP-738,2027-07-19,0.0
VSP-738,2027-07-26,0.0
VSP-738,2027-08-02,0.0
VSP-738,2027-08-09,0.0
VSP-738,2027-08-16,0.0
VSP-738,2027-08-23,0.0
VSP-738,2027-08-30,0.0
VSP-738,2027-09-06,0.0
VSP-738,2027-09-13,0.0
VSP-738,2027-09-20,0.0
VSP-738,2027-09-27,0.0
VSP-738,2027-10-04,0.0
VSP-738,2027-10-11,0.0
VSP-738,2027-10-18,0.0
VSP-738,2027-10-25,0.0
VSP-738,2027-11-01,0.0
VSP-738,2027-11-08,0.0
VSP-738,2027-11-15,0.0
VSP-738,2027-11-22,0.0
VSP-738,2027-11-29,0.0
VSP-738,2027-12-06,0.0
VSP-738,2027-12-13,0.0
VSP-738,2027-12-20,0.0
VSP-739,2025-12-29,0.0
VSP-739,2026-01-05,0.0
VSP-739,2026-01-12,0.0
VSP-739,2026-01-19,0.0
VSP-739,2026-01-26,0.0
VSP-739,2026-02-02,0.0
VSP-739,2026-02-09,0.0
VSP-739,2026-02-16,0.0
VSP-739,2026-02-23,0.0
VSP-739,2026-03-02,0.0
VSP-739,2026-03-09,0.0
VSP-739,2026-03-16,0.0
VSP-739,2026-03-23,0.0
VSP-739,2026-03-30,0.0
VSP-739,2026-04-06,0.0
VSP-739,2026-04-13,0.0
VSP-739,2026-04-20,0.0
VSP-739,2026-04-27,0.0
VSP-739,2026-05-04,0.0
VSP-739,2026-05-11,0.0
VSP-739,2026-05-18,0.0
VSP-739,2026-05-25,0.0
VSP-739,2026-06-01,0.0
VSP-739,2026-06-08,0.0
VSP-739,2026-06-15,0.0
VSP-739,2026-06-22,0.0
VSP-739,2026-06-29,0.0
VSP-739,2026-07-06,0.0
VSP-739,2026-07-13,0.0
VSP-739,2026-07-20,0.0
VSP-739,2026-07-27,0.0
VSP-739,2026-08-03,0.0
VSP-739,2026-08-10,0.0
VSP-739,2026-08-17,0.0
VSP-739,2026-08-24,0.0
VSP-739,2026-08-31,0.0
VSP-739,2026-09-07,0.0
VSP-739,2026-09-14,0.0
VSP-739,2026-09-21,0.0
VSP-739,2026-09-28,0.0
VSP-739,2026-10-05,0.0
VSP-739,2026-10-12,0.0
VSP-739,2026-10-19,0.0
VSP-739,2026-10-26,0.0
VSP-739,2026-11-02,0.0
VSP-739,2026-11-09,0.0
VSP-739,2026-11-16,0.0
VSP-739,2026-11-23,0.0
VSP-739,2026-11-30,0.0
VSP-739,2026-12-07,0.0
VSP-739,2026-12-14,0.0
VSP-739,2026-12-21,0.0
VSP-739,2026-12-28,0.0
VSP-739,2027-01-04,0.0
VSP-739,2027-01-11,0.0
VSP-739,2027-01-18,0.0
VSP-739,2027-01-25,0.0
VSP-739,2027-02-01,0.0
VSP-739,2027-02-08,0.0
VSP-739,2027-02-15,0.0
VSP-739,2027-02-22,0.0
VSP-739,2027-03-01,0.0
VSP-739,2027-03-08,0.0
VSP-739,2027-03-15,0.0
VSP-739,2027-03-22,0.0
VSP-739,2027-03-29,0.0
VSP-739,2027-04-05,0.0
VSP-739,2027-04-12,0.0
VSP-739,2027-04-19,0.0
VSP-739,2027-04-26,0.0
VSP-739,2027-05-03,0.0
VSP-739,2027-05-10,0.0
VSP-739,2027-05-17,0.0
VSP-739,2027-05-24,0.0
VSP-739,2027-05-31,0.0
VSP-739,2027-06-07,0.0
VSP-739,2027-06-14,0.0
VSP-739,2027-06-21,0.0
VSP-739,2027-06-28,0.0
VSP-739,2027-07-05,0.0
VSP-739,2027-07-12,0.0
VSP-739,2027-07-19,0.0
VSP-739,2027-07-26,0.0
VSP-739,2027-08-02,0.0
VSP-739,2027-08-09,0.0
VSP-739,2027-08-16,0.0
VSP-739,2027-08-23,0.0
VSP-739,2027-08-30,0.0
VSP-739,2027-09-06,0.0
VSP-739,2027-09-13,0.0
VSP-739,2027-09-20,0.0
VSP-739,2027-09-27,0.0
VSP-739,2027-10-04,0.0
VSP-739,2027-10-11,0.0
VSP-739,2027-10-18,0.0
VSP-739,2027-10-25,0.0
VSP-739,2027-11-01,0.0
VSP-739,2027-11-08,0.0
VSP-739,2027-11-15,0.0
VSP-739,2027-11-22,0.0
VSP-739,2027-11-29,0.0
VSP-739,2027-12-06,0.0
VSP-739,2027-12-13,0.0
VSP-739,2027-12-20,0.0
VSP-740,2025-12-29,0.0
VSP-740,2026-01-05,0.0
VSP-740,2026-01-12,0.0
VSP-740,2026-01-19,0.0
VSP-740,2026-01-26,0.0
VSP-740,2026-02-02,0.0
VSP-740,2026-02-09,0.0
VSP-740,2026-02-16,0.0
VSP-740,2026-02-23,0.0
VSP-740,2026-03-02,0.0
VSP-740,2026-03-09,0.0
VSP-740,2026-03-16,0.0
VSP-740,2026-03-23,0.0
VSP-740,2026-03-30,0.0
VSP-740,2026-04-06,0.0
VSP-740,2026-04-13,0.0
VSP-740,2026-04-20,0.0
VSP-740,2026-04-27,0.0
VSP-740,2026-05-04,0.0
VSP-740,2026-05-11,0.0
VSP-740,2026-05-18,0.0
VSP-740,2026-05-25,0.0
VSP-740,2026-06-01,0.0
VSP-740,2026-06-08,0.0
VSP-740,2026-06-15,0.0
VSP-740,2026-06-22,0.0
VSP-740,2026-06-29,0.0
VSP-740,2026-07-06,0.0
VSP-740,2026-07-13,0.0
VSP-740,2026-07-20,0.0
VSP-740,2026-07-27,0.0
VSP-740,2026-08-03,0.0
VSP-740,2026-08-10,0.0
VSP-740,2026-08-17,0.0
VSP-740,2026-08-24,0.0
VSP-740,2026-08-31,0.0
VSP-740,2026-09-07,0.0
VSP-740,2026-09-14,0.0
VSP-740,2026-09-21,0.0
VSP-740,2026-09-28,0.0
VSP-740,2026-10-05,0.0
VSP-740,2026-10-12,0.0
VSP-740,2026-10-19,0.0
VSP-740,2026-10-26,0.0
VSP-740,2026-11-02,0.0
VSP-740,2026-11-09,0.0
VSP-740,2026-11-16,0.0
VSP-740,2026-11-23,0.0
VSP-740,2026-11-30,0.0
VSP-740,2026-12-07,0.0
VSP-740,2026-12-14,0.0
VSP-740,2026-12-21,0.0
VSP-740,2026-12-28,0.0
VSP-740,2027-01-04,0.0
VSP-740,2027-01-11,0.0
VSP-740,2027-01-18,0.0
VSP-740,2027-01-25,0.0
VSP-740,2027-02-01,0.0
VSP-740,2027-02-08,0.0
VSP-740,2027-02-15,0.0
VSP-740,2027-02-22,0.0
VSP-740,2027-03-01,0.0
VSP-740,2027-03-08,0.0
VSP-740,2027-03-15,0.0
VSP-740,2027-03-22,0.0
VSP-740,2027-03-29,0.0
VSP-740,2027-04-05,0.0
VSP-740,2027-04-12,0.0
VSP-740,2027-04-19,0.0
VSP-740,2027-04-26,0.0
VSP-740,2027-05-03,0.0
VSP-740,2027-05-10,0.0
VSP-740,2027-05-17,0.0
VSP-740,2027-05-24,0.0
VSP-740,2027-05-31,0.0
VSP-740,2027-06-07,0.0
VSP-740,2027-06-14,0.0
VSP-740,2027-06-21,0.0
VSP-740,2027-06-28,0.0
VSP-740,2027-07-05,0.0
VSP-740,2027-07-12,0.0
VSP-740,2027-07-19,0.0
VSP-740,2027-07-26,0.0
VSP-740,2027-08-02,0.0
VSP-740,2027-08-09,0.0
VSP-740,2027-08-16,0.0
VSP-740,2027-08-23,0.0
VSP-740,2027-08-30,0.0
VSP-740,2027-09-06,0.0
VSP-740,2027-09-13,0.0
VSP-740,2027-09-20,0.0
VSP-740,2027-09-27,0.0
VSP-740,2027-10-04,0.0
VSP-740,2027-10-11,0.0
VSP-740,2027-10-18,0.0
VSP-740,2027-10-25,0.0
VSP-740,2027-11-01,0.0
VSP-740,2027-11-08,0.0
VSP-740,2027-11-15,0.0
VSP-740,2027-11-22,0.0
VSP-740,2027-11-29,0.0
VSP-740,2027-12-06,0.0
VSP-740,2027-12-13,0.0
VSP-740,2027-12-20,0.0
VSP-746,2025-12-29,0.0
VSP-746,2026-01-05,0.0
VSP-746,2026-01-12,0.0
VSP-746,2026-01-19,0.0
VSP-746,2026-01-26,0.0
VSP-746,2026-02-02,0.0
VSP-746,2026-02-09,0.0
VSP-746,2026-02-16,0.0
VSP-746,2026-02-23,0.0
VSP-746,2026-03-02,0.0
VSP-746,2026-03-09,0.0
VSP-746,2026-03-16,0.0
VSP-746,2026-03-23,0.0
VSP-746,2026-03-30,0.0
VSP-746,2026-04-06,0.0
VSP-746,2026-04-13,0.0
VSP-746,2026-04-20,0.0
VSP-746,2026-04-27,0.0
VSP-746,2026-05-04,0.0
VSP-746,2026-05-11,0.0
VSP-746,2026-05-18,0.0
VSP-746,2026-05-25,0.0
VSP-746,2026-06-01,0.0
VSP-746,2026-06-08,0.0
VSP-746,2026-06-15,0.0
VSP-746,2026-06-22,0.0
VSP-746,2026-06-29,0.0
VSP-746,2026-07-06,0.0
VSP-746,2026-07-13,0.0
VSP-746,2026-07-20,0.0
VSP-746,2026-07-27,0.0
VSP-746,2026-08-03,0.0
VSP-746,2026-08-10,0.0
VSP-746,2026-08-17,0.0
VSP-746,2026-08-24,0.0
VSP-746,2026-08-31,0.0
VSP-746,2026-09-07,0.0
VSP-746,2026-09-14,0.0
VSP-746,2026-09-21,0.0
VSP-746,2026-09-28,0.0
VSP-746,2026-10-05,0.0
VSP-746,2026-10-12,0.0
VSP-746,2026-10-19,0.0
VSP-746,2026-10-26,0.0
VSP-746,2026-11-02,0.0
VSP-746,2026-11-09,0.0
VSP-746,2026-11-16,0.0
VSP-746,2026-11-23,0.0
VSP-746,2026-11-30,0.0
VSP-746,2026-12-07,0.0
VSP-746,2026-12-14,0.0
VSP-746,2026-12-21,0.0
VSP-746,2026-12-28,0.0
VSP-746,2027-01-04,0.0
VSP-746,2027-01-11,0.0
VSP-746,2027-01-18,0.0
VSP-746,2027-01-25,0.0
VSP-746,2027-02-01,0.0
VSP-746,2027-02-08,0.0
VSP-746,2027-02-15,0.0
VSP-746,2027-02-22,0.0
VSP-746,2027-03-01,0.0
VSP-746,2027-03-08,0.0
VSP-746,2027-03-15,0.0
VSP-746,2027-03-22,0.0
VSP-746,2027-03-29,0.0
VSP-746,2027-04-05,0.0
VSP-746,2027-04-12,0.0
VSP-746,2027-04-19,0.0
VSP-746,2027-04-26,0.0
VSP-746,2027-05-03,0.0
VSP-746,2027-05-10,0.0
VSP-746,2027-05-17,0.0
VSP-746,2027-05-24,0.0
VSP-746,2027-05-31,0.0
VSP-746,2027-06-07,0.0
VSP-746,2027-06-14,0.0
VSP-746,2027-06-21,0.0
VSP-746,2027-06-28,0.0
VSP-746,2027-07-05,0.0
VSP-746,2027-07-12,0.0
VSP-746,2027-07-19,0.0
VSP-746,2027-07-26,0.0
VSP-746,2027-08-02,0.0
VSP-746,2027-08-09,0.0
VSP-746,2027-08-16,0.0
VSP-746,2027-08-23,0.0
VSP-746,2027-08-30,0.0
VSP-746,2027-09-06,0.0
VSP-746,2027-09-13,0.0
VSP-746,2027-09-20,0.0
VSP-746,2027-09-27,0.0
VSP-746,2027-10-04,0.0
VSP-746,2027-10-11,0.0
VSP-746,2027-10-18,0.0
VSP-746,2027-10-25,0.0
VSP-746,2027-11-01,0.0
VSP-746,2027-11-08,0.0
VSP-746,2027-11-15,0.0
VSP-746,2027-11-22,0.0
VSP-746,2027-11-29,0.0
VSP-746,2027-12-06,0.0
VSP-746,2027-12-13,0.0
VSP-746,2027-12-20,0.0
VSP-820,2025-12-29,0.0
VSP-820,2026-01-05,0.0
VSP-820,2026-01-12,0.0
VSP-820,2026-01-19,0.0
VSP-820,2026-01-26,0.0
VSP-820,2026-02-02,0.0
VSP-820,2026-02-09,0.0
VSP-820,2026-02-16,0.0
VSP-820,2026-02-23,0.0
VSP-820,2026-03-02,0.0
VSP-820,2026-03-09,0.0
VSP-820,2026-03-16,0.0
VSP-820,2026-03-23,0.0
VSP-820,2026-03-30,0.0
VSP-820,2026-04-06,0.0
VSP-820,2026-04-13,0.0
VSP-820,2026-04-20,0.0
VSP-820,2026-04-27,0.0
VSP-820,2026-05-04,0.0
VSP-820,2026-05-11,0.0
VSP-820,2026-05-18,0.0
VSP-820,2026-05-25,0.0
VSP-820,2026-06-01,0.0
VSP-820,2026-06-08,0.0
VSP-820,2026-06-15,0.0
VSP-820,2026-06-22,0.0
VSP-820,2026-06-29,0.0
VSP-820,2026-07-06,0.0
VSP-820,2026-07-13,0.0
VSP-820,2026-07-20,0.0
VSP-820,2026-07-27,0.0
VSP-820,2026-08-03,0.0
VSP-820,2026-08-10,0.0
VSP-820,2026-08-17,0.0
VSP-820,2026-08-24,0.0
VSP-820,2026-08-31,0.0
VSP-820,2026-09-07,0.0
VSP-820,2026-09-14,0.0
VSP-820,2026-09-21,0.0
VSP-820,2026-09-28,0.0
VSP-820,2026-10-05,0.0
VSP-820,2026-10-12,0.0
VSP-820,2026-10-19,0.0
VSP-820,2026-10-26,0.0
VSP-820,2026-11-02,0.0
VSP-820,2026-11-09,0.0
VSP-820,2026-11-16,0.0
VSP-820,2026-11-23,0.0
VSP-820,2026-11-30,0.0
VSP-820,2026-12-07,0.0
VSP-820,2026-12-14,0.0
VSP-820,2026-12-21,0.0
VSP-820,2026-12-28,0.0
VSP-820,2027-01-04,0.0
VSP-820,2027-01-11,0.0
VSP-820,2027-01-18,0.0
VSP-820,2027-01-25,0.0
VSP-820,2027-02-01,0.0
VSP-820,2027-02-08,0.0
VSP-820,2027-02-15,0.0
VSP-820,2027-02-22,0.0
VSP-820,2027-03-01,0.0
VSP-820,2027-03-08,0.0
VSP-820,2027-03-15,0.0
VSP-820,2027-03-22,0.0
VSP-820,2027-03-29,0.0
VSP-820,2027-04-05,0.0
VSP-820,2027-04-12,0.0
VSP-820,2027-04-19,0.0
VSP-820,2027-04-26,0.0
VSP-820,2027-05-03,0.0
VSP-820,2027-05-10,0.0
VSP-820,2027-05-17,0.0
VSP-820,2027-05-24,0.0
VSP-820,2027-05-31,0.0
VSP-820,2027-06-07,0.0
VSP-820,2027-06-14,0.0
VSP-820,2027-06-21,0.0
VSP-820,2027-06-28,0.0
VSP-820,2027-07-05,0.0
VSP-820,2027-07-12,0.0
VSP-820,2027-07-19,0.0
VSP-820,2027-07-26,0.0
VSP-820,2027-08-02,0.0
VSP-820,2027-08-09,0.0
VSP-820,2027-08-16,0.0
VSP-820,2027-08-23,0.0
VSP-820,2027-08-30,0.0
VSP-820,2027-09-06,0.0
VSP-820,2027-09-13,0.0
VSP-820,2027-09-20,0.0
VSP-820,2027-09-27,0.0
VSP-820,2027-10-04,0.0
VSP-820,2027-10-11,0.0
VSP-820,2027-10-18,0.0
VSP-820,2027-10-25,0.0
VSP-820,2027-11-01,0.0
VSP-820,2027-11-08,0.0
VSP-820,2027-11-15,0.0
VSP-820,2027-11-22,0.0
VSP-820,2027-11-29,0.0
VSP-820,2027-12-06,0.0
VSP-820,2027-12-13,0.0
VSP-820,2027-12-20,0.0
VSP-822,2025-12-29,0.0
VSP-822,2026-01-05,0.0
VSP-822,2026-01-12,0.0
VSP-822,2026-01-19,0.0
VSP-822,2026-01-26,0.0
VSP-822,2026-02-02,0.0
VSP-822,2026-02-09,0.0
VSP-822,2026-02-16,0.0
VSP-822,2026-02-23,0.0
VSP-822,2026-03-02,0.0
VSP-822,2026-03-09,0.0
VSP-822,2026-03-16,0.0
VSP-822,2026-03-23,0.0
VSP-822,2026-03-30,0.0
VSP-822,2026-04-06,0.0
VSP-822,2026-04-13,0.0
VSP-822,2026-04-20,0.0
VSP-822,2026-04-27,0.0
VSP-822,2026-05-04,0.0
VSP-822,2026-05-11,0.0
VSP-822,2026-05-18,0.0
VSP-822,2026-05-25,0.0
VSP-822,2026-06-01,0.0
VSP-822,2026-06-08,0.0
VSP-822,2026-06-15,0.0
VSP-822,2026-06-22,0.0
VSP-822,2026-06-29,0.0
VSP-822,2026-07-06,0.0
VSP-822,2026-07-13,0.0
VSP-822,2026-07-20,0.0
VSP-822,2026-07-27,0.0
VSP-822,2026-08-03,0.0
VSP-822,2026-08-10,0.0
VSP-822,2026-08-17,0.0
VSP-822,2026-08-24,0.0
VSP-822,2026-08-31,0.0
VSP-822,2026-09-07,0.0
VSP-822,2026-09-14,0.0
VSP-822,2026-09-21,0.0
VSP-822,2026-09-28,0.0
VSP-822,2026-10-05,0.0
VSP-822,2026-10-12,0.0
VSP-822,2026-10-19,0.0
VSP-822,2026-10-26,0.0
VSP-822,2026-11-02,0.0
VSP-822,2026-11-09,0.0
VSP-822,2026-11-16,0.0
VSP-822,2026-11-23,0.0
VSP-822,2026-11-30,0.0
VSP-822,2026-12-07,0.0
VSP-822,2026-12-14,0.0
VSP-822,2026-12-21,0.0
VSP-822,2026-12-28,0.0
VSP-822,2027-01-04,0.0
VSP-822,2027-01-11,0.0
VSP-822,2027-01-18,0.0
VSP-822,2027-01-25,0.0
VSP-822,2027-02-01,0.0
VSP-822,2027-02-08,0.0
VSP-822,2027-02-15,0.0
VSP-822,2027-02-22,0.0
VSP-822,2027-03-01,0.0
VSP-822,2027-03-08,0.0
VSP-822,2027-03-15,0.0
VSP-822,2027-03-22,0.0
VSP-822,2027-03-29,0.0
VSP-822,2027-04-05,0.0
VSP-822,2027-04-12,0.0
VSP-822,2027-04-19,0.0
VSP-822,2027-04-26,0.0
VSP-822,2027-05-03,0.0
VSP-822,2027-05-10,0.0
VSP-822,2027-05-17,0.0
VSP-822,2027-05-24,0.0
VSP-822,2027-05-31,0.0
VSP-822,2027-06-07,0.0
VSP-822,2027-06-14,0.0
VSP-822,2027-06-21,0.0
VSP-822,2027-06-28,0.0
VSP-822,2027-07-05,0.0
VSP-822,2027-07-12,0.0
VSP-822,2027-07-19,0.0
VSP-822,2027-07-26,0.0
VSP-822,2027-08-02,0.0
VSP-822,2027-08-09,0.0
VSP-822,2027-08-16,0.0
VSP-822,2027-08-23,0.0
VSP-822,2027-08-30,0.0
VSP-822,2027-09-06,0.0
VSP-822,2027-09-13,0.0
VSP-822,2027-09-20,0.0
VSP-822,2027-09-27,0.0
VSP-822,2027-10-04,0.0
VSP-822,2027-10-11,0.0
VSP-822,2027-10-18,0.0
VSP-822,2027-10-25,0.0
VSP-822,2027-11-01,0.0
VSP-822,2027-11-08,0.0
VSP-822,2027-11-15,0.0
VSP-822,2027-11-22,0.0
VSP-822,2027-11-29,0.0
VSP-822,2027-12-06,0.0
VSP-822,2027-12-13,0.0
VSP-822,2027-12-20,0.0
VSP-869,2025-12-29,0.0
VSP-869,2026-01-05,0.0
VSP-869,2026-01-12,0.0
VSP-869,2026-01-19,0.0
VSP-869,2026-01-26,0.0
VSP-869,2026-02-02,0.0
VSP-869,2026-02-09,0.0
VSP-869,2026-02-16,0.0
VSP-869,2026-02-23,0.0
VSP-869,2026-03-02,0.0
VSP-869,2026-03-09,0.0
VSP-869,2026-03-16,0.0
VSP-869,2026-03-23,0.0
VSP-869,2026-03-30,0.0
VSP-869,2026-04-06,0.0
VSP-869,2026-04-13,0.0
VSP-869,2026-04-20,0.0
VSP-869,2026-04-27,0.0
VSP-869,2026-05-04,0.0
VSP-869,2026-05-11,0.0
VSP-869,2026-05-18,0.0
VSP-869,2026-05-25,0.0
VSP-869,2026-06-01,0.0
VSP-869,2026-06-08,0.0
VSP-869,2026-06-15,0.0
VSP-869,2026-06-22,0.0
VSP-869,2026-06-29,0.0
VSP-869,2026-07-06,0.0
VSP-869,2026-07-13,0.0
VSP-869,2026-07-20,0.0
VSP-869,2026-07-27,0.0
VSP-869,2026-08-03,0.0
VSP-869,2026-08-10,0.0
VSP-869,2026-08-17,0.0
VSP-869,2026-08-24,0.0
VSP-869,2026-08-31,0.0
VSP-869,2026-09-07,0.0
VSP-869,2026-09-14,0.0
VSP-869,2026-09-21,0.0
VSP-869,2026-09-28,0.0
VSP-869,2026-10-05,0.0
VSP-869,2026-10-12,0.0
VSP-869,2026-10-19,0.0
VSP-869,2026-10-26,0.0
VSP-869,2026-11-02,0.0
VSP-869,2026-11-09,0.0
VSP-869,2026-11-16,0.0
VSP-869,2026-11-23,0.0
VSP-869,2026-11-30,0.0
VSP-869,2026-12-07,0.0
VSP-869,2026-12-14,0.0
VSP-869,2026-12-21,0.0
VSP-869,2026-12-28,0.0
VSP-869,2027-01-04,0.0
VSP-869,2027-01-11,0.0
VSP-869,2027-01-18,0.0
VSP-869,2027-01-25,0.0
VSP-869,2027-02-01,0.0
VSP-869,2027-02-08,0.0
VSP-869,2027-02-15,0.0
VSP-869,2027-02-22,0.0
VSP-869,2027-03-01,0.0
VSP-869,2027-03-08,0.0
VSP-869,2027-03-15,0.0
VSP-869,2027-03-22,0.0
VSP-869,2027-03-29,0.0
VSP-869,2027-04-05,0.0
VSP-869,2027-04-12,0.0
VSP-869,2027-04-19,0.0
VSP-869,2027-04-26,0.0
VSP-869,2027-05-03,0.0
VSP-869,2027-05-10,0.0
VSP-869,2027-05-17,0.0
VSP-869,2027-05-24,0.0
VSP-869,2027-05-31,0.0
VSP-869,2027-06-07,0.0
VSP-869,2027-06-14,0.0
VSP-869,2027-06-21,0.0
VSP-869,2027-06-28,0.0
VSP-869,2027-07-05,0.0
VSP-869,2027-07-12,0.0
VSP-869,2027-07-19,0.0
VSP-869,2027-07-26,0.0
VSP-869,2027-08-02,0.0
VSP-869,2027-08-09,0.0
VSP-869,2027-08-16,0.0
VSP-869,2027-08-23,0.0
VSP-869,2027-08-30,0.0
VSP-869,2027-09-06,0.0
VSP-869,2027-09-13,0.0
VSP-869,2027-09-20,0.0
VSP-869,2027-09-27,0.0
VSP-869,2027-10-04,0.0
VSP-869,2027-10-11,0.0
VSP-869,2027-10-18,0.0
VSP-869,2027-10-25,0.0
VSP-869,2027-11-01,0.0
VSP-869,2027-11-08,0.0
VSP-869,2027-11-15,0.0
VSP-869,2027-11-22,0.0
VSP-869,2027-11-29,0.0
VSP-869,2027-12-06,0.0
VSP-869,2027-12-13,0.0
VSP-869,2027-12-20,0.0
VSP-870,2025-12-29,0.0
VSP-870,2026-01-05,0.0
VSP-870,2026-01-12,0.0
VSP-870,2026-01-19,0.0
VSP-870,2026-01-26,0.0
VSP-870,2026-02-02,0.0
VSP-870,2026-02-09,0.0
VSP-870,2026-02-16,0.0
VSP-870,2026-02-23,0.0
VSP-870,2026-03-02,0.0
VSP-870,2026-03-09,0.0
VSP-870,2026-03-16,0.0
VSP-870,2026-03-23,0.0
VSP-870,2026-03-30,0.0
VSP-870,2026-04-06,0.0
VSP-870,2026-04-13,0.0
VSP-870,2026-04-20,0.0
VSP-870,2026-04-27,0.0
VSP-870,2026-05-04,0.0
VSP-870,2026-05-11,0.0
VSP-870,2026-05-18,0.0
VSP-870,2026-05-25,0.0
VSP-870,2026-06-01,0.0
VSP-870,2026-06-08,0.0
VSP-870,2026-06-15,0.0
VSP-870,2026-06-22,0.0
VSP-870,2026-06-29,0.0
VSP-870,2026-07-06,0.0
VSP-870,2026-07-13,0.0
VSP-870,2026-07-20,0.0
VSP-870,2026-07-27,0.0
VSP-870,2026-08-03,0.0
VSP-870,2026-08-10,0.0
VSP-870,2026-08-17,0.0
VSP-870,2026-08-24,0.0
VSP-870,2026-08-31,0.0
VSP-870,2026-09-07,0.0
VSP-870,2026-09-14,0.0
VSP-870,2026-09-21,0.0
VSP-870,2026-09-28,0.0
VSP-870,2026-10-05,0.0
VSP-870,2026-10-12,0.0
VSP-870,2026-10-19,0.0
VSP-870,2026-10-26,0.0
VSP-870,2026-11-02,0.0
VSP-870,2026-11-09,0.0
VSP-870,2026-11-16,0.0
VSP-870,2026-11-23,0.0
VSP-870,2026-11-30,0.0
VSP-870,2026-12-07,0.0
VSP-870,2026-12-14,0.0
VSP-870,2026-12-21,0.0
VSP-870,2026-12-28,0.0
VSP-870,2027-01-04,0.0
VSP-870,2027-01-11,0.0
VSP-870,2027-01-18,0.0
VSP-870,2027-01-25,0.0
VSP-870,2027-02-01,0.0
VSP-870,2027-02-08,0.0
VSP-870,2027-02-15,0.0
VSP-870,2027-02-22,0.0
VSP-870,2027-03-01,0.0
VSP-870,2027-03-08,0.0
VSP-870,2027-03-15,0.0
VSP-870,2027-03-22,0.0
VSP-870,2027-03-29,0.0
VSP-870,2027-04-05,0.0
VSP-870,2027-04-12,0.0
VSP-870,2027-04-19,0.0
VSP-870,2027-04-26,0.0
VSP-870,2027-05-03,0.0
VSP-870,2027-05-10,0.0
VSP-870,2027-05-17,0.0
VSP-870,2027-05-24,0.0
VSP-870,2027-05-31,0.0
VSP-870,2027-06-07,0.0
VSP-870,2027-06-14,0.0
VSP-870,2027-06-21,0.0
VSP-870,2027-06-28,0.0
VSP-870,2027-07-05,0.0
VSP-870,2027-07-12,0.0
VSP-870,2027-07-19,0.0
VSP-870,2027-07-26,0.0
VSP-870,2027-08-02,0.0
VSP-870,2027-08-09,0.0
VSP-870,2027-08-16,0.0
VSP-870,2027-08-23,0.0
VSP-870,2027-08-30,0.0
VSP-870,2027-09-06,0.0
VSP-870,2027-09-13,0.0
VSP-870,2027-09-20,0.0
VSP-870,2027-09-27,0.0
VSP-870,2027-10-04,0.0
VSP-870,2027-10-11,0.0
VSP-870,2027-10-18,0.0
VSP-870,2027-10-25,0.0
VSP-870,2027-11-01,0.0
VSP-870,2027-11-08,0.0
VSP-870,2027-11-15,0.0
VSP-870,2027-11-22,0.0
VSP-870,2027-11-29,0.0
VSP-870,2027-12-06,0.0
VSP-870,2027-12-13,0.0
VSP-870,2027-12-20,0.0
VSP-910,2025-12-29,0.0
VSP-910,2026-01-05,0.0
VSP-910,2026-01-12,0.0
VSP-910,2026-01-19,0.0
VSP-910,2026-01-26,0.0
VSP-910,2026-02-02,0.0
VSP-910,2026-02-09,0.0
VSP-910,2026-02-16,0.0
VSP-910,2026-02-23,0.0
VSP-910,2026-03-02,0.0
VSP-910,2026-03-09,0.0
VSP-910,2026-03-16,0.0
VSP-910,2026-03-23,0.0
VSP-910,2026-03-30,0.0
VSP-910,2026-04-06,0.0
VSP-910,2026-04-13,0.0
VSP-910,2026-04-20,0.0
VSP-910,2026-04-27,0.0
VSP-910,2026-05-04,0.0
VSP-910,2026-05-11,0.0
VSP-910,2026-05-18,0.0
VSP-910,2026-05-25,0.0
VSP-910,2026-06-01,0.0
VSP-910,2026-06-08,0.0
VSP-910,2026-06-15,0.0
VSP-910,2026-06-22,0.0
VSP-910,2026-06-29,0.0
VSP-910,2026-07-06,0.0
VSP-910,2026-07-13,0.0
VSP-910,2026-07-20,0.0
VSP-910,2026-07-27,0.0
VSP-910,2026-08-03,0.0
VSP-910,2026-08-10,0.0
VSP-910,2026-08-17,0.0
VSP-910,2026-08-24,0.0
VSP-910,2026-08-31,0.0
VSP-910,2026-09-07,0.0
VSP-910,2026-09-14,0.0
VSP-910,2026-09-21,0.0
VSP-910,2026-09-28,0.0
VSP-910,2026-10-05,0.0
VSP-910,2026-10-12,0.0
VSP-910,2026-10-19,0.0
VSP-910,2026-10-26,0.0
VSP-910,2026-11-02,0.0
VSP-910,2026-11-09,0.0
VSP-910,2026-11-16,0.0
VSP-910,2026-11-23,0.0
VSP-910,2026-11-30,0.0
VSP-910,2026-12-07,0.0
VSP-910,2026-12-14,0.0
VSP-910,2026-12-21,0.0
VSP-910,2026-12-28,0.0
VSP-910,2027-01-04,0.0
VSP-910,2027-01-11,0.0
VSP-910,2027-01-18,0.0
VSP-910,2027-01-25,0.0
VSP-910,2027-02-01,0.0
VSP-910,2027-02-08,0.0
VSP-910,2027-02-15,0.0
VSP-910,2027-02-22,0.0
VSP-910,2027-03-01,0.0
VSP-910,2027-03-08,0.0
VSP-910,2027-03-15,0.0
VSP-910,2027-03-22,0.0
VSP-910,2027-03-29,0.0
VSP-910,2027-04-05,0.0
VSP-910,2027-04-12,0.0
VSP-910,2027-04-19,0.0
VSP-910,2027-04-26,0.0
VSP-910,2027-05-03,0.0
VSP-910,2027-05-10,0.0
VSP-910,2027-05-17,0.0
VSP-910,2027-05-24,0.0
VSP-910,2027-05-31,0.0
VSP-910,2027-06-07,0.0
VSP-910,2027-06-14,0.0
VSP-910,2027-06-21,0.0
VSP-910,2027-06-28,0.0
VSP-910,2027-07-05,0.0
VSP-910,2027-07-12,0.0
VSP-910,2027-07-19,0.0
VSP-910,2027-07-26,0.0
VSP-910,2027-08-02,0.0
VSP-910,2027-08-09,0.0
VSP-910,2027-08-16,0.0
VSP-910,2027-08-23,0.0
VSP-910,2027-08-30,0.0
VSP-910,2027-09-06,0.0
VSP-910,2027-09-13,0.0
VSP-910,2027-09-20,0.0
VSP-910,2027-09-27,0.0
VSP-910,2027-10-04,0.0
VSP-910,2027-10-11,0.0
VSP-910,2027-10-18,0.0
VSP-910,2027-10-25,0.0
VSP-910,2027-11-01,0.0
VSP-910,2027-11-08,0.0
VSP-910,2027-11-15,0.0
VSP-910,2027-11-22,0.0
VSP-910,2027-11-29,0.0
VSP-910,2027-12-06,0.0
VSP-910,2027-12-13,0.0
VSP-910,2027-12-20,0.0
VSP-989,2025-12-29,0.0
VSP-989,2026-01-05,0.0
VSP-989,2026-01-12,0.0
VSP-989,2026-01-19,0.0
VSP-989,2026-01-26,0.0
VSP-989,2026-02-02,0.0
VSP-989,2026-02-09,0.0
VSP-989,2026-02-16,0.0
VSP-989,2026-02-23,0.0
VSP-989,2026-03-02,0.0
VSP-989,2026-03-09,0.0
VSP-989,2026-03-16,0.0
VSP-989,2026-03-23,0.0
VSP-989,2026-03-30,0.0
VSP-989,2026-04-06,0.0
VSP-989,2026-04-13,0.0
VSP-989,2026-04-20,0.0
VSP-989,2026-04-27,0.0
VSP-989,2026-05-04,0.0
VSP-989,2026-05-11,0.0
VSP-989,2026-05-18,0.0
VSP-989,2026-05-25,0.0
VSP-989,2026-06-01,0.0
VSP-989,2026-06-08,0.0
VSP-989,2026-06-15,0.0
VSP-989,2026-06-22,0.0
VSP-989,2026-06-29,0.0
VSP-989,2026-07-06,0.0
VSP-989,2026-07-13,0.0
VSP-989,2026-07-20,0.0
VSP-989,2026-07-27,0.0
VSP-989,2026-08-03,0.0
VSP-989,2026-08-10,0.0
VSP-989,2026-08-17,0.0
VSP-989,2026-08-24,0.0
VSP-989,2026-08-31,0.0
VSP-989,2026-09-07,0.0
VSP-989,2026-09-14,0.0
VSP-989,2026-09-21,0.0
VSP-989,2026-09-28,0.0
VSP-989,2026-10-05,0.0
VSP-989,2026-10-12,0.0
VSP-989,2026-10-19,0.0
VSP-989,2026-10-26,0.0
VSP-989,2026-11-02,0.0
VSP-989,2026-11-09,0.0
VSP-989,2026-11-16,0.0
VSP-989,2026-11-23,0.0
VSP-989,2026-11-30,0.0
VSP-989,2026-12-07,0.0
VSP-989,2026-12-14,0.0
VSP-989,2026-12-21,0.0
VSP-989,2026-12-28,0.0
VSP-989,2027-01-04,0.0
VSP-989,2027-01-11,0.0
VSP-989,2027-01-18,0.0
VSP-989,2027-01-25,0.0
VSP-989,2027-02-01,0.0
VSP-989,2027-02-08,0.0
VSP-989,2027-02-15,0.0
VSP-989,2027-02-22,0.0
VSP-989,2027-03-01,0.0
VSP-989,2027-03-08,0.0
VSP-989,2027-03-15,0.0
VSP-989,2027-03-22,0.0
VSP-989,2027-03-29,0.0
VSP-989,2027-04-05,0.0
VSP-989,2027-04-12,0.0
VSP-989,2027-04-19,0.0
VSP-989,2027-04-26,0.0
VSP-989,2027-05-03,0.0
VSP-989,2027-05-10,0.0
VSP-989,2027-05-17,0.0
VSP-989,2027-05-24,0.0
VSP-989,2027-05-31,0.0
VSP-989,2027-06-07,0.0
VSP-989,2027-06-14,0.0
VSP-989,2027-06-21,0.0
VSP-989,2027-06-28,0.0
VSP-989,2027-07-05,0.0
VSP-989,2027-07-12,0.0
VSP-989,2027-07-19,0.0
VSP-989,2027-07-26,0.0
VSP-989,2027-08-02,0.0
VSP-989,2027-08-09,0.0
VSP-989,2027-08-16,0.0
VSP-989,2027-08-23,0.0
VSP-989,2027-08-30,0.0
VSP-989,2027-09-06,0.0
VSP-989,2027-09-13,0.0
VSP-989,2027-09-20,0.0
VSP-989,2027-09-27,0.0
VSP-989,2027-10-04,0.0
VSP-989,2027-10-11,0.0
VSP-989,2027-10-18,0.0
VSP-989,2027-10-25,0.0
VSP-989,2027-11-01,0.0
VSP-989,2027-11-08,0.0
VSP-989,2027-11-15,0.0
VSP-989,2027-11-22,0.0
VSP-989,2027-11-29,0.0
VSP-989,2027-12-06,0.0
VSP-989,2027-12-13,0.0
VSP-989,2027-12-20,0.0
VSP-990,2025-12-29,0.0
VSP-990,2026-01-05,0.0
VSP-990,2026-01-12,0.0
VSP-990,2026-01-19,0.0
VSP-990,2026-01-26,0.0
VSP-990,2026-02-02,0.0
VSP-990,2026-02-09,0.0
VSP-990,2026-02-16,0.0
VSP-990,2026-02-23,0.0
VSP-990,2026-03-02,0.0
VSP-990,2026-03-09,0.0
VSP-990,2026-03-16,0.0
VSP-990,2026-03-23,0.0
VSP-990,2026-03-30,0.0
VSP-990,2026-04-06,0.0
VSP-990,2026-04-13,0.0
VSP-990,2026-04-20,0.0
VSP-990,2026-04-27,0.0
VSP-990,2026-05-04,0.0
VSP-990,2026-05-11,0.0
VSP-990,2026-05-18,0.0
VSP-990,2026-05-25,0.0
VSP-990,2026-06-01,0.0
VSP-990,2026-06-08,0.0
VSP-990,2026-06-15,0.0
VSP-990,2026-06-22,0.0
VSP-990,2026-06-29,0.0
VSP-990,2026-07-06,0.0
VSP-990,2026-07-13,0.0
VSP-990,2026-07-20,0.0
VSP-990,2026-07-27,0.0
VSP-990,2026-08-03,0.0
VSP-990,2026-08-10,0.0
VSP-990,2026-08-17,0.0
VSP-990,2026-08-24,0.0
VSP-990,2026-08-31,0.0
VSP-990,2026-09-07,0.0
VSP-990,2026-09-14,0.0
VSP-990,2026-09-21,0.0
VSP-990,2026-09-28,0.0
VSP-990,2026-10-05,0.0
VSP-990,2026-10-12,0.0
VSP-990,2026-10-19,0.0
VSP-990,2026-10-26,0.0
VSP-990,2026-11-02,0.0
VSP-990,2026-11-09,0.0
VSP-990,2026-11-16,0.0
VSP-990,2026-11-23,0.0
VSP-990,2026-11-30,0.0
VSP-990,2026-12-07,0.0
VSP-990,2026-12-14,0.0
VSP-990,2026-12-21,0.0
VSP-990,2026-12-28,0.0
VSP-990,2027-01-04,0.0
VSP-990,2027-01-11,0.0
VSP-990,2027-01-18,0.0
VSP-990,2027-01-25,0.0
VSP-990,2027-02-01,0.0
VSP-990,2027-02-08,0.0
VSP-990,2027-02-15,0.0
VSP-990,2027-02-22,0.0
VSP-990,2027-03-01,0.0
VSP-990,2027-03-08,0.0
VSP-990,2027-03-15,0.0
VSP-990,2027-03-22,0.0
VSP-990,2027-03-29,0.0
VSP-990,2027-04-05,0.0
VSP-990,2027-04-12,0.0
VSP-990,2027-04-19,0.0
VSP-990,2027-04-26,0.0
VSP-990,2027-05-03,0.0
VSP-990,2027-05-10,0.0
VSP-990,2027-05-17,0.0
VSP-990,2027-05-24,0.0
VSP-990,2027-05-31,0.0
VSP-990,2027-06-07,0.0
VSP-990,2027-06-14,0.0
VSP-990,2027-06-21,0.0
VSP-990,2027-06-28,0.0
VSP-990,2027-07-05,0.0
VSP-990,2027-07-12,0.0
VSP-990,2027-07-19,0.0
VSP-990,2027-07-26,0.0
VSP-990,2027-08-02,0.0
VSP-990,2027-08-09,0.0
VSP-990,2027-08-16,0.0
VSP-990,2027-08-23,0.0
VSP-990,2027-08-30,0.0
VSP-990,2027-09-06,0.0
VSP-990,2027-09-13,0.0
VSP-990,2027-09-20,0.0
VSP-990,2027-09-27,0.0
VSP-990,2027-10-04,0.0
VSP-990,2027-10-11,0.0
VSP-990,2027-10-18,0.0
VSP-990,2027-10-25,0.0
VSP-990,2027-11-01,0.0
VSP-990,2027-11-08,0.0
VSP-990,2027-11-15,0.0
VSP-990,2027-11-22,0.0
VSP-990,2027-11-29,0.0
VSP-990,2027-12-06,0.0
VSP-990,2027-12-13,0.0
VSP-990,2027-12-20,0.0
VSZ-745,2025-12-29,0.0
VSZ-745,2026-01-05,0.0
VSZ-745,2026-01-12,0.0
VSZ-745,2026-01-19,0.0
VSZ-745,2026-01-26,0.0
VSZ-745,2026-02-02,0.0
VSZ-745,2026-02-09,0.0
VSZ-745,2026-02-16,0.0
VSZ-745,2026-02-23,0.0
VSZ-745,2026-03-02,0.0
VSZ-745,2026-03-09,0.0
VSZ-745,2026-03-16,0.0
VSZ-745,2026-03-23,0.0
VSZ-745,2026-03-30,0.0
VSZ-745,2026-04-06,0.0
VSZ-745,2026-04-13,0.0
VSZ-745,2026-04-20,0.0
VSZ-745,2026-04-27,0.0
VSZ-745,2026-05-04,0.0
VSZ-745,2026-05-11,0.0
VSZ-745,2026-05-18,0.0
VSZ-745,2026-05-25,0.0
VSZ-745,2026-06-01,0.0
VSZ-745,2026-06-08,0.0
VSZ-745,2026-06-15,0.0
VSZ-745,2026-06-22,0.0
VSZ-745,2026-06-29,0.0
VSZ-745,2026-07-06,0.0
VSZ-745,2026-07-13,0.0
VSZ-745,2026-07-20,0.0
VSZ-745,2026-07-27,0.0
VSZ-745,2026-08-03,0.0
VSZ-745,2026-08-10,0.0
VSZ-745,2026-08-17,0.0
VSZ-745,2026-08-24,0.0
VSZ-745,2026-08-31,0.0
VSZ-745,2026-09-07,0.0
VSZ-745,2026-09-14,0.0
VSZ-745,2026-09-21,0.0
VSZ-745,2026-09-28,0.0
VSZ-745,2026-10-05,0.0
VSZ-745,2026-10-12,0.0
VSZ-745,2026-10-19,0.0
VSZ-745,2026-10-26,0.0
VSZ-745,2026-11-02,0.0
VSZ-745,2026-11-09,0.0
VSZ-745,2026-11-16,0.0
VSZ-745,2026-11-23,0.0
VSZ-745,2026-11-30,0.0
VSZ-745,2026-12-07,0.0
VSZ-745,2026-12-14,0.0
VSZ-745,2026-12-21,0.0
VSZ-745,2026-12-28,0.0
VSZ-745,2027-01-04,0.0
VSZ-745,2027-01-11,0.0
VSZ-745,2027-01-18,0.0
VSZ-745,2027-01-25,0.0
VSZ-745,2027-02-01,0.0
VSZ-745,2027-02-08,0.0
VSZ-745,2027-02-15,0.0
VSZ-745,2027-02-22,0.0
VSZ-745,2027-03-01,0.0
VSZ-745,2027-03-08,0.0
VSZ-745,2027-03-15,0.0
VSZ-745,2027-03-22,0.0
VSZ-745,2027-03-29,0.0
VSZ-745,2027-04-05,0.0
VSZ-745,2027-04-12,0.0
VSZ-745,2027-04-19,0.0
VSZ-745,2027-04-26,0.0
VSZ-745,2027-05-03,0.0
VSZ-745,2027-05-10,0.0
VSZ-745,2027-05-17,0.0
VSZ-745,2027-05-24,0.0
VSZ-745,2027-05-31,0.0
VSZ-745,2027-06-07,0.0
VSZ-745,2027-06-14,0.0
VSZ-745,2027-06-21,0.0
VSZ-745,2027-06-28,0.0
VSZ-745,2027-07-05,0.0
VSZ-745,2027-07-12,0.0
VSZ-745,2027-07-19,0.0
VSZ-745,2027-07-26,0.0
VSZ-745,2027-08-02,0.0
VSZ-745,2027-08-09,0.0
VSZ-745,2027-08-16,0.0
VSZ-745,2027-08-23,0.0
VSZ-745,2027-08-30,0.0
VSZ-745,2027-09-06,0.0
VSZ-745,2027-09-13,0.0
VSZ-745,2027-09-20,0.0
VSZ-745,2027-09-27,0.0
VSZ-745,2027-10-04,0.0
VSZ-745,2027-10-11,0.0
VSZ-745,2027-10-18,0.0
VSZ-745,2027-10-25,0.0
VSZ-745,2027-11-01,0.0
VSZ-745,2027-11-08,0.0
VSZ-745,2027-11-15,0.0
VSZ-745,2027-11-22,0.0
VSZ-745,2027-11-29,0.0
VSZ-745,2027-12-06,0.0
VSZ-745,2027-12-13,0.0
VSZ-745,2027-12-20,0.0
TPP-103,2025-12-29,0.0
TPP-103,2026-01-05,0.0
TPP-103,2026-01-12,0.0
TPP-103,2026-01-19,0.0
TPP-103,2026-01-26,0.0
TPP-103,2026-02-02,0.0
TPP-103,2026-02-09,0.0
TPP-103,2026-02-16,0.0
TPP-103,2026-02-23,0.0
TPP-103,2026-03-02,0.0
TPP-103,2026-03-09,0.0
TPP-103,2026-03-16,0.0
TPP-103,2026-03-23,0.0
TPP-103,2026-03-30,0.0
TPP-103,2026-04-06,0.0
TPP-103,2026-04-13,0.0
TPP-103,2026-04-20,0.0
TPP-103,2026-04-27,0.0
TPP-103,2026-05-04,0.0
TPP-103,2026-05-11,0.0
TPP-103,2026-05-18,0.0
TPP-103,2026-05-25,0.0
TPP-103,2026-06-01,0.0
TPP-103,2026-06-08,0.0
TPP-103,2026-06-15,0.0
TPP-103,2026-06-22,0.0
TPP-103,2026-06-29,0.0
TPP-103,2026-07-06,0.0
TPP-103,2026-07-13,0.0
TPP-103,2026-07-20,0.0
TPP-103,2026-07-27,0.0
TPP-103,2026-08-03,0.0
TPP-103,2026-08-10,0.0
TPP-103,2026-08-17,0.0
TPP-103,2026-08-24,0.0
TPP-103,2026-08-31,0.0
TPP-103,2026-09-07,0.0
TPP-103,2026-09-14,0.0
TPP-103,2026-09-21,0.0
TPP-103,2026-09-28,0.0
TPP-103,2026-10-05,0.0
TPP-103,2026-10-12,0.0
TPP-103,2026-10-19,0.0
TPP-103,2026-10-26,0.0
TPP-103,2026-11-02,0.0
TPP-103,2026-11-09,0.0
TPP-103,2026-11-16,0.0
TPP-103,2026-11-23,0.0
TPP-103,2026-11-30,0.0
TPP-103,2026-12-07,0.0
TPP-103,2026-12-14,0.0
TPP-103,2026-12-21,0.0
TPP-103,2026-12-28,0.0
TPP-103,2027-01-04,0.0
TPP-103,2027-01-11,0.0
TPP-103,2027-01-18,0.0
TPP-103,2027-01-25,0.0
TPP-103,2027-02-01,0.0
TPP-103,2027-02-08,0.0
TPP-103,2027-02-15,0.0
TPP-103,2027-02-22,0.0
TPP-103,2027-03-01,0.0
TPP-103,2027-03-08,0.0
TPP-103,2027-03-15,0.0
TPP-103,2027-03-22,0.0
TPP-103,2027-03-29,0.0
TPP-103,2027-04-05,0.0
TPP-103,2027-04-12,0.0
TPP-103,2027-04-19,0.0
TPP-103,2027-04-26,0.0
TPP-103,2027-05-03,0.0
TPP-103,2027-05-10,0.0
TPP-103,2027-05-17,0.0
TPP-103,2027-05-24,0.0
TPP-103,2027-05-31,0.0
TPP-103,2027-06-07,0.0
TPP-103,2027-06-14,0.0
TPP-103,2027-06-21,0.0
TPP-103,2027-06-28,0.0
TPP-103,2027-07-05,0.0
TPP-103,2027-07-12,0.0
TPP-103,2027-07-19,0.0
TPP-103,2027-07-26,0.0
TPP-103,2027-08-02,0.0
TPP-103,2027-08-09,0.0
TPP-103,2027-08-16,0.0
TPP-103,2027-08-23,0.0
TPP-103,2027-08-30,0.0
TPP-103,2027-09-06,0.0
TPP-103,2027-09-13,0.0
TPP-103,2027-09-20,0.0
TPP-103,2027-09-27,0.0
TPP-103,2027-10-04,0.0
TPP-103,2027-10-11,0.0
TPP-103,2027-10-18,0.0
TPP-103,2027-10-25,0.0
TPP-103,2027-11-01,0.0
TPP-103,2027-11-08,0.0
TPP-103,2027-11-15,0.0
TPP-103,2027-11-22,0.0
TPP-103,2027-11-29,0.0
TPP-103,2027-12-06,0.0
TPP-103,2027-12-13,0.0
TPP-103,2027-12-20,0.0
TPP-190,2025-12-29,0.0
TPP-190,2026-01-05,0.0
TPP-190,2026-01-12,0.0
TPP-190,2026-01-19,0.0
TPP-190,2026-01-26,0.0
TPP-190,2026-02-02,0.0
TPP-190,2026-02-09,0.0
TPP-190,2026-02-16,0.0
TPP-190,2026-02-23,0.0
TPP-190,2026-03-02,0.0
TPP-190,2026-03-09,0.0
TPP-190,2026-03-16,0.0
TPP-190,2026-03-23,0.0
TPP-190,2026-03-30,0.0
TPP-190,2026-04-06,0.0
TPP-190,2026-04-13,0.0
TPP-190,2026-04-20,0.0
TPP-190,2026-04-27,0.0
TPP-190,2026-05-04,0.0
TPP-190,2026-05-11,0.0
TPP-190,2026-05-18,0.0
TPP-190,2026-05-25,0.0
TPP-190,2026-06-01,0.0
TPP-190,2026-06-08,0.0
TPP-190,2026-06-15,0.0
TPP-190,2026-06-22,0.0
TPP-190,2026-06-29,0.0
TPP-190,2026-07-06,0.0
TPP-190,2026-07-13,0.0
TPP-190,2026-07-20,0.0
TPP-190,2026-07-27,0.0
TPP-190,2026-08-03,0.0
TPP-190,2026-08-10,0.0
TPP-190,2026-08-17,0.0
TPP-190,2026-08-24,0.0
TPP-190,2026-08-31,0.0
TPP-190,2026-09-07,0.0
TPP-190,2026-09-14,0.0
TPP-190,2026-09-21,0.0
TPP-190,2026-09-28,0.0
TPP-190,2026-10-05,0.0
TPP-190,2026-10-12,0.0
TPP-190,2026-10-19,0.0
TPP-190,2026-10-26,0.0
TPP-190,2026-11-02,0.0
TPP-190,2026-11-09,0.0
TPP-190,2026-11-16,0.0
TPP-190,2026-11-23,0.0
TPP-190,2026-11-30,0.0
TPP-190,2026-12-07,0.0
TPP-190,2026-12-14,0.0
TPP-190,2026-12-21,0.0
TPP-190,2026-12-28,0.0
TPP-190,2027-01-04,0.0
TPP-190,2027-01-11,0.0
TPP-190,2027-01-18,0.0
TPP-190,2027-01-25,0.0
TPP-190,2027-02-01,0.0
TPP-190,2027-02-08,0.0
TPP-190,2027-02-15,0.0
TPP-190,2027-02-22,0.0
TPP-190,2027-03-01,0.0
TPP-190,2027-03-08,0.0
TPP-190,2027-03-15,0.0
TPP-190,2027-03-22,0.0
TPP-190,2027-03-29,0.0
TPP-190,2027-04-05,0.0
TPP-190,2027-04-12,0.0
TPP-190,2027-04-19,0.0
TPP-190,2027-04-26,0.0
TPP-190,2027-05-03,0.0
TPP-190,2027-05-10,0.0
TPP-190,2027-05-17,0.0
TPP-190,2027-05-24,0.0
TPP-190,2027-05-31,0.0
TPP-190,2027-06-07,0.0
TPP-190,2027-06-14,0.0
TPP-190,2027-06-21,0.0
TPP-190,2027-06-28,0.0
TPP-190,2027-07-05,0.0
TPP-190,2027-07-12,0.0
TPP-190,2027-07-19,0.0
TPP-190,2027-07-26,0.0
TPP-190,2027-08-02,0.0
TPP-190,2027-08-09,0.0
TPP-190,2027-08-16,0.0
TPP-190,2027-08-23,0.0
TPP-190,2027-08-30,0.0
TPP-190,2027-09-06,0.0
TPP-190,2027-09-13,0.0
TPP-190,2027-09-20,0.0
TPP-190,2027-09-27,0.0
TPP-190,2027-10-04,0.0
TPP-190,2027-10-11,0.0
TPP-190,2027-10-18,0.0
TPP-190,2027-10-25,0.0
TPP-190,2027-11-01,0.0
TPP-190,2027-11-08,0.0
TPP-190,2027-11-15,0.0
TPP-190,2027-11-22,0.0
TPP-190,2027-11-29,0.0
TPP-190,2027-12-06,0.0
TPP-190,2027-12-13,0.0
TPP-190,2027-12-20,0.0
TPP-204,2025-12-29,0.0
TPP-204,2026-01-05,0.0
TPP-204,2026-01-12,0.0
TPP-204,2026-01-19,0.0
TPP-204,2026-01-26,0.0
TPP-204,2026-02-02,0.0
TPP-204,2026-02-09,0.0
TPP-204,2026-02-16,0.0
TPP-204,2026-02-23,0.0
TPP-204,2026-03-02,0.0
TPP-204,2026-03-09,0.0
TPP-204,2026-03-16,0.0
TPP-204,2026-03-23,0.0
TPP-204,2026-03-30,0.0
TPP-204,2026-04-06,0.0
TPP-204,2026-04-13,0.0
TPP-204,2026-04-20,0.0
TPP-204,2026-04-27,0.0
TPP-204,2026-05-04,0.0
TPP-204,2026-05-11,0.0
TPP-204,2026-05-18,0.0
TPP-204,2026-05-25,0.0
TPP-204,2026-06-01,0.0
TPP-204,2026-06-08,0.0
TPP-204,2026-06-15,0.0
TPP-204,2026-06-22,0.0
TPP-204,2026-06-29,0.0
TPP-204,2026-07-06,0.0
TPP-204,2026-07-13,0.0
TPP-204,2026-07-20,0.0
TPP-204,2026-07-27,0.0
TPP-204,2026-08-03,0.0
TPP-204,2026-08-10,0.0
TPP-204,2026-08-17,0.0
TPP-204,2026-08-24,0.0
TPP-204,2026-08-31,0.0
TPP-204,2026-09-07,0.0
TPP-204,2026-09-14,0.0
TPP-204,2026-09-21,0.0
TPP-204,2026-09-28,0.0
TPP-204,2026-10-05,0.0
TPP-204,2026-10-12,0.0
TPP-204,2026-10-19,0.0
TPP-204,2026-10-26,0.0
TPP-204,2026-11-02,0.0
TPP-204,2026-11-09,0.0
TPP-204,2026-11-16,0.0
TPP-204,2026-11-23,0.0
TPP-204,2026-11-30,0.0
TPP-204,2026-12-07,0.0
TPP-204,2026-12-14,0.0
TPP-204,2026-12-21,0.0
TPP-204,2026-12-28,0.0
TPP-204,2027-01-04,0.0
TPP-204,2027-01-11,0.0
TPP-204,2027-01-18,0.0
TPP-204,2027-01-25,0.0
TPP-204,2027-02-01,0.0
TPP-204,2027-02-08,0.0
TPP-204,2027-02-15,0.0
TPP-204,2027-02-22,0.0
TPP-204,2027-03-01,0.0
TPP-204,2027-03-08,0.0
TPP-204,2027-03-15,0.0
TPP-204,2027-03-22,0.0
TPP-204,2027-03-29,0.0
TPP-204,2027-04-05,0.0
TPP-204,2027-04-12,0.0
TPP-204,2027-04-19,0.0
TPP-204,2027-04-26,0.0
TPP-204,2027-05-03,0.0
TPP-204,2027-05-10,0.0
TPP-204,2027-05-17,0.0
TPP-204,2027-05-24,0.0
TPP-204,2027-05-31,0.0
TPP-204,2027-06-07,0.0
TPP-204,2027-06-14,0.0
TPP-204,2027-06-21,0.0
TPP-204,2027-06-28,0.0
TPP-204,2027-07-05,0.0
TPP-204,2027-07-12,0.0
TPP-204,2027-07-19,0.0
TPP-204,2027-07-26,0.0
TPP-204,2027-08-02,0.0
TPP-204,2027-08-09,0.0
TPP-204,2027-08-16,0.0
TPP-204,2027-08-23,0.0
TPP-204,2027-08-30,0.0
TPP-204,2027-09-06,0.0
TPP-204,2027-09-13,0.0
TPP-204,2027-09-20,0.0
TPP-204,2027-09-27,0.0
TPP-204,2027-10-04,0.0
TPP-204,2027-10-11,0.0
TPP-204,2027-10-18,0.0
TPP-204,2027-10-25,0.0
TPP-204,2027-11-01,0.0
TPP-204,2027-11-08,0.0
TPP-204,2027-11-15,0.0
TPP-204,2027-11-22,0.0
TPP-204,2027-11-29,0.0
TPP-204,2027-12-06,0.0
TPP-204,2027-12-13,0.0
TPP-204,2027-12-20,0.0
TPP-350,2025-12-29,0.0
TPP-350,2026-01-05,0.0
TPP-350,2026-01-12,0.0
TPP-350,2026-01-19,0.0
TPP-350,2026-01-26,0.0
TPP-350,2026-02-02,0.0
TPP-350,2026-02-09,0.0
TPP-350,2026-02-16,0.0
TPP-350,2026-02-23,0.0
TPP-350,2026-03-02,0.0
TPP-350,2026-03-09,0.0
TPP-350,2026-03-16,0.0
TPP-350,2026-03-23,0.0
TPP-350,2026-03-30,0.0
TPP-350,2026-04-06,0.0
TPP-350,2026-04-13,0.0
TPP-350,2026-04-20,0.0
TPP-350,2026-04-27,0.0
TPP-350,2026-05-04,0.0
TPP-350,2026-05-11,0.0
TPP-350,2026-05-18,0.0
TPP-350,2026-05-25,0.0
TPP-350,2026-06-01,0.0
TPP-350,2026-06-08,0.0
TPP-350,2026-06-15,0.0
TPP-350,2026-06-22,0.0
TPP-350,2026-06-29,0.0
TPP-350,2026-07-06,0.0
TPP-350,2026-07-13,0.0
TPP-350,2026-07-20,0.0
TPP-350,2026-07-27,0.0
TPP-350,2026-08-03,0.0
TPP-350,2026-08-10,0.0
TPP-350,2026-08-17,0.0
TPP-350,2026-08-24,0.0
TPP-350,2026-08-31,0.0
TPP-350,2026-09-07,0.0
TPP-350,2026-09-14,0.0
TPP-350,2026-09-21,0.0
TPP-350,2026-09-28,0.0
TPP-350,2026-10-05,0.0
TPP-350,2026-10-12,0.0
TPP-350,2026-10-19,0.0
TPP-350,2026-10-26,0.0
TPP-350,2026-11-02,0.0
TPP-350,2026-11-09,0.0
TPP-350,2026-11-16,0.0
TPP-350,2026-11-23,0.0
TPP-350,2026-11-30,0.0
TPP-350,2026-12-07,0.0
TPP-350,2026-12-14,0.0
TPP-350,2026-12-21,0.0
TPP-350,2026-12-28,0.0
TPP-350,2027-01-04,0.0
TPP-350,2027-01-11,0.0
TPP-350,2027-01-18,0.0
TPP-350,2027-01-25,0.0
TPP-350,2027-02-01,0.0
TPP-350,2027-02-08,0.0
TPP-350,2027-02-15,0.0
TPP-350,2027-02-22,0.0
TPP-350,2027-03-01,0.0
TPP-350,2027-03-08,0.0
TPP-350,2027-03-15,0.0
TPP-350,2027-03-22,0.0
TPP-350,2027-03-29,0.0
TPP-350,2027-04-05,0.0
TPP-350,2027-04-12,0.0
TPP-350,2027-04-19,0.0
TPP-350,2027-04-26,0.0
TPP-350,2027-05-03,0.0
TPP-350,2027-05-10,0.0
TPP-350,2027-05-17,0.0
TPP-350,2027-05-24,0.0
TPP-350,2027-05-31,0.0
TPP-350,2027-06-07,0.0
TPP-350,2027-06-14,0.0
TPP-350,2027-06-21,0.0
TPP-350,2027-06-28,0.0
TPP-350,2027-07-05,0.0
TPP-350,2027-07-12,0.0
TPP-350,2027-07-19,0.0
TPP-350,2027-07-26,0.0
TPP-350,2027-08-02,0.0
TPP-350,2027-08-09,0.0
TPP-350,2027-08-16,0.0
TPP-350,2027-08-23,0.0
TPP-350,2027-08-30,0.0
TPP-350,2027-09-06,0.0
TPP-350,2027-09-13,0.0
TPP-350,2027-09-20,0.0
TPP-350,2027-09-27,0.0
TPP-350,2027-10-04,0.0
TPP-350,2027-10-11,0.0
TPP-350,2027-10-18,0.0
TPP-350,2027-10-25,0.0
TPP-350,2027-11-01,0.0
TPP-350,2027-11-08,0.0
TPP-350,2027-11-15,0.0
TPP-350,2027-11-22,0.0
TPP-350,2027-11-29,0.0
TPP-350,2027-12-06,0.0
TPP-350,2027-12-13,0.0
TPP-350,2027-12-20,0.0
TPP-356,2025-12-29,0.0
TPP-356,2026-01-05,0.0
TPP-356,2026-01-12,0.0
TPP-356,2026-01-19,0.0
TPP-356,2026-01-26,0.0
TPP-356,2026-02-02,0.0
TPP-356,2026-02-09,0.0
TPP-356,2026-02-16,0.0
TPP-356,2026-02-23,0.0
TPP-356,2026-03-02,0.0
TPP-356,2026-03-09,0.0
TPP-356,2026-03-16,0.0
TPP-356,2026-03-23,0.0
TPP-356,2026-03-30,0.0
TPP-356,2026-04-06,0.0
TPP-356,2026-04-13,0.0
TPP-356,2026-04-20,0.0
TPP-356,2026-04-27,0.0
TPP-356,2026-05-04,0.0
TPP-356,2026-05-11,0.0
TPP-356,2026-05-18,0.0
TPP-356,2026-05-25,0.0
TPP-356,2026-06-01,0.0
TPP-356,2026-06-08,0.0
TPP-356,2026-06-15,0.0
TPP-356,2026-06-22,0.0
TPP-356,2026-06-29,0.0
TPP-356,2026-07-06,0.0
TPP-356,2026-07-13,0.0
TPP-356,2026-07-20,0.0
TPP-356,2026-07-27,0.0
TPP-356,2026-08-03,0.0
TPP-356,2026-08-10,0.0
TPP-356,2026-08-17,0.0
TPP-356,2026-08-24,0.0
TPP-356,2026-08-31,0.0
TPP-356,2026-09-07,0.0
TPP-356,2026-09-14,0.0
TPP-356,2026-09-21,0.0
TPP-356,2026-09-28,0.0
TPP-356,2026-10-05,0.0
TPP-356,2026-10-12,0.0
TPP-356,2026-10-19,0.0
TPP-356,2026-10-26,0.0
TPP-356,2026-11-02,0.0
TPP-356,2026-11-09,0.0
TPP-356,2026-11-16,0.0
TPP-356,2026-11-23,0.0
TPP-356,2026-11-30,0.0
TPP-356,2026-12-07,0.0
TPP-356,2026-12-14,0.0
TPP-356,2026-12-21,0.0
TPP-356,2026-12-28,0.0
TPP-356,2027-01-04,0.0
TPP-356,2027-01-11,0.0
TPP-356,2027-01-18,0.0
TPP-356,2027-01-25,0.0
TPP-356,2027-02-01,0.0
TPP-356,2027-02-08,0.0
TPP-356,2027-02-15,0.0
TPP-356,2027-02-22,0.0
TPP-356,2027-03-01,0.0
TPP-356,2027-03-08,0.0
TPP-356,2027-03-15,0.0
TPP-356,2027-03-22,0.0
TPP-356,2027-03-29,0.0
TPP-356,2027-04-05,0.0
TPP-356,2027-04-12,0.0
TPP-356,2027-04-19,0.0
TPP-356,2027-04-26,0.0
TPP-356,2027-05-03,0.0
TPP-356,2027-05-10,0.0
TPP-356,2027-05-17,0.0
TPP-356,2027-05-24,0.0
TPP-356,2027-05-31,0.0
TPP-356,2027-06-07,0.0
TPP-356,2027-06-14,0.0
TPP-356,2027-06-21,0.0
TPP-356,2027-06-28,0.0
TPP-356,2027-07-05,0.0
TPP-356,2027-07-12,0.0
TPP-356,2027-07-19,0.0
TPP-356,2027-07-26,0.0
TPP-356,2027-08-02,0.0
TPP-356,2027-08-09,0.0
TPP-356,2027-08-16,0.0
TPP-356,2027-08-23,0.0
TPP-356,2027-08-30,0.0
TPP-356,2027-09-06,0.0
TPP-356,2027-09-13,0.0
TPP-356,2027-09-20,0.0
TPP-356,2027-09-27,0.0
TPP-356,2027-10-04,0.0
TPP-356,2027-10-11,0.0
TPP-356,2027-10-18,0.0
TPP-356,2027-10-25,0.0
TPP-356,2027-11-01,0.0
TPP-356,2027-11-08,0.0
TPP-356,2027-11-15,0.0
TPP-356,2027-11-22,0.0
TPP-356,2027-11-29,0.0
TPP-356,2027-12-06,0.0
TPP-356,2027-12-13,0.0
TPP-356,2027-12-20,0.0
TPP-358,2025-12-29,0.0
TPP-358,2026-01-05,0.0
TPP-358,2026-01-12,0.0
TPP-358,2026-01-19,0.0
TPP-358,2026-01-26,0.0
TPP-358,2026-02-02,0.0
TPP-358,2026-02-09,0.0
TPP-358,2026-02-16,0.0
TPP-358,2026-02-23,0.0
TPP-358,2026-03-02,0.0
TPP-358,2026-03-09,0.0
TPP-358,2026-03-16,0.0
TPP-358,2026-03-23,0.0
TPP-358,2026-03-30,0.0
TPP-358,2026-04-06,0.0
TPP-358,2026-04-13,0.0
TPP-358,2026-04-20,0.0
TPP-358,2026-04-27,0.0
TPP-358,2026-05-04,0.0
TPP-358,2026-05-11,0.0
TPP-358,2026-05-18,0.0
TPP-358,2026-05-25,0.0
TPP-358,2026-06-01,0.0
TPP-358,2026-06-08,0.0
TPP-358,2026-06-15,0.0
TPP-358,2026-06-22,0.0
TPP-358,2026-06-29,0.0
TPP-358,2026-07-06,0.0
TPP-358,2026-07-13,0.0
TPP-358,2026-07-20,0.0
TPP-358,2026-07-27,0.0
TPP-358,2026-08-03,0.0
TPP-358,2026-08-10,0.0
TPP-358,2026-08-17,0.0
TPP-358,2026-08-24,0.0
TPP-358,2026-08-31,0.0
TPP-358,2026-09-07,0.0
TPP-358,2026-09-14,0.0
TPP-358,2026-09-21,0.0
TPP-358,2026-09-28,0.0
TPP-358,2026-10-05,0.0
TPP-358,2026-10-12,0.0
TPP-358,2026-10-19,0.0
TPP-358,2026-10-26,0.0
TPP-358,2026-11-02,0.0
TPP-358,2026-11-09,0.0
TPP-358,2026-11-16,0.0
TPP-358,2026-11-23,0.0
TPP-358,2026-11-30,0.0
TPP-358,2026-12-07,0.0
TPP-358,2026-12-14,0.0
TPP-358,2026-12-21,0.0
TPP-358,2026-12-28,0.0
TPP-358,2027-01-04,0.0
TPP-358,2027-01-11,0.0
TPP-358,2027-01-18,0.0
TPP-358,2027-01-25,0.0
TPP-358,2027-02-01,0.0
TPP-358,2027-02-08,0.0
TPP-358,2027-02-15,0.0
TPP-358,2027-02-22,0.0
TPP-358,2027-03-01,0.0
TPP-358,2027-03-08,0.0
TPP-358,2027-03-15,0.0
TPP-358,2027-03-22,0.0
TPP-358,2027-03-29,0.0
TPP-358,2027-04-05,0.0
TPP-358,2027-04-12,0.0
TPP-358,2027-04-19,0.0
TPP-358,2027-04-26,0.0
TPP-358,2027-05-03,0.0
TPP-358,2027-05-10,0.0
TPP-358,2027-05-17,0.0
TPP-358,2027-05-24,0.0
TPP-358,2027-05-31,0.0
TPP-358,2027-06-07,0.0
TPP-358,2027-06-14,0.0
TPP-358,2027-06-21,0.0
TPP-358,2027-06-28,0.0
TPP-358,2027-07-05,0.0
TPP-358,2027-07-12,0.0
TPP-358,2027-07-19,0.0
TPP-358,2027-07-26,0.0
TPP-358,2027-08-02,0.0
TPP-358,2027-08-09,0.0
TPP-358,2027-08-16,0.0
TPP-358,2027-08-23,0.0
TPP-358,2027-08-30,0.0
TPP-358,2027-09-06,0.0
TPP-358,2027-09-13,0.0
TPP-358,2027-09-20,0.0
TPP-358,2027-09-27,0.0
TPP-358,2027-10-04,0.0
TPP-358,2027-10-11,0.0
TPP-358,2027-10-18,0.0
TPP-358,2027-10-25,0.0
TPP-358,2027-11-01,0.0
TPP-358,2027-11-08,0.0
TPP-358,2027-11-15,0.0
TPP-358,2027-11-22,0.0
TPP-358,2027-11-29,0.0
TPP-358,2027-12-06,0.0
TPP-358,2027-12-13,0.0
TPP-358,2027-12-20,0.0
TPP-527,2025-12-29,0.0
TPP-527,2026-01-05,0.0
TPP-527,2026-01-12,0.0
TPP-527,2026-01-19,0.0
TPP-527,2026-01-26,0.0
TPP-527,2026-02-02,0.0
TPP-527,2026-02-09,0.0
TPP-527,2026-02-16,0.0
TPP-527,2026-02-23,0.0
TPP-527,2026-03-02,0.0
TPP-527,2026-03-09,0.0
TPP-527,2026-03-16,0.0
TPP-527,2026-03-23,0.0
TPP-527,2026-03-30,0.0
TPP-527,2026-04-06,0.0
TPP-527,2026-04-13,0.0
TPP-527,2026-04-20,0.0
TPP-527,2026-04-27,0.0
TPP-527,2026-05-04,0.0
TPP-527,2026-05-11,0.0
TPP-527,2026-05-18,0.0
TPP-527,2026-05-25,0.0
TPP-527,2026-06-01,0.0
TPP-527,2026-06-08,0.0
TPP-527,2026-06-15,0.0
TPP-527,2026-06-22,0.0
TPP-527,2026-06-29,0.0
TPP-527,2026-07-06,0.0
TPP-527,2026-07-13,0.0
TPP-527,2026-07-20,0.0
TPP-527,2026-07-27,0.0
TPP-527,2026-08-03,0.0
TPP-527,2026-08-10,0.0
TPP-527,2026-08-17,0.0
TPP-527,2026-08-24,0.0
TPP-527,2026-08-31,0.0
TPP-527,2026-09-07,0.0
TPP-527,2026-09-14,0.0
TPP-527,2026-09-21,0.0
TPP-527,2026-09-28,0.0
TPP-527,2026-10-05,0.0
TPP-527,2026-10-12,0.0
TPP-527,2026-10-19,0.0
TPP-527,2026-10-26,0.0
TPP-527,2026-11-02,0.0
TPP-527,2026-11-09,0.0
TPP-527,2026-11-16,0.0
TPP-527,2026-11-23,0.0
TPP-527,2026-11-30,0.0
TPP-527,2026-12-07,0.0
TPP-527,2026-12-14,0.0
TPP-527,2026-12-21,0.0
TPP-527,2026-12-28,0.0
TPP-527,2027-01-04,0.0
TPP-527,2027-01-11,0.0
TPP-527,2027-01-18,0.0
TPP-527,2027-01-25,0.0
TPP-527,2027-02-01,0.0
TPP-527,2027-02-08,0.0
TPP-527,2027-02-15,0.0
TPP-527,2027-02-22,0.0
TPP-527,2027-03-01,0.0
TPP-527,2027-03-08,0.0
TPP-527,2027-03-15,0.0
TPP-527,2027-03-22,0.0
TPP-527,2027-03-29,0.0
TPP-527,2027-04-05,0.0
TPP-527,2027-04-12,0.0
TPP-527,2027-04-19,0.0
TPP-527,2027-04-26,0.0
TPP-527,2027-05-03,0.0
TPP-527,2027-05-10,0.0
TPP-527,2027-05-17,0.0
TPP-527,2027-05-24,0.0
TPP-527,2027-05-31,0.0
TPP-527,2027-06-07,0.0
TPP-527,2027-06-14,0.0
TPP-527,2027-06-21,0.0
TPP-527,2027-06-28,0.0
TPP-527,2027-07-05,0.0
TPP-527,2027-07-12,0.0
TPP-527,2027-07-19,0.0
TPP-527,2027-07-26,0.0
TPP-527,2027-08-02,0.0
TPP-527,2027-08-09,0.0
TPP-527,2027-08-16,0.0
TPP-527,2027-08-23,0.0
TPP-527,2027-08-30,0.0
TPP-527,2027-09-06,0.0
TPP-527,2027-09-13,0.0
TPP-527,2027-09-20,0.0
TPP-527,2027-09-27,0.0
TPP-527,2027-10-04,0.0
TPP-527,2027-10-11,0.0
TPP-527,2027-10-18,0.0
TPP-527,2027-10-25,0.0
TPP-527,2027-11-01,0.0
TPP-527,2027-11-08,0.0
TPP-527,2027-11-15,0.0
TPP-527,2027-11-22,0.0
TPP-527,2027-11-29,0.0
TPP-527,2027-12-06,0.0
TPP-527,2027-12-13,0.0
TPP-527,2027-12-20,0.0
TPP-533,2025-12-29,0.0
TPP-533,2026-01-05,0.0
TPP-533,2026-01-12,0.0
TPP-533,2026-01-19,0.0
TPP-533,2026-01-26,0.0
TPP-533,2026-02-02,0.0
TPP-533,2026-02-09,0.0
TPP-533,2026-02-16,0.0
TPP-533,2026-02-23,0.0
TPP-533,2026-03-02,0.0
TPP-533,2026-03-09,0.0
TPP-533,2026-03-16,0.0
TPP-533,2026-03-23,0.0
TPP-533,2026-03-30,0.0
TPP-533,2026-04-06,0.0
TPP-533,2026-04-13,0.0
TPP-533,2026-04-20,0.0
TPP-533,2026-04-27,0.0
TPP-533,2026-05-04,0.0
TPP-533,2026-05-11,0.0
TPP-533,2026-05-18,0.0
TPP-533,2026-05-25,0.0
TPP-533,2026-06-01,0.0
TPP-533,2026-06-08,0.0
TPP-533,2026-06-15,0.0
TPP-533,2026-06-22,0.0
TPP-533,2026-06-29,0.0
TPP-533,2026-07-06,0.0
TPP-533,2026-07-13,0.0
TPP-533,2026-07-20,0.0
TPP-533,2026-07-27,0.0
TPP-533,2026-08-03,0.0
TPP-533,2026-08-10,0.0
TPP-533,2026-08-17,0.0
TPP-533,2026-08-24,0.0
TPP-533,2026-08-31,0.0
TPP-533,2026-09-07,0.0
TPP-533,2026-09-14,0.0
TPP-533,2026-09-21,0.0
TPP-533,2026-09-28,0.0
TPP-533,2026-10-05,0.0
TPP-533,2026-10-12,0.0
TPP-533,2026-10-19,0.0
TPP-533,2026-10-26,0.0
TPP-533,2026-11-02,0.0
TPP-533,2026-11-09,0.0
TPP-533,2026-11-16,0.0
TPP-533,2026-11-23,0.0
TPP-533,2026-11-30,0.0
TPP-533,2026-12-07,0.0
TPP-533,2026-12-14,0.0
TPP-533,2026-12-21,0.0
TPP-533,2026-12-28,0.0
TPP-533,2027-01-04,0.0
TPP-533,2027-01-11,0.0
TPP-533,2027-01-18,0.0
TPP-533,2027-01-25,0.0
TPP-533,2027-02-01,0.0
TPP-533,2027-02-08,0.0
TPP-533,2027-02-15,0.0
TPP-533,2027-02-22,0.0
TPP-533,2027-03-01,0.0
TPP-533,2027-03-08,0.0
TPP-533,2027-03-15,0.0
TPP-533,2027-03-22,0.0
TPP-533,2027-03-29,0.0
TPP-533,2027-04-05,0.0
TPP-533,2027-04-12,0.0
TPP-533,2027-04-19,0.0
TPP-533,2027-04-26,0.0
TPP-533,2027-05-03,0.0
TPP-533,2027-05-10,0.0
TPP-533,2027-05-17,0.0
TPP-533,2027-05-24,0.0
TPP-533,2027-05-31,0.0
TPP-533,2027-06-07,0.0
TPP-533,2027-06-14,0.0
TPP-533,2027-06-21,0.0
TPP-533,2027-06-28,0.0
TPP-533,2027-07-05,0.0
TPP-533,2027-07-12,0.0
TPP-533,2027-07-19,0.0
TPP-533,2027-07-26,0.0
TPP-533,2027-08-02,0.0
TPP-533,2027-08-09,0.0
TPP-533,2027-08-16,0.0
TPP-533,2027-08-23,0.0
TPP-533,2027-08-30,0.0
TPP-533,2027-09-06,0.0
TPP-533,2027-09-13,0.0
TPP-533,2027-09-20,0.0
TPP-533,2027-09-27,0.0
TPP-533,2027-10-04,0.0
TPP-533,2027-10-11,0.0
TPP-533,2027-10-18,0.0
TPP-533,2027-10-25,0.0
TPP-533,2027-11-01,0.0
TPP-533,2027-11-08,0.0
TPP-533,2027-11-15,0.0
TPP-533,2027-11-22,0.0
TPP-533,2027-11-29,0.0
TPP-533,2027-12-06,0.0
TPP-533,2027-12-13,0.0
TPP-533,2027-12-20,0.0
TPP-537,2025-12-29,0.0
TPP-537,2026-01-05,0.0
TPP-537,2026-01-12,0.0
TPP-537,2026-01-19,0.0
TPP-537,2026-01-26,0.0
TPP-537,2026-02-02,0.0
TPP-537,2026-02-09,0.0
TPP-537,2026-02-16,0.0
TPP-537,2026-02-23,0.0
TPP-537,2026-03-02,0.0
TPP-537,2026-03-09,0.0
TPP-537,2026-03-16,0.0
TPP-537,2026-03-23,0.0
TPP-537,2026-03-30,0.0
TPP-537,2026-04-06,0.0
TPP-537,2026-04-13,0.0
TPP-537,2026-04-20,0.0
TPP-537,2026-04-27,0.0
TPP-537,2026-05-04,0.0
TPP-537,2026-05-11,0.0
TPP-537,2026-05-18,0.0
TPP-537,2026-05-25,0.0
TPP-537,2026-06-01,0.0
TPP-537,2026-06-08,0.0
TPP-537,2026-06-15,0.0
TPP-537,2026-06-22,0.0
TPP-537,2026-06-29,0.0
TPP-537,2026-07-06,0.0
TPP-537,2026-07-13,0.0
TPP-537,2026-07-20,0.0
TPP-537,2026-07-27,0.0
TPP-537,2026-08-03,0.0
TPP-537,2026-08-10,0.0
TPP-537,2026-08-17,0.0
TPP-537,2026-08-24,0.0
TPP-537,2026-08-31,0.0
TPP-537,2026-09-07,0.0
TPP-537,2026-09-14,0.0
TPP-537,2026-09-21,0.0
TPP-537,2026-09-28,0.0
TPP-537,2026-10-05,0.0
TPP-537,2026-10-12,0.0
TPP-537,2026-10-19,0.0
TPP-537,2026-10-26,0.0
TPP-537,2026-11-02,0.0
TPP-537,2026-11-09,0.0
TPP-537,2026-11-16,0.0
TPP-537,2026-11-23,0.0
TPP-537,2026-11-30,0.0
TPP-537,2026-12-07,0.0
TPP-537,2026-12-14,0.0
TPP-537,2026-12-21,0.0
TPP-537,2026-12-28,0.0
TPP-537,2027-01-04,0.0
TPP-537,2027-01-11,0.0
TPP-537,2027-01-18,0.0
TPP-537,2027-01-25,0.0
TPP-537,2027-02-01,0.0
TPP-537,2027-02-08,0.0
TPP-537,2027-02-15,0.0
TPP-537,2027-02-22,0.0
TPP-537,2027-03-01,0.0
TPP-537,2027-03-08,0.0
TPP-537,2027-03-15,0.0
TPP-537,2027-03-22,0.0
TPP-537,2027-03-29,0.0
TPP-537,2027-04-05,0.0
TPP-537,2027-04-12,0.0
TPP-537,2027-04-19,0.0
TPP-537,2027-04-26,0.0
TPP-537,2027-05-03,0.0
TPP-537,2027-05-10,0.0
TPP-537,2027-05-17,0.0
TPP-537,2027-05-24,0.0
TPP-537,2027-05-31,0.0
TPP-537,2027-06-07,0.0
TPP-537,2027-06-14,0.0
TPP-537,2027-06-21,0.0
TPP-537,2027-06-28,0.0
TPP-537,2027-07-05,0.0
TPP-537,2027-07-12,0.0
TPP-537,2027-07-19,0.0
TPP-537,2027-07-26,0.0
TPP-537,2027-08-02,0.0
TPP-537,2027-08-09,0.0
TPP-537,2027-08-16,0.0
TPP-537,2027-08-23,0.0
TPP-537,2027-08-30,0.0
TPP-537,2027-09-06,0.0
TPP-537,2027-09-13,0.0
TPP-537,2027-09-20,0.0
TPP-537,2027-09-27,0.0
TPP-537,2027-10-04,0.0
TPP-537,2027-10-11,0.0
TPP-537,2027-10-18,0.0
TPP-537,2027-10-25,0.0
TPP-537,2027-11-01,0.0
TPP-537,2027-11-08,0.0
TPP-537,2027-11-15,0.0
TPP-537,2027-11-22,0.0
TPP-537,2027-11-29,0.0
TPP-537,2027-12-06,0.0
TPP-537,2027-12-13,0.0
TPP-537,2027-12-20,0.0
TPP-609,2025-12-29,0.0
TPP-609,2026-01-05,0.0
TPP-609,2026-01-12,0.0
TPP-609,2026-01-19,0.0
TPP-609,2026-01-26,0.0
TPP-609,2026-02-02,0.0
TPP-609,2026-02-09,0.0
TPP-609,2026-02-16,0.0
TPP-609,2026-02-23,0.0
TPP-609,2026-03-02,0.0
TPP-609,2026-03-09,0.0
TPP-609,2026-03-16,0.0
TPP-609,2026-03-23,0.0
TPP-609,2026-03-30,0.0
TPP-609,2026-04-06,0.0
TPP-609,2026-04-13,0.0
TPP-609,2026-04-20,0.0
TPP-609,2026-04-27,0.0
TPP-609,2026-05-04,0.0
TPP-609,2026-05-11,0.0
TPP-609,2026-05-18,0.0
TPP-609,2026-05-25,0.0
TPP-609,2026-06-01,0.0
TPP-609,2026-06-08,0.0
TPP-609,2026-06-15,0.0
TPP-609,2026-06-22,0.0
TPP-609,2026-06-29,0.0
TPP-609,2026-07-06,0.0
TPP-609,2026-07-13,0.0
TPP-609,2026-07-20,0.0
TPP-609,2026-07-27,0.0
TPP-609,2026-08-03,0.0
TPP-609,2026-08-10,0.0
TPP-609,2026-08-17,0.0
TPP-609,2026-08-24,0.0
TPP-609,2026-08-31,0.0
TPP-609,2026-09-07,0.0
TPP-609,2026-09-14,0.0
TPP-609,2026-09-21,0.0
TPP-609,2026-09-28,0.0
TPP-609,2026-10-05,0.0
TPP-609,2026-10-12,0.0
TPP-609,2026-10-19,0.0
TPP-609,2026-10-26,0.0
TPP-609,2026-11-02,0.0
TPP-609,2026-11-09,0.0
TPP-609,2026-11-16,0.0
TPP-609,2026-11-23,0.0
TPP-609,2026-11-30,0.0
TPP-609,2026-12-07,0.0
TPP-609,2026-12-14,0.0
TPP-609,2026-12-21,0.0
TPP-609,2026-12-28,0.0
TPP-609,2027-01-04,0.0
TPP-609,2027-01-11,0.0
TPP-609,2027-01-18,0.0
TPP-609,2027-01-25,0.0
TPP-609,2027-02-01,0.0
TPP-609,2027-02-08,0.0
TPP-609,2027-02-15,0.0
TPP-609,2027-02-22,0.0
TPP-609,2027-03-01,0.0
TPP-609,2027-03-08,0.0
TPP-609,2027-03-15,0.0
TPP-609,2027-03-22,0.0
TPP-609,2027-03-29,0.0
TPP-609,2027-04-05,0.0
TPP-609,2027-04-12,0.0
TPP-609,2027-04-19,0.0
TPP-609,2027-04-26,0.0
TPP-609,2027-05-03,0.0
TPP-609,2027-05-10,0.0
TPP-609,2027-05-17,0.0
TPP-609,2027-05-24,0.0
TPP-609,2027-05-31,0.0
TPP-609,2027-06-07,0.0
TPP-609,2027-06-14,0.0
TPP-609,2027-06-21,0.0
TPP-609,2027-06-28,0.0
TPP-609,2027-07-05,0.0
TPP-609,2027-07-12,0.0
TPP-609,2027-07-19,0.0
TPP-609,2027-07-26,0.0
TPP-609,2027-08-02,0.0
TPP-609,2027-08-09,0.0
TPP-609,2027-08-16,0.0
TPP-609,2027-08-23,0.0
TPP-609,2027-08-30,0.0
TPP-609,2027-09-06,0.0
TPP-609,2027-09-13,0.0
TPP-609,2027-09-20,0.0
TPP-609,2027-09-27,0.0
TPP-609,2027-10-04,0.0
TPP-609,2027-10-11,0.0
TPP-609,2027-10-18,0.0
TPP-609,2027-10-25,0.0
TPP-609,2027-11-01,0.0
TPP-609,2027-11-08,0.0
TPP-609,2027-11-15,0.0
TPP-609,2027-11-22,0.0
TPP-609,2027-11-29,0.0
TPP-609,2027-12-06,0.0
TPP-609,2027-12-13,0.0
TPP-609,2027-12-20,0.0
TPP-1459,2025-12-29,0.0
TPP-1459,2026-01-05,0.0
TPP-1459,2026-01-12,0.0
TPP-1459,2026-01-19,0.0
TPP-1459,2026-01-26,0.0
TPP-1459,2026-02-02,0.0
TPP-1459,2026-02-09,0.0
TPP-1459,2026-02-16,0.0
TPP-1459,2026-02-23,0.0
TPP-1459,2026-03-02,2.0
TPP-1459,2026-03-09,0.0
TPP-1459,2026-03-16,0.0
TPP-1459,2026-03-23,0.0
TPP-1459,2026-03-30,2.0
TPP-1459,2026-04-06,0.0
TPP-1459,2026-04-13,0.0
TPP-1459,2026-04-20,0.0
TPP-1459,2026-04-27,0.0
TPP-1459,2026-05-04,2.0
TPP-1459,2026-05-11,2.0
TPP-1459,2026-05-18,0.0
TPP-1459,2026-05-25,0.0
TPP-1459,2026-06-01,0.0
TPP-1459,2026-06-08,2.0
TPP-1459,2026-06-15,0.0
TPP-1459,2026-06-22,0.0
TPP-1459,2026-06-29,0.0
TPP-1459,2026-07-06,0.0
TPP-1459,2026-07-13,0.0
TPP-1459,2026-07-20,0.0
TPP-1459,2026-07-27,0.0
TPP-1459,2026-08-03,0.0
TPP-1459,2026-08-10,0.0
TPP-1459,2026-08-17,0.0
TPP-1459,2026-08-24,3.0
TPP-1459,2026-08-31,0.0
TPP-1459,2026-09-07,0.0
TPP-1459,2026-09-14,0.0
TPP-1459,2026-09-21,0.0
TPP-1459,2026-09-28,0.0
TPP-1459,2026-10-05,0.0
TPP-1459,2026-10-12,0.0
TPP-1459,2026-10-19,0.0
TPP-1459,2026-10-26,0.0
TPP-1459,2026-11-02,0.0
TPP-1459,2026-11-09,3.0
TPP-1459,2026-11-16,0.0
TPP-1459,2026-11-23,0.0
TPP-1459,2026-11-30,0.0
TPP-1459,2026-12-07,0.0
TPP-1459,2026-12-14,0.0
TPP-1459,2026-12-21,0.0
TPP-1459,2026-12-28,0.0
TPP-1459,2027-01-04,0.0
TPP-1459,2027-01-11,0.0
TPP-1459,2027-01-18,3.0
TPP-1459,2027-01-25,0.0
TPP-1459,2027-02-01,0.0
TPP-1459,2027-02-08,0.0
TPP-1459,2027-02-15,3.0
TPP-1459,2027-02-22,0.0
TPP-1459,2027-03-01,0.0
TPP-1459,2027-03-08,0.0
TPP-1459,2027-03-15,3.0
TPP-1459,2027-03-22,0.0
TPP-1459,2027-03-29,0.0
TPP-1459,2027-04-05,0.0
TPP-1459,2027-04-12,3.0
TPP-1459,2027-04-19,3.0
TPP-1459,2027-04-26,3.0
TPP-1459,2027-05-03,3.0
TPP-1459,2027-05-10,0.0
TPP-1459,2027-05-17,3.0
TPP-1459,2027-05-24,0.0
TPP-1459,2027-05-31,3.0
TPP-1459,2027-06-07,0.0
TPP-1459,2027-06-14,3.0
TPP-1459,2027-06-21,3.0
TPP-1459,2027-06-28,0.0
TPP-1459,2027-07-05,3.0
TPP-1459,2027-07-12,3.0
TPP-1459,2027-07-19,3.0
TPP-1459,2027-07-26,3.0
TPP-1459,2027-08-02,3.0
TPP-1459,2027-08-09,0.0
TPP-1459,2027-08-16,3.0
TPP-1459,2027-08-23,3.0
TPP-1459,2027-08-30,0.0
TPP-1459,2027-09-06,3.0
TPP-1459,2027-09-13,3.0
TPP-1459,2027-09-20,0.0
TPP-1459,2027-09-27,3.0
TPP-1459,2027-10-04,3.0
TPP-1459,2027-10-11,3.0
TPP-1459,2027-10-18,3.0
TPP-1459,2027-10-25,3.0
TPP-1459,2027-11-01,3.0
TPP-1459,2027-11-08,3.0
TPP-1459,2027-11-15,3.0
TPP-1459,2027-11-22,3.0
TPP-1459,2027-11-29,3.0
TPP-1459,2027-12-06,3.0
TPP-1459,2027-12-13,0.0
TPP-1459,2027-12-20,0.0
TPP-1466,2025-12-29,0.0
TPP-1466,2026-01-05,0.0
TPP-1466,2026-01-12,0.0
TPP-1466,2026-01-19,0.0
TPP-1466,2026-01-26,0.0
TPP-1466,2026-02-02,0.0
TPP-1466,2026-02-09,0.0
TPP-1466,2026-02-16,0.0
TPP-1466,2026-02-23,0.0
TPP-1466,2026-03-02,0.0
TPP-1466,2026-03-09,0.0
TPP-1466,2026-03-16,0.0
TPP-1466,2026-03-23,0.0
TPP-1466,2026-03-30,0.0
TPP-1466,2026-04-06,0.0
TPP-1466,2026-04-13,0.0
TPP-1466,2026-04-20,0.0
TPP-1466,2026-04-27,0.0
TPP-1466,2026-05-04,0.0
TPP-1466,2026-05-11,0.0
TPP-1466,2026-05-18,0.0
TPP-1466,2026-05-25,0.0
TPP-1466,2026-06-01,0.0
TPP-1466,2026-06-08,0.0
TPP-1466,2026-06-15,0.0
TPP-1466,2026-06-22,0.0
TPP-1466,2026-06-29,0.0
TPP-1466,2026-07-06,0.0
TPP-1466,2026-07-13,0.0
TPP-1466,2026-07-20,0.0
TPP-1466,2026-07-27,0.0
TPP-1466,2026-08-03,0.0
TPP-1466,2026-08-10,0.0
TPP-1466,2026-08-17,0.0
TPP-1466,2026-08-24,0.0
TPP-1466,2026-08-31,0.0
TPP-1466,2026-09-07,0.0
TPP-1466,2026-09-14,0.0
TPP-1466,2026-09-21,0.0
TPP-1466,2026-09-28,0.0
TPP-1466,2026-10-05,0.0
TPP-1466,2026-10-12,0.0
TPP-1466,2026-10-19,0.0
TPP-1466,2026-10-26,0.0
TPP-1466,2026-11-02,0.0
TPP-1466,2026-11-09,0.0
TPP-1466,2026-11-16,0.0
TPP-1466,2026-11-23,0.0
TPP-1466,2026-11-30,0.0
TPP-1466,2026-12-07,0.0
TPP-1466,2026-12-14,0.0
TPP-1466,2026-12-21,0.0
TPP-1466,2026-12-28,0.0
TPP-1466,2027-01-04,0.0
TPP-1466,2027-01-11,0.0
TPP-1466,2027-01-18,0.0
TPP-1466,2027-01-25,0.0
TPP-1466,2027-02-01,0.0
TPP-1466,2027-02-08,0.0
TPP-1466,2027-02-15,0.0
TPP-1466,2027-02-22,0.0
TPP-1466,2027-03-01,0.0
TPP-1466,2027-03-08,0.0
TPP-1466,2027-03-15,0.0
TPP-1466,2027-03-22,0.0
TPP-1466,2027-03-29,0.0
TPP-1466,2027-04-05,0.0
TPP-1466,2027-04-12,0.0
TPP-1466,2027-04-19,0.0
TPP-1466,2027-04-26,0.0
TPP-1466,2027-05-03,0.0
TPP-1466,2027-05-10,0.0
TPP-1466,2027-05-17,0.0
TPP-1466,2027-05-24,0.0
TPP-1466,2027-05-31,0.0
TPP-1466,2027-06-07,0.0
TPP-1466,2027-06-14,0.0
TPP-1466,2027-06-21,0.0
TPP-1466,2027-06-28,0.0
TPP-1466,2027-07-05,0.0
TPP-1466,2027-07-12,0.0
TPP-1466,2027-07-19,0.0
TPP-1466,2027-07-26,0.0
TPP-1466,2027-08-02,0.0
TPP-1466,2027-08-09,0.0
TPP-1466,2027-08-16,0.0
TPP-1466,2027-08-23,0.0
TPP-1466,2027-08-30,0.0
TPP-1466,2027-09-06,0.0
TPP-1466,2027-09-13,0.0
TPP-1466,2027-09-20,0.0
TPP-1466,2027-09-27,0.0
TPP-1466,2027-10-04,0.0
TPP-1466,2027-10-11,0.0
TPP-1466,2027-10-18,0.0
TPP-1466,2027-10-25,0.0
TPP-1466,2027-11-01,0.0
TPP-1466,2027-11-08,0.0
TPP-1466,2027-11-15,0.0
TPP-1466,2027-11-22,0.0
TPP-1466,2027-11-29,0.0
TPP-1466,2027-12-06,0.0
TPP-1466,2027-12-13,0.0
TPP-1466,2027-12-20,0.0
TPP-635,2025-12-29,0.0
TPP-635,2026-01-05,0.0
TPP-635,2026-01-12,0.0
TPP-635,2026-01-19,0.0
TPP-635,2026-01-26,0.0
TPP-635,2026-02-02,0.0
TPP-635,2026-02-09,0.0
TPP-635,2026-02-16,0.0
TPP-635,2026-02-23,0.0
TPP-635,2026-03-02,0.0
TPP-635,2026-03-09,0.0
TPP-635,2026-03-16,0.0
TPP-635,2026-03-23,0.0
TPP-635,2026-03-30,0.0
TPP-635,2026-04-06,0.0
TPP-635,2026-04-13,0.0
TPP-635,2026-04-20,0.0
TPP-635,2026-04-27,0.0
TPP-635,2026-05-04,0.0
TPP-635,2026-05-11,0.0
TPP-635,2026-05-18,0.0
TPP-635,2026-05-25,0.0
TPP-635,2026-06-01,0.0
TPP-635,2026-06-08,0.0
TPP-635,2026-06-15,0.0
TPP-635,2026-06-22,0.0
TPP-635,2026-06-29,0.0
TPP-635,2026-07-06,0.0
TPP-635,2026-07-13,0.0
TPP-635,2026-07-20,0.0
TPP-635,2026-07-27,0.0
TPP-635,2026-08-03,0.0
TPP-635,2026-08-10,0.0
TPP-635,2026-08-17,0.0
TPP-635,2026-08-24,0.0
TPP-635,2026-08-31,0.0
TPP-635,2026-09-07,0.0
TPP-635,2026-09-14,0.0
TPP-635,2026-09-21,0.0
TPP-635,2026-09-28,0.0
TPP-635,2026-10-05,0.0
TPP-635,2026-10-12,0.0
TPP-635,2026-10-19,0.0
TPP-635,2026-10-26,0.0
TPP-635,2026-11-02,0.0
TPP-635,2026-11-09,0.0
TPP-635,2026-11-16,0.0
TPP-635,2026-11-23,0.0
TPP-635,2026-11-30,0.0
TPP-635,2026-12-07,0.0
TPP-635,2026-12-14,0.0
TPP-635,2026-12-21,0.0
TPP-635,2026-12-28,0.0
TPP-635,2027-01-04,0.0
TPP-635,2027-01-11,0.0
TPP-635,2027-01-18,0.0
TPP-635,2027-01-25,0.0
TPP-635,2027-02-01,0.0
TPP-635,2027-02-08,0.0
TPP-635,2027-02-15,0.0
TPP-635,2027-02-22,0.0
TPP-635,2027-03-01,0.0
TPP-635,2027-03-08,0.0
TPP-635,2027-03-15,0.0
TPP-635,2027-03-22,0.0
TPP-635,2027-03-29,0.0
TPP-635,2027-04-05,0.0
TPP-635,2027-04-12,0.0
TPP-635,2027-04-19,0.0
TPP-635,2027-04-26,0.0
TPP-635,2027-05-03,0.0
TPP-635,2027-05-10,0.0
TPP-635,2027-05-17,0.0
TPP-635,2027-05-24,0.0
TPP-635,2027-05-31,0.0
TPP-635,2027-06-07,0.0
TPP-635,2027-06-14,0.0
TPP-635,2027-06-21,0.0
TPP-635,2027-06-28,0.0
TPP-635,2027-07-05,0.0
TPP-635,2027-07-12,0.0
TPP-635,2027-07-19,0.0
TPP-635,2027-07-26,0.0
TPP-635,2027-08-02,0.0
TPP-635,2027-08-09,0.0
TPP-635,2027-08-16,0.0
TPP-635,2027-08-23,0.0
TPP-635,2027-08-30,0.0
TPP-635,2027-09-06,0.0
TPP-635,2027-09-13,0.0
TPP-635,2027-09-20,0.0
TPP-635,2027-09-27,0.0
TPP-635,2027-10-04,0.0
TPP-635,2027-10-11,0.0
TPP-635,2027-10-18,0.0
TPP-635,2027-10-25,0.0
TPP-635,2027-11-01,0.0
TPP-635,2027-11-08,0.0
TPP-635,2027-11-15,0.0
TPP-635,2027-11-22,0.0
TPP-635,2027-11-29,0.0
TPP-635,2027-12-06,0.0
TPP-635,2027-12-13,0.0
TPP-635,2027-12-20,0.0
TPP-649,2025-12-29,0.0
TPP-649,2026-01-05,0.0
TPP-649,2026-01-12,8.0
TPP-649,2026-01-19,0.0
TPP-649,2026-01-26,4.0
TPP-649,2026-02-02,0.0
TPP-649,2026-02-09,0.0
TPP-649,2026-02-16,4.0
TPP-649,2026-02-23,0.0
TPP-649,2026-03-02,4.0
TPP-649,2026-03-09,0.0
TPP-649,2026-03-16,0.0
TPP-649,2026-03-23,4.0
TPP-649,2026-03-30,0.0
TPP-649,2026-04-06,2.0
TPP-649,2026-04-13,3.0
TPP-649,2026-04-20,0.0
TPP-649,2026-04-27,0.0
TPP-649,2026-05-04,4.0
TPP-649,2026-05-11,2.0
TPP-649,2026-05-18,2.0
TPP-649,2026-05-25,4.0
TPP-649,2026-06-01,4.0
TPP-649,2026-06-08,0.0
TPP-649,2026-06-15,0.0
TPP-649,2026-06-22,4.0
TPP-649,2026-06-29,4.0
TPP-649,2026-07-06,4.0
TPP-649,2026-07-13,2.0
TPP-649,2026-07-20,4.0
TPP-649,2026-07-27,0.0
TPP-649,2026-08-03,4.0
TPP-649,2026-08-10,0.0
TPP-649,2026-08-17,0.0
TPP-649,2026-08-24,0.0
TPP-649,2026-08-31,4.0
TPP-649,2026-09-07,0.0
TPP-649,2026-09-14,0.0
TPP-649,2026-09-21,4.0
TPP-649,2026-09-28,0.0
TPP-649,2026-10-05,0.0
TPP-649,2026-10-12,4.0
TPP-649,2026-10-19,0.0
TPP-649,2026-10-26,4.0
TPP-649,2026-11-02,4.0
TPP-649,2026-11-09,4.0
TPP-649,2026-11-16,4.0
TPP-649,2026-11-23,4.0
TPP-649,2026-11-30,0.0
TPP-649,2026-12-07,4.0
TPP-649,2026-12-14,0.0
TPP-649,2026-12-21,0.0
TPP-649,2026-12-28,0.0
TPP-649,2027-01-04,0.0
TPP-649,2027-01-11,4.0
TPP-649,2027-01-18,0.0
TPP-649,2027-01-25,0.0
TPP-649,2027-02-01,4.0
TPP-649,2027-02-08,0.0
TPP-649,2027-02-15,4.0
TPP-649,2027-02-22,0.0
TPP-649,2027-03-01,0.0
TPP-649,2027-03-08,0.0
TPP-649,2027-03-15,0.0
TPP-649,2027-03-22,0.0
TPP-649,2027-03-29,0.0
TPP-649,2027-04-05,0.0
TPP-649,2027-04-12,0.0
TPP-649,2027-04-19,0.0
TPP-649,2027-04-26,0.0
TPP-649,2027-05-03,0.0
TPP-649,2027-05-10,0.0
TPP-649,2027-05-17,0.0
TPP-649,2027-05-24,0.0
TPP-649,2027-05-31,0.0
TPP-649,2027-06-07,0.0
TPP-649,2027-06-14,0.0
TPP-649,2027-06-21,0.0
TPP-649,2027-06-28,0.0
TPP-649,2027-07-05,0.0
TPP-649,2027-07-12,0.0
TPP-649,2027-07-19,0.0
TPP-649,2027-07-26,0.0
TPP-649,2027-08-02,0.0
TPP-649,2027-08-09,0.0
TPP-649,2027-08-16,0.0
TPP-649,2027-08-23,0.0
TPP-649,2027-08-30,0.0
TPP-649,2027-09-06,0.0
TPP-649,2027-09-13,0.0
TPP-649,2027-09-20,0.0
TPP-649,2027-09-27,0.0
TPP-649,2027-10-04,0.0
TPP-649,2027-10-11,0.0
TPP-649,2027-10-18,0.0
TPP-649,2027-10-25,0.0
TPP-649,2027-11-01,0.0
TPP-649,2027-11-08,0.0
TPP-649,2027-11-15,0.0
TPP-649,2027-11-22,0.0
TPP-649,2027-11-29,0.0
TPP-649,2027-12-06,0.0
TPP-649,2027-12-13,0.0
TPP-649,2027-12-20,0.0
TPP-650,2025-12-29,0.0
TPP-650,2026-01-05,0.0
TPP-650,2026-01-12,4.0
TPP-650,2026-01-19,2.0
TPP-650,2026-01-26,0.0
TPP-650,2026-02-02,2.0
TPP-650,2026-02-09,0.0
TPP-650,2026-02-16,2.0
TPP-650,2026-02-23,0.0
TPP-650,2026-03-02,2.0
TPP-650,2026-03-09,0.0
TPP-650,2026-03-16,2.0
TPP-650,2026-03-23,2.0
TPP-650,2026-03-30,2.0
TPP-650,2026-04-06,2.0
TPP-650,2026-04-13,4.0
TPP-650,2026-04-20,4.0
TPP-650,2026-04-27,0.0
TPP-650,2026-05-04,0.0
TPP-650,2026-05-11,0.0
TPP-650,2026-05-18,0.0
TPP-650,2026-05-25,2.0
TPP-650,2026-06-01,0.0
TPP-650,2026-06-08,4.0
TPP-650,2026-06-15,0.0
TPP-650,2026-06-22,4.0
TPP-650,2026-06-29,2.0
TPP-650,2026-07-06,4.0
TPP-650,2026-07-13,2.0
TPP-650,2026-07-20,4.0
TPP-650,2026-07-27,0.0
TPP-650,2026-08-03,4.0
TPP-650,2026-08-10,0.0
TPP-650,2026-08-17,0.0
TPP-650,2026-08-24,0.0
TPP-650,2026-08-31,2.0
TPP-650,2026-09-07,0.0
TPP-650,2026-09-14,0.0
TPP-650,2026-09-21,4.0
TPP-650,2026-09-28,0.0
TPP-650,2026-10-05,0.0
TPP-650,2026-10-12,2.0
TPP-650,2026-10-19,4.0
TPP-650,2026-10-26,2.0
TPP-650,2026-11-02,2.0
TPP-650,2026-11-09,2.0
TPP-650,2026-11-16,2.0
TPP-650,2026-11-23,4.0
TPP-650,2026-11-30,0.0
TPP-650,2026-12-07,4.0
TPP-650,2026-12-14,0.0
TPP-650,2026-12-21,0.0
TPP-650,2026-12-28,0.0
TPP-650,2027-01-04,0.0
TPP-650,2027-01-11,2.0
TPP-650,2027-01-18,0.0
TPP-650,2027-01-25,0.0
TPP-650,2027-02-01,2.0
TPP-650,2027-02-08,0.0
TPP-650,2027-02-15,2.0
TPP-650,2027-02-22,0.0
TPP-650,2027-03-01,0.0
TPP-650,2027-03-08,2.0
TPP-650,2027-03-15,0.0
TPP-650,2027-03-22,0.0
TPP-650,2027-03-29,0.0
TPP-650,2027-04-05,0.0
TPP-650,2027-04-12,0.0
TPP-650,2027-04-19,0.0
TPP-650,2027-04-26,0.0
TPP-650,2027-05-03,0.0
TPP-650,2027-05-10,0.0
TPP-650,2027-05-17,0.0
TPP-650,2027-05-24,0.0
TPP-650,2027-05-31,0.0
TPP-650,2027-06-07,0.0
TPP-650,2027-06-14,0.0
TPP-650,2027-06-21,0.0
TPP-650,2027-06-28,0.0
TPP-650,2027-07-05,0.0
TPP-650,2027-07-12,0.0
TPP-650,2027-07-19,0.0
TPP-650,2027-07-26,0.0
TPP-650,2027-08-02,0.0
TPP-650,2027-08-09,0.0
TPP-650,2027-08-16,0.0
TPP-650,2027-08-23,0.0
TPP-650,2027-08-30,0.0
TPP-650,2027-09-06,0.0
TPP-650,2027-09-13,0.0
TPP-650,2027-09-20,0.0
TPP-650,2027-09-27,0.0
TPP-650,2027-10-04,0.0
TPP-650,2027-10-11,0.0
TPP-650,2027-10-18,0.0
TPP-650,2027-10-25,0.0
TPP-650,2027-11-01,0.0
TPP-650,2027-11-08,0.0
TPP-650,2027-11-15,0.0
TPP-650,2027-11-22,0.0
TPP-650,2027-11-29,0.0
TPP-650,2027-12-06,0.0
TPP-650,2027-12-13,0.0
TPP-650,2027-12-20,0.0
TPP-699,2025-12-29,0.0
TPP-699,2026-01-05,0.0
TPP-699,2026-01-12,0.0
TPP-699,2026-01-19,0.0
TPP-699,2026-01-26,0.0
TPP-699,2026-02-02,0.0
TPP-699,2026-02-09,0.0
TPP-699,2026-02-16,0.0
TPP-699,2026-02-23,0.0
TPP-699,2026-03-02,0.0
TPP-699,2026-03-09,0.0
TPP-699,2026-03-16,0.0
TPP-699,2026-03-23,0.0
TPP-699,2026-03-30,0.0
TPP-699,2026-04-06,0.0
TPP-699,2026-04-13,0.0
TPP-699,2026-04-20,0.0
TPP-699,2026-04-27,0.0
TPP-699,2026-05-04,0.0
TPP-699,2026-05-11,0.0
TPP-699,2026-05-18,0.0
TPP-699,2026-05-25,0.0
TPP-699,2026-06-01,0.0
TPP-699,2026-06-08,0.0
TPP-699,2026-06-15,0.0
TPP-699,2026-06-22,0.0
TPP-699,2026-06-29,0.0
TPP-699,2026-07-06,0.0
TPP-699,2026-07-13,0.0
TPP-699,2026-07-20,0.0
TPP-699,2026-07-27,0.0
TPP-699,2026-08-03,0.0
TPP-699,2026-08-10,0.0
TPP-699,2026-08-17,0.0
TPP-699,2026-08-24,0.0
TPP-699,2026-08-31,0.0
TPP-699,2026-09-07,0.0
TPP-699,2026-09-14,0.0
TPP-699,2026-09-21,0.0
TPP-699,2026-09-28,0.0
TPP-699,2026-10-05,0.0
TPP-699,2026-10-12,0.0
TPP-699,2026-10-19,0.0
TPP-699,2026-10-26,0.0
TPP-699,2026-11-02,0.0
TPP-699,2026-11-09,0.0
TPP-699,2026-11-16,0.0
TPP-699,2026-11-23,0.0
TPP-699,2026-11-30,0.0
TPP-699,2026-12-07,0.0
TPP-699,2026-12-14,0.0
TPP-699,2026-12-21,0.0
TPP-699,2026-12-28,0.0
TPP-699,2027-01-04,0.0
TPP-699,2027-01-11,0.0
TPP-699,2027-01-18,0.0
TPP-699,2027-01-25,0.0
TPP-699,2027-02-01,0.0
TPP-699,2027-02-08,0.0
TPP-699,2027-02-15,0.0
TPP-699,2027-02-22,0.0
TPP-699,2027-03-01,0.0
TPP-699,2027-03-08,0.0
TPP-699,2027-03-15,0.0
TPP-699,2027-03-22,0.0
TPP-699,2027-03-29,0.0
TPP-699,2027-04-05,0.0
TPP-699,2027-04-12,0.0
TPP-699,2027-04-19,0.0
TPP-699,2027-04-26,0.0
TPP-699,2027-05-03,0.0
TPP-699,2027-05-10,0.0
TPP-699,2027-05-17,0.0
TPP-699,2027-05-24,0.0
TPP-699,2027-05-31,0.0
TPP-699,2027-06-07,0.0
TPP-699,2027-06-14,0.0
TPP-699,2027-06-21,0.0
TPP-699,2027-06-28,0.0
TPP-699,2027-07-05,0.0
TPP-699,2027-07-12,0.0
TPP-699,2027-07-19,0.0
TPP-699,2027-07-26,0.0
TPP-699,2027-08-02,0.0
TPP-699,2027-08-09,0.0
TPP-699,2027-08-16,0.0
TPP-699,2027-08-23,0.0
TPP-699,2027-08-30,0.0
TPP-699,2027-09-06,0.0
TPP-699,2027-09-13,0.0
TPP-699,2027-09-20,0.0
TPP-699,2027-09-27,0.0
TPP-699,2027-10-04,0.0
TPP-699,2027-10-11,0.0
TPP-699,2027-10-18,0.0
TPP-699,2027-10-25,0.0
TPP-699,2027-11-01,0.0
TPP-699,2027-11-08,0.0
TPP-699,2027-11-15,0.0
TPP-699,2027-11-22,0.0
TPP-699,2027-11-29,0.0
TPP-699,2027-12-06,0.0
TPP-699,2027-12-13,0.0
TPP-699,2027-12-20,0.0
TPP-700,2025-12-29,0.0
TPP-700,2026-01-05,0.0
TPP-700,2026-01-12,0.0
TPP-700,2026-01-19,0.0
TPP-700,2026-01-26,0.0
TPP-700,2026-02-02,0.0
TPP-700,2026-02-09,0.0
TPP-700,2026-02-16,0.0
TPP-700,2026-02-23,0.0
TPP-700,2026-03-02,0.0
TPP-700,2026-03-09,0.0
TPP-700,2026-03-16,0.0
TPP-700,2026-03-23,0.0
TPP-700,2026-03-30,0.0
TPP-700,2026-04-06,0.0
TPP-700,2026-04-13,0.0
TPP-700,2026-04-20,0.0
TPP-700,2026-04-27,0.0
TPP-700,2026-05-04,0.0
TPP-700,2026-05-11,0.0
TPP-700,2026-05-18,0.0
TPP-700,2026-05-25,0.0
TPP-700,2026-06-01,0.0
TPP-700,2026-06-08,0.0
TPP-700,2026-06-15,0.0
TPP-700,2026-06-22,0.0
TPP-700,2026-06-29,0.0
TPP-700,2026-07-06,0.0
TPP-700,2026-07-13,0.0
TPP-700,2026-07-20,0.0
TPP-700,2026-07-27,0.0
TPP-700,2026-08-03,0.0
TPP-700,2026-08-10,0.0
TPP-700,2026-08-17,0.0
TPP-700,2026-08-24,0.0
TPP-700,2026-08-31,0.0
TPP-700,2026-09-07,0.0
TPP-700,2026-09-14,0.0
TPP-700,2026-09-21,0.0
TPP-700,2026-09-28,0.0
TPP-700,2026-10-05,0.0
TPP-700,2026-10-12,0.0
TPP-700,2026-10-19,0.0
TPP-700,2026-10-26,0.0
TPP-700,2026-11-02,0.0
TPP-700,2026-11-09,0.0
TPP-700,2026-11-16,0.0
TPP-700,2026-11-23,0.0
TPP-700,2026-11-30,0.0
TPP-700,2026-12-07,0.0
TPP-700,2026-12-14,0.0
TPP-700,2026-12-21,0.0
TPP-700,2026-12-28,0.0
TPP-700,2027-01-04,0.0
TPP-700,2027-01-11,0.0
TPP-700,2027-01-18,0.0
TPP-700,2027-01-25,0.0
TPP-700,2027-02-01,0.0
TPP-700,2027-02-08,0.0
TPP-700,2027-02-15,0.0
TPP-700,2027-02-22,0.0
TPP-700,2027-03-01,0.0
TPP-700,2027-03-08,0.0
TPP-700,2027-03-15,0.0
TPP-700,2027-03-22,0.0
TPP-700,2027-03-29,0.0
TPP-700,2027-04-05,0.0
TPP-700,2027-04-12,0.0
TPP-700,2027-04-19,0.0
TPP-700,2027-04-26,0.0
TPP-700,2027-05-03,0.0
TPP-700,2027-05-10,0.0
TPP-700,2027-05-17,0.0
TPP-700,2027-05-24,0.0
TPP-700,2027-05-31,0.0
TPP-700,2027-06-07,0.0
TPP-700,2027-06-14,0.0
TPP-700,2027-06-21,0.0
TPP-700,2027-06-28,0.0
TPP-700,2027-07-05,0.0
TPP-700,2027-07-12,0.0
TPP-700,2027-07-19,0.0
TPP-700,2027-07-26,0.0
TPP-700,2027-08-02,0.0
TPP-700,2027-08-09,0.0
TPP-700,2027-08-16,0.0
TPP-700,2027-08-23,0.0
TPP-700,2027-08-30,0.0
TPP-700,2027-09-06,0.0
TPP-700,2027-09-13,0.0
TPP-700,2027-09-20,0.0
TPP-700,2027-09-27,0.0
TPP-700,2027-10-04,0.0
TPP-700,2027-10-11,0.0
TPP-700,2027-10-18,0.0
TPP-700,2027-10-25,0.0
TPP-700,2027-11-01,0.0
TPP-700,2027-11-08,0.0
TPP-700,2027-11-15,0.0
TPP-700,2027-11-22,0.0
TPP-700,2027-11-29,0.0
TPP-700,2027-12-06,0.0
TPP-700,2027-12-13,0.0
TPP-700,2027-12-20,0.0
TPP-701,2025-12-29,0.0
TPP-701,2026-01-05,0.0
TPP-701,2026-01-12,0.0
TPP-701,2026-01-19,0.0
TPP-701,2026-01-26,0.0
TPP-701,2026-02-02,0.0
TPP-701,2026-02-09,0.0
TPP-701,2026-02-16,0.0
TPP-701,2026-02-23,0.0
TPP-701,2026-03-02,0.0
TPP-701,2026-03-09,0.0
TPP-701,2026-03-16,0.0
TPP-701,2026-03-23,0.0
TPP-701,2026-03-30,0.0
TPP-701,2026-04-06,0.0
TPP-701,2026-04-13,0.0
TPP-701,2026-04-20,0.0
TPP-701,2026-04-27,0.0
TPP-701,2026-05-04,0.0
TPP-701,2026-05-11,0.0
TPP-701,2026-05-18,0.0
TPP-701,2026-05-25,0.0
TPP-701,2026-06-01,0.0
TPP-701,2026-06-08,0.0
TPP-701,2026-06-15,0.0
TPP-701,2026-06-22,0.0
TPP-701,2026-06-29,0.0
TPP-701,2026-07-06,0.0
TPP-701,2026-07-13,0.0
TPP-701,2026-07-20,0.0
TPP-701,2026-07-27,0.0
TPP-701,2026-08-03,0.0
TPP-701,2026-08-10,0.0
TPP-701,2026-08-17,0.0
TPP-701,2026-08-24,0.0
TPP-701,2026-08-31,0.0
TPP-701,2026-09-07,0.0
TPP-701,2026-09-14,0.0
TPP-701,2026-09-21,0.0
TPP-701,2026-09-28,0.0
TPP-701,2026-10-05,0.0
TPP-701,2026-10-12,0.0
TPP-701,2026-10-19,0.0
TPP-701,2026-10-26,0.0
TPP-701,2026-11-02,0.0
TPP-701,2026-11-09,0.0
TPP-701,2026-11-16,0.0
TPP-701,2026-11-23,0.0
TPP-701,2026-11-30,0.0
TPP-701,2026-12-07,0.0
TPP-701,2026-12-14,0.0
TPP-701,2026-12-21,0.0
TPP-701,2026-12-28,0.0
TPP-701,2027-01-04,0.0
TPP-701,2027-01-11,0.0
TPP-701,2027-01-18,0.0
TPP-701,2027-01-25,0.0
TPP-701,2027-02-01,0.0
TPP-701,2027-02-08,0.0
TPP-701,2027-02-15,0.0
TPP-701,2027-02-22,0.0
TPP-701,2027-03-01,0.0
TPP-701,2027-03-08,0.0
TPP-701,2027-03-15,0.0
TPP-701,2027-03-22,0.0
TPP-701,2027-03-29,0.0
TPP-701,2027-04-05,0.0
TPP-701,2027-04-12,0.0
TPP-701,2027-04-19,0.0
TPP-701,2027-04-26,0.0
TPP-701,2027-05-03,0.0
TPP-701,2027-05-10,0.0
TPP-701,2027-05-17,0.0
TPP-701,2027-05-24,0.0
TPP-701,2027-05-31,0.0
TPP-701,2027-06-07,0.0
TPP-701,2027-06-14,0.0
TPP-701,2027-06-21,0.0
TPP-701,2027-06-28,0.0
TPP-701,2027-07-05,0.0
TPP-701,2027-07-12,0.0
TPP-701,2027-07-19,0.0
TPP-701,2027-07-26,0.0
TPP-701,2027-08-02,0.0
TPP-701,2027-08-09,0.0
TPP-701,2027-08-16,0.0
TPP-701,2027-08-23,0.0
TPP-701,2027-08-30,0.0
TPP-701,2027-09-06,0.0
TPP-701,2027-09-13,0.0
TPP-701,2027-09-20,0.0
TPP-701,2027-09-27,0.0
TPP-701,2027-10-04,0.0
TPP-701,2027-10-11,0.0
TPP-701,2027-10-18,0.0
TPP-701,2027-10-25,0.0
TPP-701,2027-11-01,0.0
TPP-701,2027-11-08,0.0
TPP-701,2027-11-15,0.0
TPP-701,2027-11-22,0.0
TPP-701,2027-11-29,0.0
TPP-701,2027-12-06,0.0
TPP-701,2027-12-13,0.0
TPP-701,2027-12-20,0.0
TPP-704,2025-12-29,0.0
TPP-704,2026-01-05,0.0
TPP-704,2026-01-12,0.0
TPP-704,2026-01-19,0.0
TPP-704,2026-01-26,0.0
TPP-704,2026-02-02,0.0
TPP-704,2026-02-09,0.0
TPP-704,2026-02-16,0.0
TPP-704,2026-02-23,0.0
TPP-704,2026-03-02,0.0
TPP-704,2026-03-09,0.0
TPP-704,2026-03-16,0.0
TPP-704,2026-03-23,0.0
TPP-704,2026-03-30,0.0
TPP-704,2026-04-06,0.0
TPP-704,2026-04-13,0.0
TPP-704,2026-04-20,0.0
TPP-704,2026-04-27,0.0
TPP-704,2026-05-04,0.0
TPP-704,2026-05-11,0.0
TPP-704,2026-05-18,0.0
TPP-704,2026-05-25,0.0
TPP-704,2026-06-01,0.0
TPP-704,2026-06-08,0.0
TPP-704,2026-06-15,0.0
TPP-704,2026-06-22,0.0
TPP-704,2026-06-29,0.0
TPP-704,2026-07-06,0.0
TPP-704,2026-07-13,0.0
TPP-704,2026-07-20,0.0
TPP-704,2026-07-27,0.0
TPP-704,2026-08-03,0.0
TPP-704,2026-08-10,0.0
TPP-704,2026-08-17,0.0
TPP-704,2026-08-24,0.0
TPP-704,2026-08-31,0.0
TPP-704,2026-09-07,0.0
TPP-704,2026-09-14,0.0
TPP-704,2026-09-21,0.0
TPP-704,2026-09-28,0.0
TPP-704,2026-10-05,0.0
TPP-704,2026-10-12,0.0
TPP-704,2026-10-19,0.0
TPP-704,2026-10-26,0.0
TPP-704,2026-11-02,0.0
TPP-704,2026-11-09,0.0
TPP-704,2026-11-16,0.0
TPP-704,2026-11-23,0.0
TPP-704,2026-11-30,0.0
TPP-704,2026-12-07,0.0
TPP-704,2026-12-14,0.0
TPP-704,2026-12-21,0.0
TPP-704,2026-12-28,0.0
TPP-704,2027-01-04,0.0
TPP-704,2027-01-11,0.0
TPP-704,2027-01-18,0.0
TPP-704,2027-01-25,0.0
TPP-704,2027-02-01,0.0
TPP-704,2027-02-08,0.0
TPP-704,2027-02-15,0.0
TPP-704,2027-02-22,0.0
TPP-704,2027-03-01,0.0
TPP-704,2027-03-08,0.0
TPP-704,2027-03-15,0.0
TPP-704,2027-03-22,0.0
TPP-704,2027-03-29,0.0
TPP-704,2027-04-05,0.0
TPP-704,2027-04-12,0.0
TPP-704,2027-04-19,0.0
TPP-704,2027-04-26,0.0
TPP-704,2027-05-03,0.0
TPP-704,2027-05-10,0.0
TPP-704,2027-05-17,0.0
TPP-704,2027-05-24,0.0
TPP-704,2027-05-31,0.0
TPP-704,2027-06-07,0.0
TPP-704,2027-06-14,0.0
TPP-704,2027-06-21,0.0
TPP-704,2027-06-28,0.0
TPP-704,2027-07-05,0.0
TPP-704,2027-07-12,0.0
TPP-704,2027-07-19,0.0
TPP-704,2027-07-26,0.0
TPP-704,2027-08-02,0.0
TPP-704,2027-08-09,0.0
TPP-704,2027-08-16,0.0
TPP-704,2027-08-23,0.0
TPP-704,2027-08-30,0.0
TPP-704,2027-09-06,0.0
TPP-704,2027-09-13,0.0
TPP-704,2027-09-20,0.0
TPP-704,2027-09-27,0.0
TPP-704,2027-10-04,0.0
TPP-704,2027-10-11,0.0
TPP-704,2027-10-18,0.0
TPP-704,2027-10-25,0.0
TPP-704,2027-11-01,0.0
TPP-704,2027-11-08,0.0
TPP-704,2027-11-15,0.0
TPP-704,2027-11-22,0.0
TPP-704,2027-11-29,0.0
TPP-704,2027-12-06,0.0
TPP-704,2027-12-13,0.0
TPP-704,2027-12-20,0.0
TPP-825,2025-12-29,0.0
TPP-825,2026-01-05,0.0
TPP-825,2026-01-12,0.0
TPP-825,2026-01-19,0.0
TPP-825,2026-01-26,0.0
TPP-825,2026-02-02,0.0
TPP-825,2026-02-09,0.0
TPP-825,2026-02-16,0.0
TPP-825,2026-02-23,0.0
TPP-825,2026-03-02,0.0
TPP-825,2026-03-09,0.0
TPP-825,2026-03-16,0.0
TPP-825,2026-03-23,0.0
TPP-825,2026-03-30,0.0
TPP-825,2026-04-06,0.0
TPP-825,2026-04-13,0.0
TPP-825,2026-04-20,0.0
TPP-825,2026-04-27,0.0
TPP-825,2026-05-04,0.0
TPP-825,2026-05-11,0.0
TPP-825,2026-05-18,0.0
TPP-825,2026-05-25,0.0
TPP-825,2026-06-01,0.0
TPP-825,2026-06-08,0.0
TPP-825,2026-06-15,0.0
TPP-825,2026-06-22,0.0
TPP-825,2026-06-29,0.0
TPP-825,2026-07-06,0.0
TPP-825,2026-07-13,0.0
TPP-825,2026-07-20,0.0
TPP-825,2026-07-27,0.0
TPP-825,2026-08-03,0.0
TPP-825,2026-08-10,0.0
TPP-825,2026-08-17,0.0
TPP-825,2026-08-24,0.0
TPP-825,2026-08-31,0.0
TPP-825,2026-09-07,0.0
TPP-825,2026-09-14,0.0
TPP-825,2026-09-21,0.0
TPP-825,2026-09-28,0.0
TPP-825,2026-10-05,0.0
TPP-825,2026-10-12,0.0
TPP-825,2026-10-19,0.0
TPP-825,2026-10-26,0.0
TPP-825,2026-11-02,0.0
TPP-825,2026-11-09,0.0
TPP-825,2026-11-16,0.0
TPP-825,2026-11-23,0.0
TPP-825,2026-11-30,0.0
TPP-825,2026-12-07,0.0
TPP-825,2026-12-14,0.0
TPP-825,2026-12-21,0.0
TPP-825,2026-12-28,0.0
TPP-825,2027-01-04,0.0
TPP-825,2027-01-11,0.0
TPP-825,2027-01-18,0.0
TPP-825,2027-01-25,0.0
TPP-825,2027-02-01,0.0
TPP-825,2027-02-08,0.0
TPP-825,2027-02-15,0.0
TPP-825,2027-02-22,0.0
TPP-825,2027-03-01,0.0
TPP-825,2027-03-08,0.0
TPP-825,2027-03-15,0.0
TPP-825,2027-03-22,0.0
TPP-825,2027-03-29,0.0
TPP-825,2027-04-05,0.0
TPP-825,2027-04-12,0.0
TPP-825,2027-04-19,0.0
TPP-825,2027-04-26,0.0
TPP-825,2027-05-03,0.0
TPP-825,2027-05-10,0.0
TPP-825,2027-05-17,0.0
TPP-825,2027-05-24,0.0
TPP-825,2027-05-31,0.0
TPP-825,2027-06-07,0.0
TPP-825,2027-06-14,0.0
TPP-825,2027-06-21,0.0
TPP-825,2027-06-28,0.0
TPP-825,2027-07-05,0.0
TPP-825,2027-07-12,0.0
TPP-825,2027-07-19,0.0
TPP-825,2027-07-26,0.0
TPP-825,2027-08-02,0.0
TPP-825,2027-08-09,0.0
TPP-825,2027-08-16,0.0
TPP-825,2027-08-23,0.0
TPP-825,2027-08-30,0.0
TPP-825,2027-09-06,0.0
TPP-825,2027-09-13,0.0
TPP-825,2027-09-20,0.0
TPP-825,2027-09-27,0.0
TPP-825,2027-10-04,0.0
TPP-825,2027-10-11,0.0
TPP-825,2027-10-18,0.0
TPP-825,2027-10-25,0.0
TPP-825,2027-11-01,0.0
TPP-825,2027-11-08,0.0
TPP-825,2027-11-15,0.0
TPP-825,2027-11-22,0.0
TPP-825,2027-11-29,0.0
TPP-825,2027-12-06,0.0
TPP-825,2027-12-13,0.0
TPP-825,2027-12-20,0.0
TPP-911,2025-12-29,0.0
TPP-911,2026-01-05,0.0
TPP-911,2026-01-12,0.0
TPP-911,2026-01-19,0.0
TPP-911,2026-01-26,0.0
TPP-911,2026-02-02,3.0
TPP-911,2026-02-09,0.0
TPP-911,2026-02-16,0.0
TPP-911,2026-02-23,0.0
TPP-911,2026-03-02,0.0
TPP-911,2026-03-09,0.0
TPP-911,2026-03-16,0.0
TPP-911,2026-03-23,0.0
TPP-911,2026-03-30,0.0
TPP-911,2026-04-06,3.0
TPP-911,2026-04-13,0.0
TPP-911,2026-04-20,0.0
TPP-911,2026-04-27,0.0
TPP-911,2026-05-04,0.0
TPP-911,2026-05-11,0.0
TPP-911,2026-05-18,0.0
TPP-911,2026-05-25,0.0
TPP-911,2026-06-01,0.0
TPP-911,2026-06-08,0.0
TPP-911,2026-06-15,0.0
TPP-911,2026-06-22,0.0
TPP-911,2026-06-29,0.0
TPP-911,2026-07-06,0.0
TPP-911,2026-07-13,0.0
TPP-911,2026-07-20,0.0
TPP-911,2026-07-27,0.0
TPP-911,2026-08-03,0.0
TPP-911,2026-08-10,0.0
TPP-911,2026-08-17,0.0
TPP-911,2026-08-24,0.0
TPP-911,2026-08-31,3.0
TPP-911,2026-09-07,0.0
TPP-911,2026-09-14,0.0
TPP-911,2026-09-21,0.0
TPP-911,2026-09-28,0.0
TPP-911,2026-10-05,0.0
TPP-911,2026-10-12,0.0
TPP-911,2026-10-19,0.0
TPP-911,2026-10-26,0.0
TPP-911,2026-11-02,0.0
TPP-911,2026-11-09,0.0
TPP-911,2026-11-16,0.0
TPP-911,2026-11-23,2.0
TPP-911,2026-11-30,0.0
TPP-911,2026-12-07,0.0
TPP-911,2026-12-14,0.0
TPP-911,2026-12-21,0.0
TPP-911,2026-12-28,0.0
TPP-911,2027-01-04,0.0
TPP-911,2027-01-11,0.0
TPP-911,2027-01-18,0.0
TPP-911,2027-01-25,0.0
TPP-911,2027-02-01,0.0
TPP-911,2027-02-08,0.0
TPP-911,2027-02-15,0.0
TPP-911,2027-02-22,0.0
TPP-911,2027-03-01,0.0
TPP-911,2027-03-08,0.0
TPP-911,2027-03-15,0.0
TPP-911,2027-03-22,0.0
TPP-911,2027-03-29,0.0
TPP-911,2027-04-05,0.0
TPP-911,2027-04-12,0.0
TPP-911,2027-04-19,0.0
TPP-911,2027-04-26,0.0
TPP-911,2027-05-03,0.0
TPP-911,2027-05-10,0.0
TPP-911,2027-05-17,0.0
TPP-911,2027-05-24,0.0
TPP-911,2027-05-31,0.0
TPP-911,2027-06-07,0.0
TPP-911,2027-06-14,0.0
TPP-911,2027-06-21,0.0
TPP-911,2027-06-28,0.0
TPP-911,2027-07-05,0.0
TPP-911,2027-07-12,0.0
TPP-911,2027-07-19,0.0
TPP-911,2027-07-26,0.0
TPP-911,2027-08-02,0.0
TPP-911,2027-08-09,0.0
TPP-911,2027-08-16,0.0
TPP-911,2027-08-23,0.0
TPP-911,2027-08-30,0.0
TPP-911,2027-09-06,0.0
TPP-911,2027-09-13,0.0
TPP-911,2027-09-20,0.0
TPP-911,2027-09-27,0.0
TPP-911,2027-10-04,0.0
TPP-911,2027-10-11,0.0
TPP-911,2027-10-18,0.0
TPP-911,2027-10-25,0.0
TPP-911,2027-11-01,0.0
TPP-911,2027-11-08,0.0
TPP-911,2027-11-15,0.0
TPP-911,2027-11-22,0.0
TPP-911,2027-11-29,0.0
TPP-911,2027-12-06,0.0
TPP-911,2027-12-13,0.0
TPP-911,2027-12-20,0.0
TPP-912,2025-12-29,0.0
TPP-912,2026-01-05,0.0
TPP-912,2026-01-12,0.0
TPP-912,2026-01-19,0.0
TPP-912,2026-01-26,0.0
TPP-912,2026-02-02,0.0
TPP-912,2026-02-09,0.0
TPP-912,2026-02-16,0.0
TPP-912,2026-02-23,0.0
TPP-912,2026-03-02,0.0
TPP-912,2026-03-09,0.0
TPP-912,2026-03-16,0.0
TPP-912,2026-03-23,0.0
TPP-912,2026-03-30,0.0
TPP-912,2026-04-06,0.0
TPP-912,2026-04-13,0.0
TPP-912,2026-04-20,0.0
TPP-912,2026-04-27,0.0
TPP-912,2026-05-04,0.0
TPP-912,2026-05-11,0.0
TPP-912,2026-05-18,0.0
TPP-912,2026-05-25,0.0
TPP-912,2026-06-01,0.0
TPP-912,2026-06-08,0.0
TPP-912,2026-06-15,0.0
TPP-912,2026-06-22,0.0
TPP-912,2026-06-29,0.0
TPP-912,2026-07-06,0.0
TPP-912,2026-07-13,0.0
TPP-912,2026-07-20,0.0
TPP-912,2026-07-27,0.0
TPP-912,2026-08-03,0.0
TPP-912,2026-08-10,0.0
TPP-912,2026-08-17,0.0
TPP-912,2026-08-24,1.0
TPP-912,2026-08-31,0.0
TPP-912,2026-09-07,0.0
TPP-912,2026-09-14,0.0
TPP-912,2026-09-21,0.0
TPP-912,2026-09-28,0.0
TPP-912,2026-10-05,0.0
TPP-912,2026-10-12,0.0
TPP-912,2026-10-19,0.0
TPP-912,2026-10-26,0.0
TPP-912,2026-11-02,0.0
TPP-912,2026-11-09,0.0
TPP-912,2026-11-16,0.0
TPP-912,2026-11-23,0.0
TPP-912,2026-11-30,0.0
TPP-912,2026-12-07,0.0
TPP-912,2026-12-14,0.0
TPP-912,2026-12-21,0.0
TPP-912,2026-12-28,0.0
TPP-912,2027-01-04,0.0
TPP-912,2027-01-11,0.0
TPP-912,2027-01-18,0.0
TPP-912,2027-01-25,0.0
TPP-912,2027-02-01,0.0
TPP-912,2027-02-08,0.0
TPP-912,2027-02-15,0.0
TPP-912,2027-02-22,0.0
TPP-912,2027-03-01,0.0
TPP-912,2027-03-08,0.0
TPP-912,2027-03-15,0.0
TPP-912,2027-03-22,0.0
TPP-912,2027-03-29,0.0
TPP-912,2027-04-05,0.0
TPP-912,2027-04-12,0.0
TPP-912,2027-04-19,0.0
TPP-912,2027-04-26,0.0
TPP-912,2027-05-03,0.0
TPP-912,2027-05-10,0.0
TPP-912,2027-05-17,0.0
TPP-912,2027-05-24,0.0
TPP-912,2027-05-31,0.0
TPP-912,2027-06-07,0.0
TPP-912,2027-06-14,0.0
TPP-912,2027-06-21,0.0
TPP-912,2027-06-28,0.0
TPP-912,2027-07-05,0.0
TPP-912,2027-07-12,0.0
TPP-912,2027-07-19,0.0
TPP-912,2027-07-26,0.0
TPP-912,2027-08-02,0.0
TPP-912,2027-08-09,0.0
TPP-912,2027-08-16,0.0
TPP-912,2027-08-23,0.0
TPP-912,2027-08-30,0.0
TPP-912,2027-09-06,0.0
TPP-912,2027-09-13,0.0
TPP-912,2027-09-20,0.0
TPP-912,2027-09-27,0.0
TPP-912,2027-10-04,0.0
TPP-912,2027-10-11,0.0
TPP-912,2027-10-18,0.0
TPP-912,2027-10-25,0.0
TPP-912,2027-11-01,0.0
TPP-912,2027-11-08,0.0
TPP-912,2027-11-15,0.0
TPP-912,2027-11-22,0.0
TPP-912,2027-11-29,0.0
TPP-912,2027-12-06,0.0
TPP-912,2027-12-13,0.0
TPP-912,2027-12-20,0.0
TPP-914,2025-12-29,0.0
TPP-914,2026-01-05,0.0
TPP-914,2026-01-12,0.0
TPP-914,2026-01-19,0.0
TPP-914,2026-01-26,0.0
TPP-914,2026-02-02,0.0
TPP-914,2026-02-09,0.0
TPP-914,2026-02-16,0.0
TPP-914,2026-02-23,0.0
TPP-914,2026-03-02,0.0
TPP-914,2026-03-09,0.0
TPP-914,2026-03-16,0.0
TPP-914,2026-03-23,0.0
TPP-914,2026-03-30,0.0
TPP-914,2026-04-06,0.0
TPP-914,2026-04-13,0.0
TPP-914,2026-04-20,0.0
TPP-914,2026-04-27,0.0
TPP-914,2026-05-04,0.0
TPP-914,2026-05-11,0.0
TPP-914,2026-05-18,0.0
TPP-914,2026-05-25,0.0
TPP-914,2026-06-01,0.0
TPP-914,2026-06-08,0.0
TPP-914,2026-06-15,0.0
TPP-914,2026-06-22,0.0
TPP-914,2026-06-29,0.0
TPP-914,2026-07-06,0.0
TPP-914,2026-07-13,0.0
TPP-914,2026-07-20,0.0
TPP-914,2026-07-27,0.0
TPP-914,2026-08-03,0.0
TPP-914,2026-08-10,0.0
TPP-914,2026-08-17,0.0
TPP-914,2026-08-24,0.0
TPP-914,2026-08-31,0.0
TPP-914,2026-09-07,0.0
TPP-914,2026-09-14,0.0
TPP-914,2026-09-21,0.0
TPP-914,2026-09-28,0.0
TPP-914,2026-10-05,0.0
TPP-914,2026-10-12,0.0
TPP-914,2026-10-19,0.0
TPP-914,2026-10-26,0.0
TPP-914,2026-11-02,0.0
TPP-914,2026-11-09,0.0
TPP-914,2026-11-16,0.0
TPP-914,2026-11-23,0.0
TPP-914,2026-11-30,0.0
TPP-914,2026-12-07,0.0
TPP-914,2026-12-14,0.0
TPP-914,2026-12-21,0.0
TPP-914,2026-12-28,0.0
TPP-914,2027-01-04,0.0
TPP-914,2027-01-11,0.0
TPP-914,2027-01-18,0.0
TPP-914,2027-01-25,0.0
TPP-914,2027-02-01,0.0
TPP-914,2027-02-08,0.0
TPP-914,2027-02-15,0.0
TPP-914,2027-02-22,0.0
TPP-914,2027-03-01,0.0
TPP-914,2027-03-08,0.0
TPP-914,2027-03-15,0.0
TPP-914,2027-03-22,0.0
TPP-914,2027-03-29,0.0
TPP-914,2027-04-05,0.0
TPP-914,2027-04-12,0.0
TPP-914,2027-04-19,0.0
TPP-914,2027-04-26,0.0
TPP-914,2027-05-03,0.0
TPP-914,2027-05-10,0.0
TPP-914,2027-05-17,0.0
TPP-914,2027-05-24,0.0
TPP-914,2027-05-31,0.0
TPP-914,2027-06-07,0.0
TPP-914,2027-06-14,0.0
TPP-914,2027-06-21,0.0
TPP-914,2027-06-28,0.0
TPP-914,2027-07-05,0.0
TPP-914,2027-07-12,0.0
TPP-914,2027-07-19,0.0
TPP-914,2027-07-26,0.0
TPP-914,2027-08-02,0.0
TPP-914,2027-08-09,0.0
TPP-914,2027-08-16,0.0
TPP-914,2027-08-23,0.0
TPP-914,2027-08-30,0.0
TPP-914,2027-09-06,0.0
TPP-914,2027-09-13,0.0
TPP-914,2027-09-20,0.0
TPP-914,2027-09-27,0.0
TPP-914,2027-10-04,0.0
TPP-914,2027-10-11,0.0
TPP-914,2027-10-18,0.0
TPP-914,2027-10-25,0.0
TPP-914,2027-11-01,0.0
TPP-914,2027-11-08,0.0
TPP-914,2027-11-15,0.0
TPP-914,2027-11-22,0.0
TPP-914,2027-11-29,0.0
TPP-914,2027-12-06,0.0
TPP-914,2027-12-13,0.0
TPP-914,2027-12-20,0.0
TPP-915,2025-12-29,0.0
TPP-915,2026-01-05,0.0
TPP-915,2026-01-12,0.0
TPP-915,2026-01-19,0.0
TPP-915,2026-01-26,4.0
TPP-915,2026-02-02,0.0
TPP-915,2026-02-09,0.0
TPP-915,2026-02-16,0.0
TPP-915,2026-02-23,3.0
TPP-915,2026-03-02,0.0
TPP-915,2026-03-09,4.0
TPP-915,2026-03-16,0.0
TPP-915,2026-03-23,0.0
TPP-915,2026-03-30,0.0
TPP-915,2026-04-06,0.0
TPP-915,2026-04-13,0.0
TPP-915,2026-04-20,4.0
TPP-915,2026-04-27,0.0
TPP-915,2026-05-04,0.0
TPP-915,2026-05-11,0.0
TPP-915,2026-05-18,0.0
TPP-915,2026-05-25,0.0
TPP-915,2026-06-01,0.0
TPP-915,2026-06-08,0.0
TPP-915,2026-06-15,0.0
TPP-915,2026-06-22,0.0
TPP-915,2026-06-29,0.0
TPP-915,2026-07-06,0.0
TPP-915,2026-07-13,0.0
TPP-915,2026-07-20,0.0
TPP-915,2026-07-27,0.0
TPP-915,2026-08-03,2.0
TPP-915,2026-08-10,0.0
TPP-915,2026-08-17,0.0
TPP-915,2026-08-24,4.0
TPP-915,2026-08-31,0.0
TPP-915,2026-09-07,0.0
TPP-915,2026-09-14,0.0
TPP-915,2026-09-21,0.0
TPP-915,2026-09-28,4.0
TPP-915,2026-10-05,0.0
TPP-915,2026-10-12,0.0
TPP-915,2026-10-19,0.0
TPP-915,2026-10-26,0.0
TPP-915,2026-11-02,0.0
TPP-915,2026-11-09,0.0
TPP-915,2026-11-16,0.0
TPP-915,2026-11-23,2.0
TPP-915,2026-11-30,0.0
TPP-915,2026-12-07,0.0
TPP-915,2026-12-14,0.0
TPP-915,2026-12-21,0.0
TPP-915,2026-12-28,0.0
TPP-915,2027-01-04,0.0
TPP-915,2027-01-11,0.0
TPP-915,2027-01-18,0.0
TPP-915,2027-01-25,0.0
TPP-915,2027-02-01,0.0
TPP-915,2027-02-08,0.0
TPP-915,2027-02-15,0.0
TPP-915,2027-02-22,0.0
TPP-915,2027-03-01,0.0
TPP-915,2027-03-08,0.0
TPP-915,2027-03-15,0.0
TPP-915,2027-03-22,0.0
TPP-915,2027-03-29,0.0
TPP-915,2027-04-05,0.0
TPP-915,2027-04-12,0.0
TPP-915,2027-04-19,0.0
TPP-915,2027-04-26,0.0
TPP-915,2027-05-03,0.0
TPP-915,2027-05-10,0.0
TPP-915,2027-05-17,0.0
TPP-915,2027-05-24,0.0
TPP-915,2027-05-31,0.0
TPP-915,2027-06-07,0.0
TPP-915,2027-06-14,0.0
TPP-915,2027-06-21,0.0
TPP-915,2027-06-28,0.0
TPP-915,2027-07-05,0.0
TPP-915,2027-07-12,0.0
TPP-915,2027-07-19,0.0
TPP-915,2027-07-26,0.0
TPP-915,2027-08-02,0.0
TPP-915,2027-08-09,0.0
TPP-915,2027-08-16,0.0
TPP-915,2027-08-23,0.0
TPP-915,2027-08-30,0.0
TPP-915,2027-09-06,0.0
TPP-915,2027-09-13,0.0
TPP-915,2027-09-20,0.0
TPP-915,2027-09-27,0.0
TPP-915,2027-10-04,0.0
TPP-915,2027-10-11,0.0
TPP-915,2027-10-18,0.0
TPP-915,2027-10-25,0.0
TPP-915,2027-11-01,0.0
TPP-915,2027-11-08,0.0
TPP-915,2027-11-15,0.0
TPP-915,2027-11-22,0.0
TPP-915,2027-11-29,0.0
TPP-915,2027-12-06,0.0
TPP-915,2027-12-13,0.0
TPP-915,2027-12-20,0.0
TPP-916,2025-12-29,0.0
TPP-916,2026-01-05,0.0
TPP-916,2026-01-12,0.0
TPP-916,2026-01-19,0.0
TPP-916,2026-01-26,0.0
TPP-916,2026-02-02,0.0
TPP-916,2026-02-09,0.0
TPP-916,2026-02-16,0.0
TPP-916,2026-02-23,0.0
TPP-916,2026-03-02,0.0
TPP-916,2026-03-09,0.0
TPP-916,2026-03-16,0.0
TPP-916,2026-03-23,0.0
TPP-916,2026-03-30,0.0
TPP-916,2026-04-06,0.0
TPP-916,2026-04-13,0.0
TPP-916,2026-04-20,0.0
TPP-916,2026-04-27,0.0
TPP-916,2026-05-04,0.0
TPP-916,2026-05-11,0.0
TPP-916,2026-05-18,0.0
TPP-916,2026-05-25,0.0
TPP-916,2026-06-01,0.0
TPP-916,2026-06-08,0.0
TPP-916,2026-06-15,0.0
TPP-916,2026-06-22,0.0
TPP-916,2026-06-29,0.0
TPP-916,2026-07-06,0.0
TPP-916,2026-07-13,0.0
TPP-916,2026-07-20,0.0
TPP-916,2026-07-27,0.0
TPP-916,2026-08-03,0.0
TPP-916,2026-08-10,0.0
TPP-916,2026-08-17,0.0
TPP-916,2026-08-24,0.0
TPP-916,2026-08-31,0.0
TPP-916,2026-09-07,0.0
TPP-916,2026-09-14,0.0
TPP-916,2026-09-21,0.0
TPP-916,2026-09-28,0.0
TPP-916,2026-10-05,0.0
TPP-916,2026-10-12,0.0
TPP-916,2026-10-19,0.0
TPP-916,2026-10-26,0.0
TPP-916,2026-11-02,0.0
TPP-916,2026-11-09,0.0
TPP-916,2026-11-16,0.0
TPP-916,2026-11-23,0.0
TPP-916,2026-11-30,0.0
TPP-916,2026-12-07,0.0
TPP-916,2026-12-14,0.0
TPP-916,2026-12-21,0.0
TPP-916,2026-12-28,0.0
TPP-916,2027-01-04,0.0
TPP-916,2027-01-11,0.0
TPP-916,2027-01-18,0.0
TPP-916,2027-01-25,0.0
TPP-916,2027-02-01,0.0
TPP-916,2027-02-08,0.0
TPP-916,2027-02-15,0.0
TPP-916,2027-02-22,0.0
TPP-916,2027-03-01,0.0
TPP-916,2027-03-08,0.0
TPP-916,2027-03-15,0.0
TPP-916,2027-03-22,0.0
TPP-916,2027-03-29,0.0
TPP-916,2027-04-05,0.0
TPP-916,2027-04-12,0.0
TPP-916,2027-04-19,0.0
TPP-916,2027-04-26,0.0
TPP-916,2027-05-03,0.0
TPP-916,2027-05-10,0.0
TPP-916,2027-05-17,0.0
TPP-916,2027-05-24,0.0
TPP-916,2027-05-31,0.0
TPP-916,2027-06-07,0.0
TPP-916,2027-06-14,0.0
TPP-916,2027-06-21,0.0
TPP-916,2027-06-28,0.0
TPP-916,2027-07-05,0.0
TPP-916,2027-07-12,0.0
TPP-916,2027-07-19,0.0
TPP-916,2027-07-26,0.0
TPP-916,2027-08-02,0.0
TPP-916,2027-08-09,0.0
TPP-916,2027-08-16,0.0
TPP-916,2027-08-23,0.0
TPP-916,2027-08-30,0.0
TPP-916,2027-09-06,0.0
TPP-916,2027-09-13,0.0
TPP-916,2027-09-20,0.0
TPP-916,2027-09-27,0.0
TPP-916,2027-10-04,0.0
TPP-916,2027-10-11,0.0
TPP-916,2027-10-18,0.0
TPP-916,2027-10-25,0.0
TPP-916,2027-11-01,0.0
TPP-916,2027-11-08,0.0
TPP-916,2027-11-15,0.0
TPP-916,2027-11-22,0.0
TPP-916,2027-11-29,0.0
TPP-916,2027-12-06,0.0
TPP-916,2027-12-13,0.0
TPP-916,2027-12-20,0.0
TPP-917,2025-12-29,0.0
TPP-917,2026-01-05,0.0
TPP-917,2026-01-12,4.0
TPP-917,2026-01-19,0.0
TPP-917,2026-01-26,0.0
TPP-917,2026-02-02,0.0
TPP-917,2026-02-09,0.0
TPP-917,2026-02-16,0.0
TPP-917,2026-02-23,0.0
TPP-917,2026-03-02,0.0
TPP-917,2026-03-09,0.0
TPP-917,2026-03-16,0.0
TPP-917,2026-03-23,0.0
TPP-917,2026-03-30,0.0
TPP-917,2026-04-06,0.0
TPP-917,2026-04-13,0.0
TPP-917,2026-04-20,0.0
TPP-917,2026-04-27,0.0
TPP-917,2026-05-04,0.0
TPP-917,2026-05-11,0.0
TPP-917,2026-05-18,4.0
TPP-917,2026-05-25,0.0
TPP-917,2026-06-01,0.0
TPP-917,2026-06-08,0.0
TPP-917,2026-06-15,0.0
TPP-917,2026-06-22,0.0
TPP-917,2026-06-29,0.0
TPP-917,2026-07-06,0.0
TPP-917,2026-07-13,0.0
TPP-917,2026-07-20,0.0
TPP-917,2026-07-27,0.0
TPP-917,2026-08-03,0.0
TPP-917,2026-08-10,0.0
TPP-917,2026-08-17,0.0
TPP-917,2026-08-24,0.0
TPP-917,2026-08-31,0.0
TPP-917,2026-09-07,3.0
TPP-917,2026-09-14,0.0
TPP-917,2026-09-21,0.0
TPP-917,2026-09-28,0.0
TPP-917,2026-10-05,0.0
TPP-917,2026-10-12,0.0
TPP-917,2026-10-19,0.0
TPP-917,2026-10-26,0.0
TPP-917,2026-11-02,0.0
TPP-917,2026-11-09,0.0
TPP-917,2026-11-16,0.0
TPP-917,2026-11-23,0.0
TPP-917,2026-11-30,0.0
TPP-917,2026-12-07,0.0
TPP-917,2026-12-14,0.0
TPP-917,2026-12-21,0.0
TPP-917,2026-12-28,0.0
TPP-917,2027-01-04,0.0
TPP-917,2027-01-11,0.0
TPP-917,2027-01-18,0.0
TPP-917,2027-01-25,0.0
TPP-917,2027-02-01,0.0
TPP-917,2027-02-08,0.0
TPP-917,2027-02-15,0.0
TPP-917,2027-02-22,0.0
TPP-917,2027-03-01,0.0
TPP-917,2027-03-08,0.0
TPP-917,2027-03-15,0.0
TPP-917,2027-03-22,0.0
TPP-917,2027-03-29,0.0
TPP-917,2027-04-05,0.0
TPP-917,2027-04-12,0.0
TPP-917,2027-04-19,0.0
TPP-917,2027-04-26,0.0
TPP-917,2027-05-03,0.0
TPP-917,2027-05-10,0.0
TPP-917,2027-05-17,0.0
TPP-917,2027-05-24,0.0
TPP-917,2027-05-31,0.0
TPP-917,2027-06-07,0.0
TPP-917,2027-06-14,0.0
TPP-917,2027-06-21,0.0
TPP-917,2027-06-28,0.0
TPP-917,2027-07-05,0.0
TPP-917,2027-07-12,0.0
TPP-917,2027-07-19,0.0
TPP-917,2027-07-26,0.0
TPP-917,2027-08-02,0.0
TPP-917,2027-08-09,0.0
TPP-917,2027-08-16,0.0
TPP-917,2027-08-23,0.0
TPP-917,2027-08-30,0.0
TPP-917,2027-09-06,0.0
TPP-917,2027-09-13,0.0
TPP-917,2027-09-20,0.0
TPP-917,2027-09-27,0.0
TPP-917,2027-10-04,0.0
TPP-917,2027-10-11,0.0
TPP-917,2027-10-18,0.0
TPP-917,2027-10-25,0.0
TPP-917,2027-11-01,0.0
TPP-917,2027-11-08,0.0
TPP-917,2027-11-15,0.0
TPP-917,2027-11-22,0.0
TPP-917,2027-11-29,0.0
TPP-917,2027-12-06,0.0
TPP-917,2027-12-13,0.0
TPP-917,2027-12-20,0.0
TPP-919,2025-12-29,0.0
TPP-919,2026-01-05,0.0
TPP-919,2026-01-12,0.0
TPP-919,2026-01-19,0.0
TPP-919,2026-01-26,0.0
TPP-919,2026-02-02,0.0
TPP-919,2026-02-09,0.0
TPP-919,2026-02-16,0.0
TPP-919,2026-02-23,0.0
TPP-919,2026-03-02,0.0
TPP-919,2026-03-09,0.0
TPP-919,2026-03-16,0.0
TPP-919,2026-03-23,0.0
TPP-919,2026-03-30,0.0
TPP-919,2026-04-06,0.0
TPP-919,2026-04-13,0.0
TPP-919,2026-04-20,0.0
TPP-919,2026-04-27,0.0
TPP-919,2026-05-04,0.0
TPP-919,2026-05-11,0.0
TPP-919,2026-05-18,0.0
TPP-919,2026-05-25,0.0
TPP-919,2026-06-01,0.0
TPP-919,2026-06-08,0.0
TPP-919,2026-06-15,0.0
TPP-919,2026-06-22,0.0
TPP-919,2026-06-29,0.0
TPP-919,2026-07-06,0.0
TPP-919,2026-07-13,0.0
TPP-919,2026-07-20,0.0
TPP-919,2026-07-27,0.0
TPP-919,2026-08-03,0.0
TPP-919,2026-08-10,0.0
TPP-919,2026-08-17,0.0
TPP-919,2026-08-24,0.0
TPP-919,2026-08-31,0.0
TPP-919,2026-09-07,0.0
TPP-919,2026-09-14,0.0
TPP-919,2026-09-21,0.0
TPP-919,2026-09-28,0.0
TPP-919,2026-10-05,0.0
TPP-919,2026-10-12,0.0
TPP-919,2026-10-19,0.0
TPP-919,2026-10-26,0.0
TPP-919,2026-11-02,0.0
TPP-919,2026-11-09,0.0
TPP-919,2026-11-16,0.0
TPP-919,2026-11-23,0.0
TPP-919,2026-11-30,0.0
TPP-919,2026-12-07,0.0
TPP-919,2026-12-14,0.0
TPP-919,2026-12-21,0.0
TPP-919,2026-12-28,0.0
TPP-919,2027-01-04,0.0
TPP-919,2027-01-11,0.0
TPP-919,2027-01-18,0.0
TPP-919,2027-01-25,0.0
TPP-919,2027-02-01,0.0
TPP-919,2027-02-08,0.0
TPP-919,2027-02-15,0.0
TPP-919,2027-02-22,0.0
TPP-919,2027-03-01,0.0
TPP-919,2027-03-08,0.0
TPP-919,2027-03-15,0.0
TPP-919,2027-03-22,0.0
TPP-919,2027-03-29,0.0
TPP-919,2027-04-05,0.0
TPP-919,2027-04-12,0.0
TPP-919,2027-04-19,0.0
TPP-919,2027-04-26,0.0
TPP-919,2027-05-03,0.0
TPP-919,2027-05-10,0.0
TPP-919,2027-05-17,0.0
TPP-919,2027-05-24,0.0
TPP-919,2027-05-31,0.0
TPP-919,2027-06-07,0.0
TPP-919,2027-06-14,0.0
TPP-919,2027-06-21,0.0
TPP-919,2027-06-28,0.0
TPP-919,2027-07-05,0.0
TPP-919,2027-07-12,0.0
TPP-919,2027-07-19,0.0
TPP-919,2027-07-26,0.0
TPP-919,2027-08-02,0.0
TPP-919,2027-08-09,0.0
TPP-919,2027-08-16,0.0
TPP-919,2027-08-23,0.0
TPP-919,2027-08-30,0.0
TPP-919,2027-09-06,0.0
TPP-919,2027-09-13,0.0
TPP-919,2027-09-20,0.0
TPP-919,2027-09-27,0.0
TPP-919,2027-10-04,0.0
TPP-919,2027-10-11,0.0
TPP-919,2027-10-18,0.0
TPP-919,2027-10-25,0.0
TPP-919,2027-11-01,0.0
TPP-919,2027-11-08,0.0
TPP-919,2027-11-15,0.0
TPP-919,2027-11-22,0.0
TPP-919,2027-11-29,0.0
TPP-919,2027-12-06,0.0
TPP-919,2027-12-13,0.0
TPP-919,2027-12-20,0.0
TPP-920,2025-12-29,0.0
TPP-920,2026-01-05,0.0
TPP-920,2026-01-12,0.0
TPP-920,2026-01-19,0.0
TPP-920,2026-01-26,3.0
TPP-920,2026-02-02,0.0
TPP-920,2026-02-09,0.0
TPP-920,2026-02-16,0.0
TPP-920,2026-02-23,3.0
TPP-920,2026-03-02,0.0
TPP-920,2026-03-09,6.0
TPP-920,2026-03-16,0.0
TPP-920,2026-03-23,0.0
TPP-920,2026-03-30,0.0
TPP-920,2026-04-06,0.0
TPP-920,2026-04-13,0.0
TPP-920,2026-04-20,0.0
TPP-920,2026-04-27,0.0
TPP-920,2026-05-04,0.0
TPP-920,2026-05-11,0.0
TPP-920,2026-05-18,0.0
TPP-920,2026-05-25,3.0
TPP-920,2026-06-01,0.0
TPP-920,2026-06-08,0.0
TPP-920,2026-06-15,0.0
TPP-920,2026-06-22,0.0
TPP-920,2026-06-29,0.0
TPP-920,2026-07-06,0.0
TPP-920,2026-07-13,0.0
TPP-920,2026-07-20,0.0
TPP-920,2026-07-27,0.0
TPP-920,2026-08-03,0.0
TPP-920,2026-08-10,0.0
TPP-920,2026-08-17,4.0
TPP-920,2026-08-24,0.0
TPP-920,2026-08-31,0.0
TPP-920,2026-09-07,0.0
TPP-920,2026-09-14,0.0
TPP-920,2026-09-21,4.0
TPP-920,2026-09-28,0.0
TPP-920,2026-10-05,0.0
TPP-920,2026-10-12,0.0
TPP-920,2026-10-19,0.0
TPP-920,2026-10-26,0.0
TPP-920,2026-11-02,0.0
TPP-920,2026-11-09,0.0
TPP-920,2026-11-16,0.0
TPP-920,2026-11-23,2.0
TPP-920,2026-11-30,0.0
TPP-920,2026-12-07,0.0
TPP-920,2026-12-14,0.0
TPP-920,2026-12-21,0.0
TPP-920,2026-12-28,0.0
TPP-920,2027-01-04,0.0
TPP-920,2027-01-11,0.0
TPP-920,2027-01-18,0.0
TPP-920,2027-01-25,0.0
TPP-920,2027-02-01,0.0
TPP-920,2027-02-08,0.0
TPP-920,2027-02-15,0.0
TPP-920,2027-02-22,0.0
TPP-920,2027-03-01,0.0
TPP-920,2027-03-08,0.0
TPP-920,2027-03-15,0.0
TPP-920,2027-03-22,0.0
TPP-920,2027-03-29,0.0
TPP-920,2027-04-05,0.0
TPP-920,2027-04-12,0.0
TPP-920,2027-04-19,0.0
TPP-920,2027-04-26,0.0
TPP-920,2027-05-03,0.0
TPP-920,2027-05-10,0.0
TPP-920,2027-05-17,0.0
TPP-920,2027-05-24,0.0
TPP-920,2027-05-31,0.0
TPP-920,2027-06-07,0.0
TPP-920,2027-06-14,0.0
TPP-920,2027-06-21,0.0
TPP-920,2027-06-28,0.0
TPP-920,2027-07-05,0.0
TPP-920,2027-07-12,0.0
TPP-920,2027-07-19,0.0
TPP-920,2027-07-26,0.0
TPP-920,2027-08-02,0.0
TPP-920,2027-08-09,0.0
TPP-920,2027-08-16,0.0
TPP-920,2027-08-23,0.0
TPP-920,2027-08-30,0.0
TPP-920,2027-09-06,0.0
TPP-920,2027-09-13,0.0
TPP-920,2027-09-20,0.0
TPP-920,2027-09-27,0.0
TPP-920,2027-10-04,0.0
TPP-920,2027-10-11,0.0
TPP-920,2027-10-18,0.0
TPP-920,2027-10-25,0.0
TPP-920,2027-11-01,0.0
TPP-920,2027-11-08,0.0
TPP-920,2027-11-15,0.0
TPP-920,2027-11-22,0.0
TPP-920,2027-11-29,0.0
TPP-920,2027-12-06,0.0
TPP-920,2027-12-13,0.0
TPP-920,2027-12-20,0.0
TPP-922,2025-12-29,0.0
TPP-922,2026-01-05,0.0
TPP-922,2026-01-12,0.0
TPP-922,2026-01-19,0.0
TPP-922,2026-01-26,0.0
TPP-922,2026-02-02,0.0
TPP-922,2026-02-09,0.0
TPP-922,2026-02-16,0.0
TPP-922,2026-02-23,0.0
TPP-922,2026-03-02,0.0
TPP-922,2026-03-09,0.0
TPP-922,2026-03-16,0.0
TPP-922,2026-03-23,0.0
TPP-922,2026-03-30,0.0
TPP-922,2026-04-06,0.0
TPP-922,2026-04-13,0.0
TPP-922,2026-04-20,0.0
TPP-922,2026-04-27,0.0
TPP-922,2026-05-04,0.0
TPP-922,2026-05-11,0.0
TPP-922,2026-05-18,0.0
TPP-922,2026-05-25,0.0
TPP-922,2026-06-01,0.0
TPP-922,2026-06-08,0.0
TPP-922,2026-06-15,0.0
TPP-922,2026-06-22,0.0
TPP-922,2026-06-29,0.0
TPP-922,2026-07-06,0.0
TPP-922,2026-07-13,0.0
TPP-922,2026-07-20,0.0
TPP-922,2026-07-27,0.0
TPP-922,2026-08-03,0.0
TPP-922,2026-08-10,0.0
TPP-922,2026-08-17,0.0
TPP-922,2026-08-24,0.0
TPP-922,2026-08-31,0.0
TPP-922,2026-09-07,0.0
TPP-922,2026-09-14,0.0
TPP-922,2026-09-21,0.0
TPP-922,2026-09-28,0.0
TPP-922,2026-10-05,0.0
TPP-922,2026-10-12,0.0
TPP-922,2026-10-19,0.0
TPP-922,2026-10-26,0.0
TPP-922,2026-11-02,0.0
TPP-922,2026-11-09,0.0
TPP-922,2026-11-16,0.0
TPP-922,2026-11-23,0.0
TPP-922,2026-11-30,0.0
TPP-922,2026-12-07,0.0
TPP-922,2026-12-14,0.0
TPP-922,2026-12-21,0.0
TPP-922,2026-12-28,0.0
TPP-922,2027-01-04,0.0
TPP-922,2027-01-11,0.0
TPP-922,2027-01-18,0.0
TPP-922,2027-01-25,0.0
TPP-922,2027-02-01,0.0
TPP-922,2027-02-08,0.0
TPP-922,2027-02-15,0.0
TPP-922,2027-02-22,0.0
TPP-922,2027-03-01,0.0
TPP-922,2027-03-08,0.0
TPP-922,2027-03-15,0.0
TPP-922,2027-03-22,0.0
TPP-922,2027-03-29,0.0
TPP-922,2027-04-05,0.0
TPP-922,2027-04-12,0.0
TPP-922,2027-04-19,0.0
TPP-922,2027-04-26,0.0
TPP-922,2027-05-03,0.0
TPP-922,2027-05-10,0.0
TPP-922,2027-05-17,0.0
TPP-922,2027-05-24,0.0
TPP-922,2027-05-31,0.0
TPP-922,2027-06-07,0.0
TPP-922,2027-06-14,0.0
TPP-922,2027-06-21,0.0
TPP-922,2027-06-28,0.0
TPP-922,2027-07-05,0.0
TPP-922,2027-07-12,0.0
TPP-922,2027-07-19,0.0
TPP-922,2027-07-26,0.0
TPP-922,2027-08-02,0.0
TPP-922,2027-08-09,0.0
TPP-922,2027-08-16,0.0
TPP-922,2027-08-23,0.0
TPP-922,2027-08-30,0.0
TPP-922,2027-09-06,0.0
TPP-922,2027-09-13,0.0
TPP-922,2027-09-20,0.0
TPP-922,2027-09-27,0.0
TPP-922,2027-10-04,0.0
TPP-922,2027-10-11,0.0
TPP-922,2027-10-18,0.0
TPP-922,2027-10-25,0.0
TPP-922,2027-11-01,0.0
TPP-922,2027-11-08,0.0
TPP-922,2027-11-15,0.0
TPP-922,2027-11-22,0.0
TPP-922,2027-11-29,0.0
TPP-922,2027-12-06,0.0
TPP-922,2027-12-13,0.0
TPP-922,2027-12-20,0.0
TPP-923,2025-12-29,0.0
TPP-923,2026-01-05,0.0
TPP-923,2026-01-12,0.0
TPP-923,2026-01-19,0.0
TPP-923,2026-01-26,3.0
TPP-923,2026-02-02,0.0
TPP-923,2026-02-09,0.0
TPP-923,2026-02-16,0.0
TPP-923,2026-02-23,0.0
TPP-923,2026-03-02,0.0
TPP-923,2026-03-09,3.0
TPP-923,2026-03-16,0.0
TPP-923,2026-03-23,0.0
TPP-923,2026-03-30,0.0
TPP-923,2026-04-06,0.0
TPP-923,2026-04-13,0.0
TPP-923,2026-04-20,0.0
TPP-923,2026-04-27,0.0
TPP-923,2026-05-04,0.0
TPP-923,2026-05-11,0.0
TPP-923,2026-05-18,0.0
TPP-923,2026-05-25,4.0
TPP-923,2026-06-01,0.0
TPP-923,2026-06-08,0.0
TPP-923,2026-06-15,0.0
TPP-923,2026-06-22,0.0
TPP-923,2026-06-29,0.0
TPP-923,2026-07-06,0.0
TPP-923,2026-07-13,0.0
TPP-923,2026-07-20,0.0
TPP-923,2026-07-27,0.0
TPP-923,2026-08-03,0.0
TPP-923,2026-08-10,0.0
TPP-923,2026-08-17,0.0
TPP-923,2026-08-24,0.0
TPP-923,2026-08-31,2.0
TPP-923,2026-09-07,0.0
TPP-923,2026-09-14,0.0
TPP-923,2026-09-21,0.0
TPP-923,2026-09-28,0.0
TPP-923,2026-10-05,0.0
TPP-923,2026-10-12,0.0
TPP-923,2026-10-19,0.0
TPP-923,2026-10-26,0.0
TPP-923,2026-11-02,0.0
TPP-923,2026-11-09,0.0
TPP-923,2026-11-16,0.0
TPP-923,2026-11-23,0.0
TPP-923,2026-11-30,0.0
TPP-923,2026-12-07,0.0
TPP-923,2026-12-14,0.0
TPP-923,2026-12-21,0.0
TPP-923,2026-12-28,0.0
TPP-923,2027-01-04,0.0
TPP-923,2027-01-11,0.0
TPP-923,2027-01-18,0.0
TPP-923,2027-01-25,0.0
TPP-923,2027-02-01,0.0
TPP-923,2027-02-08,0.0
TPP-923,2027-02-15,0.0
TPP-923,2027-02-22,0.0
TPP-923,2027-03-01,0.0
TPP-923,2027-03-08,0.0
TPP-923,2027-03-15,0.0
TPP-923,2027-03-22,0.0
TPP-923,2027-03-29,0.0
TPP-923,2027-04-05,0.0
TPP-923,2027-04-12,0.0
TPP-923,2027-04-19,0.0
TPP-923,2027-04-26,0.0
TPP-923,2027-05-03,0.0
TPP-923,2027-05-10,0.0
TPP-923,2027-05-17,0.0
TPP-923,2027-05-24,0.0
TPP-923,2027-05-31,0.0
TPP-923,2027-06-07,0.0
TPP-923,2027-06-14,0.0
TPP-923,2027-06-21,0.0
TPP-923,2027-06-28,0.0
TPP-923,2027-07-05,0.0
TPP-923,2027-07-12,0.0
TPP-923,2027-07-19,0.0
TPP-923,2027-07-26,0.0
TPP-923,2027-08-02,0.0
TPP-923,2027-08-09,0.0
TPP-923,2027-08-16,0.0
TPP-923,2027-08-23,0.0
TPP-923,2027-08-30,0.0
TPP-923,2027-09-06,0.0
TPP-923,2027-09-13,0.0
TPP-923,2027-09-20,0.0
TPP-923,2027-09-27,0.0
TPP-923,2027-10-04,0.0
TPP-923,2027-10-11,0.0
TPP-923,2027-10-18,0.0
TPP-923,2027-10-25,0.0
TPP-923,2027-11-01,0.0
TPP-923,2027-11-08,0.0
TPP-923,2027-11-15,0.0
TPP-923,2027-11-22,0.0
TPP-923,2027-11-29,0.0
TPP-923,2027-12-06,0.0
TPP-923,2027-12-13,0.0
TPP-923,2027-12-20,0.0
TPP-1367,2025-12-29,0.0
TPP-1367,2026-01-05,8.0
TPP-1367,2026-01-12,8.0
TPP-1367,2026-01-19,4.0
TPP-1367,2026-01-26,6.0
TPP-1367,2026-02-02,8.0
TPP-1367,2026-02-09,6.0
TPP-1367,2026-02-16,8.0
TPP-1367,2026-02-23,14.0
TPP-1367,2026-03-02,0.0
TPP-1367,2026-03-09,8.0
TPP-1367,2026-03-16,10.0
TPP-1367,2026-03-23,9.0
TPP-1367,2026-03-30,7.0
TPP-1367,2026-04-06,8.0
TPP-1367,2026-04-13,9.0
TPP-1367,2026-04-20,6.0
TPP-1367,2026-04-27,0.0
TPP-1367,2026-05-04,6.0
TPP-1367,2026-05-11,9.0
TPP-1367,2026-05-18,6.0
TPP-1367,2026-05-25,6.0
TPP-1367,2026-06-01,9.0
TPP-1367,2026-06-08,3.0
TPP-1367,2026-06-15,0.0
TPP-1367,2026-06-22,3.0
TPP-1367,2026-06-29,3.0
TPP-1367,2026-07-06,6.0
TPP-1367,2026-07-13,9.0
TPP-1367,2026-07-20,6.0
TPP-1367,2026-07-27,6.0
TPP-1367,2026-08-03,6.0
TPP-1367,2026-08-10,9.0
TPP-1367,2026-08-17,9.0
TPP-1367,2026-08-24,9.0
TPP-1367,2026-08-31,6.0
TPP-1367,2026-09-07,6.0
TPP-1367,2026-09-14,6.0
TPP-1367,2026-09-21,6.0
TPP-1367,2026-09-28,9.0
TPP-1367,2026-10-05,9.0
TPP-1367,2026-10-12,9.0
TPP-1367,2026-10-19,9.0
TPP-1367,2026-10-26,9.0
TPP-1367,2026-11-02,9.0
TPP-1367,2026-11-09,9.0
TPP-1367,2026-11-16,9.0
TPP-1367,2026-11-23,9.0
TPP-1367,2026-11-30,9.0
TPP-1367,2026-12-07,6.0
TPP-1367,2026-12-14,5.0
TPP-1367,2026-12-21,0.0
TPP-1367,2026-12-28,0.0
TPP-1367,2027-01-04,9.0
TPP-1367,2027-01-11,6.0
TPP-1367,2027-01-18,9.0
TPP-1367,2027-01-25,6.0
TPP-1367,2027-02-01,6.0
TPP-1367,2027-02-08,4.0
TPP-1367,2027-02-15,6.0
TPP-1367,2027-02-22,6.0
TPP-1367,2027-03-01,6.0
TPP-1367,2027-03-08,6.0
TPP-1367,2027-03-15,3.0
TPP-1367,2027-03-22,6.0
TPP-1367,2027-03-29,0.0
TPP-1367,2027-04-05,3.0
TPP-1367,2027-04-12,5.0
TPP-1367,2027-04-19,3.0
TPP-1367,2027-04-26,0.0
TPP-1367,2027-05-03,5.0
TPP-1367,2027-05-10,3.0
TPP-1367,2027-05-17,0.0
TPP-1367,2027-05-24,0.0
TPP-1367,2027-05-31,3.0
TPP-1367,2027-06-07,0.0
TPP-1367,2027-06-14,0.0
TPP-1367,2027-06-21,0.0
TPP-1367,2027-06-28,0.0
TPP-1367,2027-07-05,0.0
TPP-1367,2027-07-12,0.0
TPP-1367,2027-07-19,0.0
TPP-1367,2027-07-26,0.0
TPP-1367,2027-08-02,0.0
TPP-1367,2027-08-09,0.0
TPP-1367,2027-08-16,0.0
TPP-1367,2027-08-23,0.0
TPP-1367,2027-08-30,0.0
TPP-1367,2027-09-06,0.0
TPP-1367,2027-09-13,0.0
TPP-1367,2027-09-20,0.0
TPP-1367,2027-09-27,0.0
TPP-1367,2027-10-04,0.0
TPP-1367,2027-10-11,0.0
TPP-1367,2027-10-18,0.0
TPP-1367,2027-10-25,0.0
TPP-1367,2027-11-01,0.0
TPP-1367,2027-11-08,0.0
TPP-1367,2027-11-15,0.0
TPP-1367,2027-11-22,0.0
TPP-1367,2027-11-29,0.0
TPP-1367,2027-12-06,0.0
TPP-1367,2027-12-13,0.0
TPP-1367,2027-12-20,0.0
TPP-1378,2025-12-29,0.0
TPP-1378,2026-01-05,5.0
TPP-1378,2026-01-12,0.0
TPP-1378,2026-01-19,5.0
TPP-1378,2026-01-26,5.0
TPP-1378,2026-02-02,5.0
TPP-1378,2026-02-09,3.0
TPP-1378,2026-02-16,5.0
TPP-1378,2026-02-23,5.0
TPP-1378,2026-03-02,6.0
TPP-1378,2026-03-09,4.0
TPP-1378,2026-03-16,6.0
TPP-1378,2026-03-23,4.0
TPP-1378,2026-03-30,6.0
TPP-1378,2026-04-06,5.0
TPP-1378,2026-04-13,5.0
TPP-1378,2026-04-20,5.0
TPP-1378,2026-04-27,0.0
TPP-1378,2026-05-04,6.0
TPP-1378,2026-05-11,6.0
TPP-1378,2026-05-18,6.0
TPP-1378,2026-05-25,3.0
TPP-1378,2026-06-01,3.0
TPP-1378,2026-06-08,6.0
TPP-1378,2026-06-15,0.0
TPP-1378,2026-06-22,4.0
TPP-1378,2026-06-29,0.0
TPP-1378,2026-07-06,0.0
TPP-1378,2026-07-13,8.0
TPP-1378,2026-07-20,4.0
TPP-1378,2026-07-27,4.0
TPP-1378,2026-08-03,4.0
TPP-1378,2026-08-10,4.0
TPP-1378,2026-08-17,4.0
TPP-1378,2026-08-24,4.0
TPP-1378,2026-08-31,4.0
TPP-1378,2026-09-07,4.0
TPP-1378,2026-09-14,8.0
TPP-1378,2026-09-21,4.0
TPP-1378,2026-09-28,4.0
TPP-1378,2026-10-05,4.0
TPP-1378,2026-10-12,4.0
TPP-1378,2026-10-19,4.0
TPP-1378,2026-10-26,8.0
TPP-1378,2026-11-02,8.0
TPP-1378,2026-11-09,8.0
TPP-1378,2026-11-16,4.0
TPP-1378,2026-11-23,4.0
TPP-1378,2026-11-30,8.0
TPP-1378,2026-12-07,8.0
TPP-1378,2026-12-14,0.0
TPP-1378,2026-12-21,0.0
TPP-1378,2026-12-28,0.0
TPP-1378,2027-01-04,4.0
TPP-1378,2027-01-11,8.0
TPP-1378,2027-01-18,4.0
TPP-1378,2027-01-25,4.0
TPP-1378,2027-02-01,4.0
TPP-1378,2027-02-08,4.0
TPP-1378,2027-02-15,4.0
TPP-1378,2027-02-22,4.0
TPP-1378,2027-03-01,4.0
TPP-1378,2027-03-08,4.0
TPP-1378,2027-03-15,4.0
TPP-1378,2027-03-22,4.0
TPP-1378,2027-03-29,0.0
TPP-1378,2027-04-05,0.0
TPP-1378,2027-04-12,4.0
TPP-1378,2027-04-19,0.0
TPP-1378,2027-04-26,4.0
TPP-1378,2027-05-03,0.0
TPP-1378,2027-05-10,4.0
TPP-1378,2027-05-17,0.0
TPP-1378,2027-05-24,0.0
TPP-1378,2027-05-31,0.0
TPP-1378,2027-06-07,0.0
TPP-1378,2027-06-14,0.0
TPP-1378,2027-06-21,0.0
TPP-1378,2027-06-28,0.0
TPP-1378,2027-07-05,0.0
TPP-1378,2027-07-12,0.0
TPP-1378,2027-07-19,0.0
TPP-1378,2027-07-26,0.0
TPP-1378,2027-08-02,0.0
TPP-1378,2027-08-09,0.0
TPP-1378,2027-08-16,0.0
TPP-1378,2027-08-23,0.0
TPP-1378,2027-08-30,0.0
TPP-1378,2027-09-06,0.0
TPP-1378,2027-09-13,0.0
TPP-1378,2027-09-20,0.0
TPP-1378,2027-09-27,0.0
TPP-1378,2027-10-04,0.0
TPP-1378,2027-10-11,0.0
TPP-1378,2027-10-18,0.0
TPP-1378,2027-10-25,0.0
TPP-1378,2027-11-01,0.0
TPP-1378,2027-11-08,0.0
TPP-1378,2027-11-15,0.0
TPP-1378,2027-11-22,0.0
TPP-1378,2027-11-29,0.0
TPP-1378,2027-12-06,0.0
TPP-1378,2027-12-13,0.0
TPP-1378,2027-12-20,0.0
TPP-1368,2025-12-29,0.0
TPP-1368,2026-01-05,6.0
TPP-1368,2026-01-12,6.0
TPP-1368,2026-01-19,6.0
TPP-1368,2026-01-26,3.0
TPP-1368,2026-02-02,3.0
TPP-1368,2026-02-09,6.0
TPP-1368,2026-02-16,3.0
TPP-1368,2026-02-23,3.0
TPP-1368,2026-03-02,3.0
TPP-1368,2026-03-09,3.0
TPP-1368,2026-03-16,3.0
TPP-1368,2026-03-23,3.0
TPP-1368,2026-03-30,3.0
TPP-1368,2026-04-06,4.0
TPP-1368,2026-04-13,3.0
TPP-1368,2026-04-20,3.0
TPP-1368,2026-04-27,0.0
TPP-1368,2026-05-04,3.0
TPP-1368,2026-05-11,3.0
TPP-1368,2026-05-18,6.0
TPP-1368,2026-05-25,3.0
TPP-1368,2026-06-01,6.0
TPP-1368,2026-06-08,6.0
TPP-1368,2026-06-15,0.0
TPP-1368,2026-06-22,0.0
TPP-1368,2026-06-29,6.0
TPP-1368,2026-07-06,0.0
TPP-1368,2026-07-13,0.0
TPP-1368,2026-07-20,0.0
TPP-1368,2026-07-27,6.0
TPP-1368,2026-08-03,3.0
TPP-1368,2026-08-10,3.0
TPP-1368,2026-08-17,6.0
TPP-1368,2026-08-24,3.0
TPP-1368,2026-08-31,3.0
TPP-1368,2026-09-07,3.0
TPP-1368,2026-09-14,3.0
TPP-1368,2026-09-21,3.0
TPP-1368,2026-09-28,3.0
TPP-1368,2026-10-05,6.0
TPP-1368,2026-10-12,3.0
TPP-1368,2026-10-19,3.0
TPP-1368,2026-10-26,6.0
TPP-1368,2026-11-02,3.0
TPP-1368,2026-11-09,3.0
TPP-1368,2026-11-16,6.0
TPP-1368,2026-11-23,3.0
TPP-1368,2026-11-30,3.0
TPP-1368,2026-12-07,3.0
TPP-1368,2026-12-14,0.0
TPP-1368,2026-12-21,0.0
TPP-1368,2026-12-28,0.0
TPP-1368,2027-01-04,0.0
TPP-1368,2027-01-11,6.0
TPP-1368,2027-01-18,3.0
TPP-1368,2027-01-25,6.0
TPP-1368,2027-02-01,3.0
TPP-1368,2027-02-08,3.0
TPP-1368,2027-02-15,0.0
TPP-1368,2027-02-22,3.0
TPP-1368,2027-03-01,3.0
TPP-1368,2027-03-08,3.0
TPP-1368,2027-03-15,3.0
TPP-1368,2027-03-22,0.0
TPP-1368,2027-03-29,0.0
TPP-1368,2027-04-05,0.0
TPP-1368,2027-04-12,0.0
TPP-1368,2027-04-19,3.0
TPP-1368,2027-04-26,0.0
TPP-1368,2027-05-03,0.0
TPP-1368,2027-05-10,0.0
TPP-1368,2027-05-17,0.0
TPP-1368,2027-05-24,0.0
TPP-1368,2027-05-31,0.0
TPP-1368,2027-06-07,0.0
TPP-1368,2027-06-14,0.0
TPP-1368,2027-06-21,0.0
TPP-1368,2027-06-28,0.0
TPP-1368,2027-07-05,0.0
TPP-1368,2027-07-12,0.0
TPP-1368,2027-07-19,0.0
TPP-1368,2027-07-26,0.0
TPP-1368,2027-08-02,0.0
TPP-1368,2027-08-09,0.0
TPP-1368,2027-08-16,0.0
TPP-1368,2027-08-23,0.0
TPP-1368,2027-08-30,0.0
TPP-1368,2027-09-06,0.0
TPP-1368,2027-09-13,0.0
TPP-1368,2027-09-20,0.0
TPP-1368,2027-09-27,0.0
TPP-1368,2027-10-04,0.0
TPP-1368,2027-10-11,0.0
TPP-1368,2027-10-18,0.0
TPP-1368,2027-10-25,0.0
TPP-1368,2027-11-01,0.0
TPP-1368,2027-11-08,0.0
TPP-1368,2027-11-15,0.0
TPP-1368,2027-11-22,0.0
TPP-1368,2027-11-29,0.0
TPP-1368,2027-12-06,0.0
TPP-1368,2027-12-13,0.0
TPP-1368,2027-12-20,0.0
TPP-1369,2025-12-29,0.0
TPP-1369,2026-01-05,0.0
TPP-1369,2026-01-12,0.0
TPP-1369,2026-01-19,0.0
TPP-1369,2026-01-26,0.0
TPP-1369,2026-02-02,0.0
TPP-1369,2026-02-09,0.0
TPP-1369,2026-02-16,0.0
TPP-1369,2026-02-23,0.0
TPP-1369,2026-03-02,0.0
TPP-1369,2026-03-09,0.0
TPP-1369,2026-03-16,0.0
TPP-1369,2026-03-23,0.0
TPP-1369,2026-03-30,0.0
TPP-1369,2026-04-06,0.0
TPP-1369,2026-04-13,0.0
TPP-1369,2026-04-20,0.0
TPP-1369,2026-04-27,0.0
TPP-1369,2026-05-04,0.0
TPP-1369,2026-05-11,0.0
TPP-1369,2026-05-18,0.0
TPP-1369,2026-05-25,0.0
TPP-1369,2026-06-01,0.0
TPP-1369,2026-06-08,0.0
TPP-1369,2026-06-15,0.0
TPP-1369,2026-06-22,0.0
TPP-1369,2026-06-29,0.0
TPP-1369,2026-07-06,0.0
TPP-1369,2026-07-13,0.0
TPP-1369,2026-07-20,0.0
TPP-1369,2026-07-27,0.0
TPP-1369,2026-08-03,0.0
TPP-1369,2026-08-10,0.0
TPP-1369,2026-08-17,0.0
TPP-1369,2026-08-24,0.0
TPP-1369,2026-08-31,0.0
TPP-1369,2026-09-07,0.0
TPP-1369,2026-09-14,0.0
TPP-1369,2026-09-21,0.0
TPP-1369,2026-09-28,0.0
TPP-1369,2026-10-05,0.0
TPP-1369,2026-10-12,0.0
TPP-1369,2026-10-19,0.0
TPP-1369,2026-10-26,0.0
TPP-1369,2026-11-02,0.0
TPP-1369,2026-11-09,0.0
TPP-1369,2026-11-16,0.0
TPP-1369,2026-11-23,0.0
TPP-1369,2026-11-30,0.0
TPP-1369,2026-12-07,0.0
TPP-1369,2026-12-14,0.0
TPP-1369,2026-12-21,0.0
TPP-1369,2026-12-28,0.0
TPP-1369,2027-01-04,0.0
TPP-1369,2027-01-11,0.0
TPP-1369,2027-01-18,0.0
TPP-1369,2027-01-25,0.0
TPP-1369,2027-02-01,0.0
TPP-1369,2027-02-08,0.0
TPP-1369,2027-02-15,0.0
TPP-1369,2027-02-22,0.0
TPP-1369,2027-03-01,0.0
TPP-1369,2027-03-08,0.0
TPP-1369,2027-03-15,0.0
TPP-1369,2027-03-22,0.0
TPP-1369,2027-03-29,0.0
TPP-1369,2027-04-05,0.0
TPP-1369,2027-04-12,0.0
TPP-1369,2027-04-19,0.0
TPP-1369,2027-04-26,0.0
TPP-1369,2027-05-03,0.0
TPP-1369,2027-05-10,0.0
TPP-1369,2027-05-17,0.0
TPP-1369,2027-05-24,0.0
TPP-1369,2027-05-31,0.0
TPP-1369,2027-06-07,0.0
TPP-1369,2027-06-14,0.0
TPP-1369,2027-06-21,0.0
TPP-1369,2027-06-28,0.0
TPP-1369,2027-07-05,0.0
TPP-1369,2027-07-12,0.0
TPP-1369,2027-07-19,0.0
TPP-1369,2027-07-26,0.0
TPP-1369,2027-08-02,0.0
TPP-1369,2027-08-09,0.0
TPP-1369,2027-08-16,0.0
TPP-1369,2027-08-23,0.0
TPP-1369,2027-08-30,0.0
TPP-1369,2027-09-06,0.0
TPP-1369,2027-09-13,0.0
TPP-1369,2027-09-20,0.0
TPP-1369,2027-09-27,0.0
TPP-1369,2027-10-04,0.0
TPP-1369,2027-10-11,0.0
TPP-1369,2027-10-18,0.0
TPP-1369,2027-10-25,0.0
TPP-1369,2027-11-01,0.0
TPP-1369,2027-11-08,0.0
TPP-1369,2027-11-15,0.0
TPP-1369,2027-11-22,0.0
TPP-1369,2027-11-29,0.0
TPP-1369,2027-12-06,0.0
TPP-1369,2027-12-13,0.0
TPP-1369,2027-12-20,0.0
TPP-1379,2025-12-29,0.0
TPP-1379,2026-01-05,0.0
TPP-1379,2026-01-12,0.0
TPP-1379,2026-01-19,3.0
TPP-1379,2026-01-26,5.0
TPP-1379,2026-02-02,3.0
TPP-1379,2026-02-09,3.0
TPP-1379,2026-02-16,3.0
TPP-1379,2026-02-23,0.0
TPP-1379,2026-03-02,0.0
TPP-1379,2026-03-09,3.0
TPP-1379,2026-03-16,3.0
TPP-1379,2026-03-23,3.0
TPP-1379,2026-03-30,3.0
TPP-1379,2026-04-06,2.0
TPP-1379,2026-04-13,0.0
TPP-1379,2026-04-20,3.0
TPP-1379,2026-04-27,0.0
TPP-1379,2026-05-04,3.0
TPP-1379,2026-05-11,3.0
TPP-1379,2026-05-18,3.0
TPP-1379,2026-05-25,0.0
TPP-1379,2026-06-01,3.0
TPP-1379,2026-06-08,3.0
TPP-1379,2026-06-15,0.0
TPP-1379,2026-06-22,0.0
TPP-1379,2026-06-29,3.0
TPP-1379,2026-07-06,0.0
TPP-1379,2026-07-13,0.0
TPP-1379,2026-07-20,3.0
TPP-1379,2026-07-27,3.0
TPP-1379,2026-08-03,3.0
TPP-1379,2026-08-10,3.0
TPP-1379,2026-08-17,3.0
TPP-1379,2026-08-24,3.0
TPP-1379,2026-08-31,3.0
TPP-1379,2026-09-07,0.0
TPP-1379,2026-09-14,3.0
TPP-1379,2026-09-21,3.0
TPP-1379,2026-09-28,3.0
TPP-1379,2026-10-05,3.0
TPP-1379,2026-10-12,3.0
TPP-1379,2026-10-19,3.0
TPP-1379,2026-10-26,3.0
TPP-1379,2026-11-02,3.0
TPP-1379,2026-11-09,3.0
TPP-1379,2026-11-16,3.0
TPP-1379,2026-11-23,3.0
TPP-1379,2026-11-30,3.0
TPP-1379,2026-12-07,3.0
TPP-1379,2026-12-14,0.0
TPP-1379,2026-12-21,0.0
TPP-1379,2026-12-28,0.0
TPP-1379,2027-01-04,0.0
TPP-1379,2027-01-11,3.0
TPP-1379,2027-01-18,3.0
TPP-1379,2027-01-25,3.0
TPP-1379,2027-02-01,3.0
TPP-1379,2027-02-08,0.0
TPP-1379,2027-02-15,3.0
TPP-1379,2027-02-22,0.0
TPP-1379,2027-03-01,3.0
TPP-1379,2027-03-08,0.0
TPP-1379,2027-03-15,3.0
TPP-1379,2027-03-22,0.0
TPP-1379,2027-03-29,0.0
TPP-1379,2027-04-05,0.0
TPP-1379,2027-04-12,0.0
TPP-1379,2027-04-19,1.0
TPP-1379,2027-04-26,0.0
TPP-1379,2027-05-03,0.0
TPP-1379,2027-05-10,0.0
TPP-1379,2027-05-17,0.0
TPP-1379,2027-05-24,0.0
TPP-1379,2027-05-31,0.0
TPP-1379,2027-06-07,0.0
TPP-1379,2027-06-14,0.0
TPP-1379,2027-06-21,0.0
TPP-1379,2027-06-28,0.0
TPP-1379,2027-07-05,0.0
TPP-1379,2027-07-12,0.0
TPP-1379,2027-07-19,0.0
TPP-1379,2027-07-26,0.0
TPP-1379,2027-08-02,0.0
TPP-1379,2027-08-09,0.0
TPP-1379,2027-08-16,0.0
TPP-1379,2027-08-23,0.0
TPP-1379,2027-08-30,0.0
TPP-1379,2027-09-06,0.0
TPP-1379,2027-09-13,0.0
TPP-1379,2027-09-20,0.0
TPP-1379,2027-09-27,0.0
TPP-1379,2027-10-04,0.0
TPP-1379,2027-10-11,0.0
TPP-1379,2027-10-18,0.0
TPP-1379,2027-10-25,0.0
TPP-1379,2027-11-01,0.0
TPP-1379,2027-11-08,0.0
TPP-1379,2027-11-15,0.0
TPP-1379,2027-11-22,0.0
TPP-1379,2027-11-29,0.0
TPP-1379,2027-12-06,0.0
TPP-1379,2027-12-13,0.0
TPP-1379,2027-12-20,0.0
TPP-968,2025-12-29,0.0
TPP-968,2026-01-05,3.0
TPP-968,2026-01-12,3.0
TPP-968,2026-01-19,6.0
TPP-968,2026-01-26,3.0
TPP-968,2026-02-02,3.0
TPP-968,2026-02-09,6.0
TPP-968,2026-02-16,6.0
TPP-968,2026-02-23,6.0
TPP-968,2026-03-02,6.0
TPP-968,2026-03-09,6.0
TPP-968,2026-03-16,6.0
TPP-968,2026-03-23,12.0
TPP-968,2026-03-30,3.0
TPP-968,2026-04-06,3.0
TPP-968,2026-04-13,6.0
TPP-968,2026-04-20,3.0
TPP-968,2026-04-27,0.0
TPP-968,2026-05-04,6.0
TPP-968,2026-05-11,6.0
TPP-968,2026-05-18,6.0
TPP-968,2026-05-25,3.0
TPP-968,2026-06-01,6.0
TPP-968,2026-06-08,0.0
TPP-968,2026-06-15,0.0
TPP-968,2026-06-22,3.0
TPP-968,2026-06-29,6.0
TPP-968,2026-07-06,6.0
TPP-968,2026-07-13,3.0
TPP-968,2026-07-20,3.0
TPP-968,2026-07-27,6.0
TPP-968,2026-08-03,3.0
TPP-968,2026-08-10,6.0
TPP-968,2026-08-17,6.0
TPP-968,2026-08-24,6.0
TPP-968,2026-08-31,3.0
TPP-968,2026-09-07,6.0
TPP-968,2026-09-14,6.0
TPP-968,2026-09-21,3.0
TPP-968,2026-09-28,6.0
TPP-968,2026-10-05,6.0
TPP-968,2026-10-12,6.0
TPP-968,2026-10-19,6.0
TPP-968,2026-10-26,9.0
TPP-968,2026-11-02,9.0
TPP-968,2026-11-09,6.0
TPP-968,2026-11-16,6.0
TPP-968,2026-11-23,6.0
TPP-968,2026-11-30,6.0
TPP-968,2026-12-07,6.0
TPP-968,2026-12-14,3.0
TPP-968,2026-12-21,0.0
TPP-968,2026-12-28,0.0
TPP-968,2027-01-04,3.0
TPP-968,2027-01-11,6.0
TPP-968,2027-01-18,6.0
TPP-968,2027-01-25,6.0
TPP-968,2027-02-01,6.0
TPP-968,2027-02-08,3.0
TPP-968,2027-02-15,6.0
TPP-968,2027-02-22,3.0
TPP-968,2027-03-01,3.0
TPP-968,2027-03-08,3.0
TPP-968,2027-03-15,0.0
TPP-968,2027-03-22,3.0
TPP-968,2027-03-29,3.0
TPP-968,2027-04-05,3.0
TPP-968,2027-04-12,3.0
TPP-968,2027-04-19,3.0
TPP-968,2027-04-26,0.0
TPP-968,2027-05-03,3.0
TPP-968,2027-05-10,3.0
TPP-968,2027-05-17,3.0
TPP-968,2027-05-24,2.0
TPP-968,2027-05-31,0.0
TPP-968,2027-06-07,0.0
TPP-968,2027-06-14,0.0
TPP-968,2027-06-21,0.0
TPP-968,2027-06-28,0.0
TPP-968,2027-07-05,0.0
TPP-968,2027-07-12,0.0
TPP-968,2027-07-19,0.0
TPP-968,2027-07-26,0.0
TPP-968,2027-08-02,0.0
TPP-968,2027-08-09,0.0
TPP-968,2027-08-16,0.0
TPP-968,2027-08-23,0.0
TPP-968,2027-08-30,0.0
TPP-968,2027-09-06,0.0
TPP-968,2027-09-13,0.0
TPP-968,2027-09-20,0.0
TPP-968,2027-09-27,0.0
TPP-968,2027-10-04,0.0
TPP-968,2027-10-11,0.0
TPP-968,2027-10-18,0.0
TPP-968,2027-10-25,0.0
TPP-968,2027-11-01,0.0
TPP-968,2027-11-08,0.0
TPP-968,2027-11-15,0.0
TPP-968,2027-11-22,0.0
TPP-968,2027-11-29,0.0
TPP-968,2027-12-06,0.0
TPP-968,2027-12-13,0.0
TPP-968,2027-12-20,0.0
TPP-970,2025-12-29,0.0
TPP-970,2026-01-05,0.0
TPP-970,2026-01-12,0.0
TPP-970,2026-01-19,5.0
TPP-970,2026-01-26,3.0
TPP-970,2026-02-02,6.0
TPP-970,2026-02-09,0.0
TPP-970,2026-02-16,6.0
TPP-970,2026-02-23,3.0
TPP-970,2026-03-02,6.0
TPP-970,2026-03-09,6.0
TPP-970,2026-03-16,6.0
TPP-970,2026-03-23,6.0
TPP-970,2026-03-30,6.0
TPP-970,2026-04-06,3.0
TPP-970,2026-04-13,3.0
TPP-970,2026-04-20,6.0
TPP-970,2026-04-27,0.0
TPP-970,2026-05-04,6.0
TPP-970,2026-05-11,6.0
TPP-970,2026-05-18,3.0
TPP-970,2026-05-25,6.0
TPP-970,2026-06-01,0.0
TPP-970,2026-06-08,3.0
TPP-970,2026-06-15,0.0
TPP-970,2026-06-22,6.0
TPP-970,2026-06-29,3.0
TPP-970,2026-07-06,6.0
TPP-970,2026-07-13,0.0
TPP-970,2026-07-20,3.0
TPP-970,2026-07-27,3.0
TPP-970,2026-08-03,3.0
TPP-970,2026-08-10,6.0
TPP-970,2026-08-17,6.0
TPP-970,2026-08-24,3.0
TPP-970,2026-08-31,3.0
TPP-970,2026-09-07,6.0
TPP-970,2026-09-14,6.0
TPP-970,2026-09-21,0.0
TPP-970,2026-09-28,3.0
TPP-970,2026-10-05,6.0
TPP-970,2026-10-12,6.0
TPP-970,2026-10-19,6.0
TPP-970,2026-10-26,3.0
TPP-970,2026-11-02,6.0
TPP-970,2026-11-09,6.0
TPP-970,2026-11-16,6.0
TPP-970,2026-11-23,6.0
TPP-970,2026-11-30,6.0
TPP-970,2026-12-07,3.0
TPP-970,2026-12-14,3.0
TPP-970,2026-12-21,0.0
TPP-970,2026-12-28,0.0
TPP-970,2027-01-04,3.0
TPP-970,2027-01-11,3.0
TPP-970,2027-01-18,6.0
TPP-970,2027-01-25,3.0
TPP-970,2027-02-01,6.0
TPP-970,2027-02-08,3.0
TPP-970,2027-02-15,3.0
TPP-970,2027-02-22,3.0
TPP-970,2027-03-01,3.0
TPP-970,2027-03-08,3.0
TPP-970,2027-03-15,0.0
TPP-970,2027-03-22,3.0
TPP-970,2027-03-29,3.0
TPP-970,2027-04-05,0.0
TPP-970,2027-04-12,3.0
TPP-970,2027-04-19,0.0
TPP-970,2027-04-26,3.0
TPP-970,2027-05-03,0.0
TPP-970,2027-05-10,3.0
TPP-970,2027-05-17,2.0
TPP-970,2027-05-24,0.0
TPP-970,2027-05-31,0.0
TPP-970,2027-06-07,0.0
TPP-970,2027-06-14,0.0
TPP-970,2027-06-21,0.0
TPP-970,2027-06-28,0.0
TPP-970,2027-07-05,0.0
TPP-970,2027-07-12,0.0
TPP-970,2027-07-19,0.0
TPP-970,2027-07-26,0.0
TPP-970,2027-08-02,0.0
TPP-970,2027-08-09,0.0
TPP-970,2027-08-16,0.0
TPP-970,2027-08-23,0.0
TPP-970,2027-08-30,0.0
TPP-970,2027-09-06,0.0
TPP-970,2027-09-13,0.0
TPP-970,2027-09-20,0.0
TPP-970,2027-09-27,0.0
TPP-970,2027-10-04,0.0
TPP-970,2027-10-11,0.0
TPP-970,2027-10-18,0.0
TPP-970,2027-10-25,0.0
TPP-970,2027-11-01,0.0
TPP-970,2027-11-08,0.0
TPP-970,2027-11-15,0.0
TPP-970,2027-11-22,0.0
TPP-970,2027-11-29,0.0
TPP-970,2027-12-06,0.0
TPP-970,2027-12-13,0.0
TPP-970,2027-12-20,0.0
0T150,2025-12-29,0.0
0T150,2026-01-05,0.0
0T150,2026-01-12,0.0
0T150,2026-01-19,0.0
0T150,2026-01-26,0.0
0T150,2026-02-02,0.0
0T150,2026-02-09,0.0
0T150,2026-02-16,0.0
0T150,2026-02-23,0.0
0T150,2026-03-02,0.0
0T150,2026-03-09,0.0
0T150,2026-03-16,0.0
0T150,2026-03-23,0.0
0T150,2026-03-30,0.0
0T150,2026-04-06,0.0
0T150,2026-04-13,0.0
0T150,2026-04-20,0.0
0T150,2026-04-27,0.0
0T150,2026-05-04,0.0
0T150,2026-05-11,0.0
0T150,2026-05-18,0.0
0T150,2026-05-25,0.0
0T150,2026-06-01,0.0
0T150,2026-06-08,0.0
0T150,2026-06-15,0.0
0T150,2026-06-22,0.0
0T150,2026-06-29,0.0
0T150,2026-07-06,0.0
0T150,2026-07-13,0.0
0T150,2026-07-20,0.0
0T150,2026-07-27,0.0
0T150,2026-08-03,0.0
0T150,2026-08-10,0.0
0T150,2026-08-17,0.0
0T150,2026-08-24,0.0
0T150,2026-08-31,0.0
0T150,2026-09-07,0.0
0T150,2026-09-14,0.0
0T150,2026-09-21,0.0
0T150,2026-09-28,0.0
0T150,2026-10-05,0.0
0T150,2026-10-12,0.0
0T150,2026-10-19,0.0
0T150,2026-10-26,0.0
0T150,2026-11-02,0.0
0T150,2026-11-09,0.0
0T150,2026-11-16,0.0
0T150,2026-11-23,0.0
0T150,2026-11-30,0.0
0T150,2026-12-07,0.0
0T150,2026-12-14,0.0
0T150,2026-12-21,0.0
0T150,2026-12-28,0.0
0T150,2027-01-04,0.0
0T150,2027-01-11,0.0
0T150,2027-01-18,0.0
0T150,2027-01-25,0.0
0T150,2027-02-01,0.0
0T150,2027-02-08,0.0
0T150,2027-02-15,0.0
0T150,2027-02-22,0.0
0T150,2027-03-01,0.0
0T150,2027-03-08,0.0
0T150,2027-03-15,0.0
0T150,2027-03-22,0.0
0T150,2027-03-29,0.0
0T150,2027-04-05,0.0
0T150,2027-04-12,0.0
0T150,2027-04-19,0.0
0T150,2027-04-26,0.0
0T150,2027-05-03,0.0
0T150,2027-05-10,0.0
0T150,2027-05-17,0.0
0T150,2027-05-24,0.0
0T150,2027-05-31,0.0
0T150,2027-06-07,0.0
0T150,2027-06-14,0.0
0T150,2027-06-21,0.0
0T150,2027-06-28,0.0
0T150,2027-07-05,0.0
0T150,2027-07-12,0.0
0T150,2027-07-19,0.0
0T150,2027-07-26,0.0
0T150,2027-08-02,0.0
0T150,2027-08-09,0.0
0T150,2027-08-16,0.0
0T150,2027-08-23,0.0
0T150,2027-08-30,0.0
0T150,2027-09-06,0.0
0T150,2027-09-13,0.0
0T150,2027-09-20,0.0
0T150,2027-09-27,0.0
0T150,2027-10-04,0.0
0T150,2027-10-11,0.0
0T150,2027-10-18,0.0
0T150,2027-10-25,0.0
0T150,2027-11-01,0.0
0T150,2027-11-08,0.0
0T150,2027-11-15,0.0
0T150,2027-11-22,0.0
0T150,2027-11-29,0.0
0T150,2027-12-06,0.0
0T150,2027-12-13,0.0
0T150,2027-12-20,0.0
0T160,2025-12-29,0.0
0T160,2026-01-05,0.0
0T160,2026-01-12,0.0
0T160,2026-01-19,0.0
0T160,2026-01-26,0.0
0T160,2026-02-02,0.0
0T160,2026-02-09,0.0
0T160,2026-02-16,0.0
0T160,2026-02-23,0.0
0T160,2026-03-02,0.0
0T160,2026-03-09,0.0
0T160,2026-03-16,0.0
0T160,2026-03-23,0.0
0T160,2026-03-30,0.0
0T160,2026-04-06,0.0
0T160,2026-04-13,0.0
0T160,2026-04-20,0.0
0T160,2026-04-27,0.0
0T160,2026-05-04,0.0
0T160,2026-05-11,0.0
0T160,2026-05-18,0.0
0T160,2026-05-25,0.0
0T160,2026-06-01,0.0
0T160,2026-06-08,0.0
0T160,2026-06-15,0.0
0T160,2026-06-22,0.0
0T160,2026-06-29,0.0
0T160,2026-07-06,0.0
0T160,2026-07-13,0.0
0T160,2026-07-20,0.0
0T160,2026-07-27,0.0
0T160,2026-08-03,0.0
0T160,2026-08-10,0.0
0T160,2026-08-17,0.0
0T160,2026-08-24,0.0
0T160,2026-08-31,0.0
0T160,2026-09-07,0.0
0T160,2026-09-14,0.0
0T160,2026-09-21,0.0
0T160,2026-09-28,0.0
0T160,2026-10-05,0.0
0T160,2026-10-12,0.0
0T160,2026-10-19,0.0
0T160,2026-10-26,0.0
0T160,2026-11-02,0.0
0T160,2026-11-09,0.0
0T160,2026-11-16,0.0
0T160,2026-11-23,0.0
0T160,2026-11-30,0.0
0T160,2026-12-07,0.0
0T160,2026-12-14,0.0
0T160,2026-12-21,0.0
0T160,2026-12-28,0.0
0T160,2027-01-04,0.0
0T160,2027-01-11,0.0
0T160,2027-01-18,0.0
0T160,2027-01-25,0.0
0T160,2027-02-01,0.0
0T160,2027-02-08,0.0
0T160,2027-02-15,0.0
0T160,2027-02-22,0.0
0T160,2027-03-01,0.0
0T160,2027-03-08,0.0
0T160,2027-03-15,0.0
0T160,2027-03-22,0.0
0T160,2027-03-29,0.0
0T160,2027-04-05,0.0
0T160,2027-04-12,0.0
0T160,2027-04-19,0.0
0T160,2027-04-26,0.0
0T160,2027-05-03,0.0
0T160,2027-05-10,0.0
0T160,2027-05-17,0.0
0T160,2027-05-24,0.0
0T160,2027-05-31,0.0
0T160,2027-06-07,0.0
0T160,2027-06-14,0.0
0T160,2027-06-21,0.0
0T160,2027-06-28,0.0
0T160,2027-07-05,0.0
0T160,2027-07-12,0.0
0T160,2027-07-19,0.0
0T160,2027-07-26,0.0
0T160,2027-08-02,0.0
0T160,2027-08-09,0.0
0T160,2027-08-16,0.0
0T160,2027-08-23,0.0
0T160,2027-08-30,0.0
0T160,2027-09-06,0.0
0T160,2027-09-13,0.0
0T160,2027-09-20,0.0
0T160,2027-09-27,0.0
0T160,2027-10-04,0.0
0T160,2027-10-11,0.0
0T160,2027-10-18,0.0
0T160,2027-10-25,0.0
0T160,2027-11-01,0.0
0T160,2027-11-08,0.0
0T160,2027-11-15,0.0
0T160,2027-11-22,0.0
0T160,2027-11-29,0.0
0T160,2027-12-06,0.0
0T160,2027-12-13,0.0
0T160,2027-12-20,0.0
0T410,2025-12-29,0.0
0T410,2026-01-05,0.0
0T410,2026-01-12,0.0
0T410,2026-01-19,0.0
0T410,2026-01-26,0.0
0T410,2026-02-02,0.0
0T410,2026-02-09,0.0
0T410,2026-02-16,0.0
0T410,2026-02-23,0.0
0T410,2026-03-02,0.0
0T410,2026-03-09,0.0
0T410,2026-03-16,0.0
0T410,2026-03-23,0.0
0T410,2026-03-30,0.0
0T410,2026-04-06,0.0
0T410,2026-04-13,0.0
0T410,2026-04-20,0.0
0T410,2026-04-27,0.0
0T410,2026-05-04,0.0
0T410,2026-05-11,0.0
0T410,2026-05-18,0.0
0T410,2026-05-25,0.0
0T410,2026-06-01,0.0
0T410,2026-06-08,0.0
0T410,2026-06-15,0.0
0T410,2026-06-22,0.0
0T410,2026-06-29,0.0
0T410,2026-07-06,0.0
0T410,2026-07-13,0.0
0T410,2026-07-20,0.0
0T410,2026-07-27,0.0
0T410,2026-08-03,0.0
0T410,2026-08-10,0.0
0T410,2026-08-17,0.0
0T410,2026-08-24,0.0
0T410,2026-08-31,0.0
0T410,2026-09-07,0.0
0T410,2026-09-14,0.0
0T410,2026-09-21,0.0
0T410,2026-09-28,0.0
0T410,2026-10-05,0.0
0T410,2026-10-12,0.0
0T410,2026-10-19,0.0
0T410,2026-10-26,0.0
0T410,2026-11-02,0.0
0T410,2026-11-09,0.0
0T410,2026-11-16,0.0
0T410,2026-11-23,0.0
0T410,2026-11-30,0.0
0T410,2026-12-07,0.0
0T410,2026-12-14,0.0
0T410,2026-12-21,0.0
0T410,2026-12-28,0.0
0T410,2027-01-04,0.0
0T410,2027-01-11,0.0
0T410,2027-01-18,0.0
0T410,2027-01-25,0.0
0T410,2027-02-01,0.0
0T410,2027-02-08,0.0
0T410,2027-02-15,0.0
0T410,2027-02-22,0.0
0T410,2027-03-01,0.0
0T410,2027-03-08,0.0
0T410,2027-03-15,0.0
0T410,2027-03-22,0.0
0T410,2027-03-29,0.0
0T410,2027-04-05,0.0
0T410,2027-04-12,0.0
0T410,2027-04-19,0.0
0T410,2027-04-26,0.0
0T410,2027-05-03,0.0
0T410,2027-05-10,0.0
0T410,2027-05-17,0.0
0T410,2027-05-24,0.0
0T410,2027-05-31,0.0
0T410,2027-06-07,0.0
0T410,2027-06-14,0.0
0T410,2027-06-21,0.0
0T410,2027-06-28,0.0
0T410,2027-07-05,0.0
0T410,2027-07-12,0.0
0T410,2027-07-19,0.0
0T410,2027-07-26,0.0
0T410,2027-08-02,0.0
0T410,2027-08-09,0.0
0T410,2027-08-16,0.0
0T410,2027-08-23,0.0
0T410,2027-08-30,0.0
0T410,2027-09-06,0.0
0T410,2027-09-13,0.0
0T410,2027-09-20,0.0
0T410,2027-09-27,0.0
0T410,2027-10-04,0.0
0T410,2027-10-11,0.0
0T410,2027-10-18,0.0
0T410,2027-10-25,0.0
0T410,2027-11-01,0.0
0T410,2027-11-08,0.0
0T410,2027-11-15,0.0
0T410,2027-11-22,0.0
0T410,2027-11-29,0.0
0T410,2027-12-06,0.0
0T410,2027-12-13,0.0
0T410,2027-12-20,0.0
0T420,2025-12-29,0.0
0T420,2026-01-05,0.0
0T420,2026-01-12,0.0
0T420,2026-01-19,0.0
0T420,2026-01-26,0.0
0T420,2026-02-02,0.0
0T420,2026-02-09,0.0
0T420,2026-02-16,0.0
0T420,2026-02-23,0.0
0T420,2026-03-02,0.0
0T420,2026-03-09,0.0
0T420,2026-03-16,0.0
0T420,2026-03-23,0.0
0T420,2026-03-30,0.0
0T420,2026-04-06,0.0
0T420,2026-04-13,0.0
0T420,2026-04-20,0.0
0T420,2026-04-27,0.0
0T420,2026-05-04,0.0
0T420,2026-05-11,0.0
0T420,2026-05-18,0.0
0T420,2026-05-25,0.0
0T420,2026-06-01,0.0
0T420,2026-06-08,0.0
0T420,2026-06-15,0.0
0T420,2026-06-22,0.0
0T420,2026-06-29,0.0
0T420,2026-07-06,0.0
0T420,2026-07-13,0.0
0T420,2026-07-20,0.0
0T420,2026-07-27,0.0
0T420,2026-08-03,0.0
0T420,2026-08-10,0.0
0T420,2026-08-17,0.0
0T420,2026-08-24,0.0
0T420,2026-08-31,0.0
0T420,2026-09-07,0.0
0T420,2026-09-14,0.0
0T420,2026-09-21,0.0
0T420,2026-09-28,0.0
0T420,2026-10-05,0.0
0T420,2026-10-12,0.0
0T420,2026-10-19,0.0
0T420,2026-10-26,0.0
0T420,2026-11-02,0.0
0T420,2026-11-09,0.0
0T420,2026-11-16,0.0
0T420,2026-11-23,0.0
0T420,2026-11-30,0.0
0T420,2026-12-07,0.0
0T420,2026-12-14,0.0
0T420,2026-12-21,0.0
0T420,2026-12-28,0.0
0T420,2027-01-04,0.0
0T420,2027-01-11,0.0
0T420,2027-01-18,0.0
0T420,2027-01-25,0.0
0T420,2027-02-01,0.0
0T420,2027-02-08,0.0
0T420,2027-02-15,0.0
0T420,2027-02-22,0.0
0T420,2027-03-01,0.0
0T420,2027-03-08,0.0
0T420,2027-03-15,0.0
0T420,2027-03-22,0.0
0T420,2027-03-29,0.0
0T420,2027-04-05,0.0
0T420,2027-04-12,0.0
0T420,2027-04-19,0.0
0T420,2027-04-26,0.0
0T420,2027-05-03,0.0
0T420,2027-05-10,0.0
0T420,2027-05-17,0.0
0T420,2027-05-24,0.0
0T420,2027-05-31,0.0
0T420,2027-06-07,0.0
0T420,2027-06-14,0.0
0T420,2027-06-21,0.0
0T420,2027-06-28,0.0
0T420,2027-07-05,0.0
0T420,2027-07-12,0.0
0T420,2027-07-19,0.0
0T420,2027-07-26,0.0
0T420,2027-08-02,0.0
0T420,2027-08-09,0.0
0T420,2027-08-16,0.0
0T420,2027-08-23,0.0
0T420,2027-08-30,0.0
0T420,2027-09-06,0.0
0T420,2027-09-13,0.0
0T420,2027-09-20,0.0
0T420,2027-09-27,0.0
0T420,2027-10-04,0.0
0T420,2027-10-11,0.0
0T420,2027-10-18,0.0
0T420,2027-10-25,0.0
0T420,2027-11-01,0.0
0T420,2027-11-08,0.0
0T420,2027-11-15,0.0
0T420,2027-11-22,0.0
0T420,2027-11-29,0.0
0T420,2027-12-06,0.0
0T420,2027-12-13,0.0
0T420,2027-12-20,0.0
0T430,2025-12-29,0.0
0T430,2026-01-05,0.0
0T430,2026-01-12,0.0
0T430,2026-01-19,0.0
0T430,2026-01-26,0.0
0T430,2026-02-02,0.0
0T430,2026-02-09,0.0
0T430,2026-02-16,0.0
0T430,2026-02-23,0.0
0T430,2026-03-02,0.0
0T430,2026-03-09,0.0
0T430,2026-03-16,0.0
0T430,2026-03-23,0.0
0T430,2026-03-30,0.0
0T430,2026-04-06,0.0
0T430,2026-04-13,0.0
0T430,2026-04-20,0.0
0T430,2026-04-27,0.0
0T430,2026-05-04,0.0
0T430,2026-05-11,0.0
0T430,2026-05-18,0.0
0T430,2026-05-25,0.0
0T430,2026-06-01,0.0
0T430,2026-06-08,0.0
0T430,2026-06-15,0.0
0T430,2026-06-22,0.0
0T430,2026-06-29,0.0
0T430,2026-07-06,0.0
0T430,2026-07-13,0.0
0T430,2026-07-20,0.0
0T430,2026-07-27,0.0
0T430,2026-08-03,0.0
0T430,2026-08-10,0.0
0T430,2026-08-17,0.0
0T430,2026-08-24,0.0
0T430,2026-08-31,0.0
0T430,2026-09-07,0.0
0T430,2026-09-14,0.0
0T430,2026-09-21,0.0
0T430,2026-09-28,0.0
0T430,2026-10-05,0.0
0T430,2026-10-12,0.0
0T430,2026-10-19,0.0
0T430,2026-10-26,0.0
0T430,2026-11-02,0.0
0T430,2026-11-09,0.0
0T430,2026-11-16,0.0
0T430,2026-11-23,0.0
0T430,2026-11-30,0.0
0T430,2026-12-07,0.0
0T430,2026-12-14,0.0
0T430,2026-12-21,0.0
0T430,2026-12-28,0.0
0T430,2027-01-04,0.0
0T430,2027-01-11,0.0
0T430,2027-01-18,0.0
0T430,2027-01-25,0.0
0T430,2027-02-01,0.0
0T430,2027-02-08,0.0
0T430,2027-02-15,0.0
0T430,2027-02-22,0.0
0T430,2027-03-01,0.0
0T430,2027-03-08,0.0
0T430,2027-03-15,0.0
0T430,2027-03-22,0.0
0T430,2027-03-29,0.0
0T430,2027-04-05,0.0
0T430,2027-04-12,0.0
0T430,2027-04-19,0.0
0T430,2027-04-26,0.0
0T430,2027-05-03,0.0
0T430,2027-05-10,0.0
0T430,2027-05-17,0.0
0T430,2027-05-24,0.0
0T430,2027-05-31,0.0
0T430,2027-06-07,0.0
0T430,2027-06-14,0.0
0T430,2027-06-21,0.0
0T430,2027-06-28,0.0
0T430,2027-07-05,0.0
0T430,2027-07-12,0.0
0T430,2027-07-19,0.0
0T430,2027-07-26,0.0
0T430,2027-08-02,0.0
0T430,2027-08-09,0.0
0T430,2027-08-16,0.0
0T430,2027-08-23,0.0
0T430,2027-08-30,0.0
0T430,2027-09-06,0.0
0T430,2027-09-13,0.0
0T430,2027-09-20,0.0
0T430,2027-09-27,0.0
0T430,2027-10-04,0.0
0T430,2027-10-11,0.0
0T430,2027-10-18,0.0
0T430,2027-10-25,0.0
0T430,2027-11-01,0.0
0T430,2027-11-08,0.0
0T430,2027-11-15,0.0
0T430,2027-11-22,0.0
0T430,2027-11-29,0.0
0T430,2027-12-06,0.0
0T430,2027-12-13,0.0
0T430,2027-12-20,0.0
0T470,2025-12-29,0.0
0T470,2026-01-05,0.0
0T470,2026-01-12,0.0
0T470,2026-01-19,0.0
0T470,2026-01-26,0.0
0T470,2026-02-02,0.0
0T470,2026-02-09,0.0
0T470,2026-02-16,0.0
0T470,2026-02-23,0.0
0T470,2026-03-02,0.0
0T470,2026-03-09,0.0
0T470,2026-03-16,0.0
0T470,2026-03-23,0.0
0T470,2026-03-30,0.0
0T470,2026-04-06,0.0
0T470,2026-04-13,0.0
0T470,2026-04-20,0.0
0T470,2026-04-27,0.0
0T470,2026-05-04,0.0
0T470,2026-05-11,0.0
0T470,2026-05-18,0.0
0T470,2026-05-25,0.0
0T470,2026-06-01,0.0
0T470,2026-06-08,0.0
0T470,2026-06-15,0.0
0T470,2026-06-22,0.0
0T470,2026-06-29,0.0
0T470,2026-07-06,0.0
0T470,2026-07-13,0.0
0T470,2026-07-20,0.0
0T470,2026-07-27,0.0
0T470,2026-08-03,0.0
0T470,2026-08-10,0.0
0T470,2026-08-17,0.0
0T470,2026-08-24,0.0
0T470,2026-08-31,0.0
0T470,2026-09-07,0.0
0T470,2026-09-14,0.0
0T470,2026-09-21,0.0
0T470,2026-09-28,0.0
0T470,2026-10-05,0.0
0T470,2026-10-12,0.0
0T470,2026-10-19,0.0
0T470,2026-10-26,0.0
0T470,2026-11-02,0.0
0T470,2026-11-09,0.0
0T470,2026-11-16,0.0
0T470,2026-11-23,0.0
0T470,2026-11-30,0.0
0T470,2026-12-07,0.0
0T470,2026-12-14,0.0
0T470,2026-12-21,0.0
0T470,2026-12-28,0.0
0T470,2027-01-04,0.0
0T470,2027-01-11,0.0
0T470,2027-01-18,0.0
0T470,2027-01-25,0.0
0T470,2027-02-01,0.0
0T470,2027-02-08,0.0
0T470,2027-02-15,0.0
0T470,2027-02-22,0.0
0T470,2027-03-01,0.0
0T470,2027-03-08,0.0
0T470,2027-03-15,0.0
0T470,2027-03-22,0.0
0T470,2027-03-29,0.0
0T470,2027-04-05,0.0
0T470,2027-04-12,0.0
0T470,2027-04-19,0.0
0T470,2027-04-26,0.0
0T470,2027-05-03,0.0
0T470,2027-05-10,0.0
0T470,2027-05-17,0.0
0T470,2027-05-24,0.0
0T470,2027-05-31,0.0
0T470,2027-06-07,0.0
0T470,2027-06-14,0.0
0T470,2027-06-21,0.0
0T470,2027-06-28,0.0
0T470,2027-07-05,0.0
0T470,2027-07-12,0.0
0T470,2027-07-19,0.0
0T470,2027-07-26,0.0
0T470,2027-08-02,0.0
0T470,2027-08-09,0.0
0T470,2027-08-16,0.0
0T470,2027-08-23,0.0
0T470,2027-08-30,0.0
0T470,2027-09-06,0.0
0T470,2027-09-13,0.0
0T470,2027-09-20,0.0
0T470,2027-09-27,0.0
0T470,2027-10-04,0.0
0T470,2027-10-11,0.0
0T470,2027-10-18,0.0
0T470,2027-10-25,0.0
0T470,2027-11-01,0.0
0T470,2027-11-08,0.0
0T470,2027-11-15,0.0
0T470,2027-11-22,0.0
0T470,2027-11-29,0.0
0T470,2027-12-06,0.0
0T470,2027-12-13,0.0
0T470,2027-12-20,0.0
0T480,2025-12-29,0.0
0T480,2026-01-05,0.0
0T480,2026-01-12,0.0
0T480,2026-01-19,0.0
0T480,2026-01-26,0.0
0T480,2026-02-02,0.0
0T480,2026-02-09,0.0
0T480,2026-02-16,0.0
0T480,2026-02-23,0.0
0T480,2026-03-02,0.0
0T480,2026-03-09,0.0
0T480,2026-03-16,0.0
0T480,2026-03-23,0.0
0T480,2026-03-30,0.0
0T480,2026-04-06,0.0
0T480,2026-04-13,0.0
0T480,2026-04-20,0.0
0T480,2026-04-27,0.0
0T480,2026-05-04,0.0
0T480,2026-05-11,0.0
0T480,2026-05-18,0.0
0T480,2026-05-25,0.0
0T480,2026-06-01,0.0
0T480,2026-06-08,0.0
0T480,2026-06-15,0.0
0T480,2026-06-22,0.0
0T480,2026-06-29,0.0
0T480,2026-07-06,0.0
0T480,2026-07-13,0.0
0T480,2026-07-20,0.0
0T480,2026-07-27,0.0
0T480,2026-08-03,0.0
0T480,2026-08-10,0.0
0T480,2026-08-17,0.0
0T480,2026-08-24,0.0
0T480,2026-08-31,0.0
0T480,2026-09-07,0.0
0T480,2026-09-14,0.0
0T480,2026-09-21,0.0
0T480,2026-09-28,0.0
0T480,2026-10-05,0.0
0T480,2026-10-12,0.0
0T480,2026-10-19,0.0
0T480,2026-10-26,0.0
0T480,2026-11-02,0.0
0T480,2026-11-09,0.0
0T480,2026-11-16,0.0
0T480,2026-11-23,0.0
0T480,2026-11-30,0.0
0T480,2026-12-07,0.0
0T480,2026-12-14,0.0
0T480,2026-12-21,0.0
0T480,2026-12-28,0.0
0T480,2027-01-04,0.0
0T480,2027-01-11,0.0
0T480,2027-01-18,0.0
0T480,2027-01-25,0.0
0T480,2027-02-01,0.0
0T480,2027-02-08,0.0
0T480,2027-02-15,0.0
0T480,2027-02-22,0.0
0T480,2027-03-01,0.0
0T480,2027-03-08,0.0
0T480,2027-03-15,0.0
0T480,2027-03-22,0.0
0T480,2027-03-29,0.0
0T480,2027-04-05,0.0
0T480,2027-04-12,0.0
0T480,2027-04-19,0.0
0T480,2027-04-26,0.0
0T480,2027-05-03,0.0
0T480,2027-05-10,0.0
0T480,2027-05-17,0.0
0T480,2027-05-24,0.0
0T480,2027-05-31,0.0
0T480,2027-06-07,0.0
0T480,2027-06-14,0.0
0T480,2027-06-21,0.0
0T480,2027-06-28,0.0
0T480,2027-07-05,0.0
0T480,2027-07-12,0.0
0T480,2027-07-19,0.0
0T480,2027-07-26,0.0
0T480,2027-08-02,0.0
0T480,2027-08-09,0.0
0T480,2027-08-16,0.0
0T480,2027-08-23,0.0
0T480,2027-08-30,0.0
0T480,2027-09-06,0.0
0T480,2027-09-13,0.0
0T480,2027-09-20,0.0
0T480,2027-09-27,0.0
0T480,2027-10-04,0.0
0T480,2027-10-11,0.0
0T480,2027-10-18,0.0
0T480,2027-10-25,0.0
0T480,2027-11-01,0.0
0T480,2027-11-08,0.0
0T480,2027-11-15,0.0
0T480,2027-11-22,0.0
0T480,2027-11-29,0.0
0T480,2027-12-06,0.0
0T480,2027-12-13,0.0
0T480,2027-12-20,0.0
0T870,2025-12-29,0.0
0T870,2026-01-05,0.0
0T870,2026-01-12,0.0
0T870,2026-01-19,0.0
0T870,2026-01-26,0.0
0T870,2026-02-02,0.0
0T870,2026-02-09,0.0
0T870,2026-02-16,0.0
0T870,2026-02-23,0.0
0T870,2026-03-02,0.0
0T870,2026-03-09,0.0
0T870,2026-03-16,0.0
0T870,2026-03-23,0.0
0T870,2026-03-30,0.0
0T870,2026-04-06,0.0
0T870,2026-04-13,0.0
0T870,2026-04-20,0.0
0T870,2026-04-27,0.0
0T870,2026-05-04,0.0
0T870,2026-05-11,0.0
0T870,2026-05-18,0.0
0T870,2026-05-25,0.0
0T870,2026-06-01,0.0
0T870,2026-06-08,0.0
0T870,2026-06-15,0.0
0T870,2026-06-22,0.0
0T870,2026-06-29,0.0
0T870,2026-07-06,0.0
0T870,2026-07-13,0.0
0T870,2026-07-20,0.0
0T870,2026-07-27,0.0
0T870,2026-08-03,0.0
0T870,2026-08-10,0.0
0T870,2026-08-17,0.0
0T870,2026-08-24,0.0
0T870,2026-08-31,0.0
0T870,2026-09-07,0.0
0T870,2026-09-14,0.0
0T870,2026-09-21,0.0
0T870,2026-09-28,0.0
0T870,2026-10-05,0.0
0T870,2026-10-12,0.0
0T870,2026-10-19,0.0
0T870,2026-10-26,0.0
0T870,2026-11-02,0.0
0T870,2026-11-09,0.0
0T870,2026-11-16,0.0
0T870,2026-11-23,0.0
0T870,2026-11-30,0.0
0T870,2026-12-07,0.0
0T870,2026-12-14,0.0
0T870,2026-12-21,0.0
0T870,2026-12-28,0.0
0T870,2027-01-04,0.0
0T870,2027-01-11,0.0
0T870,2027-01-18,0.0
0T870,2027-01-25,0.0
0T870,2027-02-01,0.0
0T870,2027-02-08,0.0
0T870,2027-02-15,0.0
0T870,2027-02-22,0.0
0T870,2027-03-01,0.0
0T870,2027-03-08,0.0
0T870,2027-03-15,0.0
0T870,2027-03-22,0.0
0T870,2027-03-29,0.0
0T870,2027-04-05,0.0
0T870,2027-04-12,0.0
0T870,2027-04-19,0.0
0T870,2027-04-26,0.0
0T870,2027-05-03,0.0
0T870,2027-05-10,0.0
0T870,2027-05-17,0.0
0T870,2027-05-24,0.0
0T870,2027-05-31,0.0
0T870,2027-06-07,0.0
0T870,2027-06-14,0.0
0T870,2027-06-21,0.0
0T870,2027-06-28,0.0
0T870,2027-07-05,0.0
0T870,2027-07-12,0.0
0T870,2027-07-19,0.0
0T870,2027-07-26,0.0
0T870,2027-08-02,0.0
0T870,2027-08-09,0.0
0T870,2027-08-16,0.0
0T870,2027-08-23,0.0
0T870,2027-08-30,0.0
0T870,2027-09-06,0.0
0T870,2027-09-13,0.0
0T870,2027-09-20,0.0
0T870,2027-09-27,0.0
0T870,2027-10-04,0.0
0T870,2027-10-11,0.0
0T870,2027-10-18,0.0
0T870,2027-10-25,0.0
0T870,2027-11-01,0.0
0T870,2027-11-08,0.0
0T870,2027-11-15,0.0
0T870,2027-11-22,0.0
0T870,2027-11-29,0.0
0T870,2027-12-06,0.0
0T870,2027-12-13,0.0
0T870,2027-12-20,0.0
0T500,2025-12-29,0.0
0T500,2026-01-05,0.0
0T500,2026-01-12,0.0
0T500,2026-01-19,0.0
0T500,2026-01-26,0.0
0T500,2026-02-02,0.0
0T500,2026-02-09,0.0
0T500,2026-02-16,0.0
0T500,2026-02-23,0.0
0T500,2026-03-02,0.0
0T500,2026-03-09,0.0
0T500,2026-03-16,0.0
0T500,2026-03-23,0.0
0T500,2026-03-30,0.0
0T500,2026-04-06,0.0
0T500,2026-04-13,0.0
0T500,2026-04-20,0.0
0T500,2026-04-27,0.0
0T500,2026-05-04,0.0
0T500,2026-05-11,0.0
0T500,2026-05-18,0.0
0T500,2026-05-25,0.0
0T500,2026-06-01,0.0
0T500,2026-06-08,0.0
0T500,2026-06-15,0.0
0T500,2026-06-22,0.0
0T500,2026-06-29,0.0
0T500,2026-07-06,0.0
0T500,2026-07-13,0.0
0T500,2026-07-20,0.0
0T500,2026-07-27,0.0
0T500,2026-08-03,0.0
0T500,2026-08-10,0.0
0T500,2026-08-17,0.0
0T500,2026-08-24,0.0
0T500,2026-08-31,0.0
0T500,2026-09-07,0.0
0T500,2026-09-14,0.0
0T500,2026-09-21,0.0
0T500,2026-09-28,0.0
0T500,2026-10-05,0.0
0T500,2026-10-12,0.0
0T500,2026-10-19,0.0
0T500,2026-10-26,0.0
0T500,2026-11-02,0.0
0T500,2026-11-09,0.0
0T500,2026-11-16,0.0
0T500,2026-11-23,0.0
0T500,2026-11-30,0.0
0T500,2026-12-07,0.0
0T500,2026-12-14,0.0
0T500,2026-12-21,0.0
0T500,2026-12-28,0.0
0T500,2027-01-04,0.0
0T500,2027-01-11,0.0
0T500,2027-01-18,0.0
0T500,2027-01-25,0.0
0T500,2027-02-01,0.0
0T500,2027-02-08,0.0
0T500,2027-02-15,0.0
0T500,2027-02-22,0.0
0T500,2027-03-01,0.0
0T500,2027-03-08,0.0
0T500,2027-03-15,0.0
0T500,2027-03-22,0.0
0T500,2027-03-29,0.0
0T500,2027-04-05,0.0
0T500,2027-04-12,0.0
0T500,2027-04-19,0.0
0T500,2027-04-26,0.0
0T500,2027-05-03,0.0
0T500,2027-05-10,0.0
0T500,2027-05-17,0.0
0T500,2027-05-24,0.0
0T500,2027-05-31,0.0
0T500,2027-06-07,0.0
0T500,2027-06-14,0.0
0T500,2027-06-21,0.0
0T500,2027-06-28,0.0
0T500,2027-07-05,0.0
0T500,2027-07-12,0.0
0T500,2027-07-19,0.0
0T500,2027-07-26,0.0
0T500,2027-08-02,0.0
0T500,2027-08-09,0.0
0T500,2027-08-16,0.0
0T500,2027-08-23,0.0
0T500,2027-08-30,0.0
0T500,2027-09-06,0.0
0T500,2027-09-13,0.0
0T500,2027-09-20,0.0
0T500,2027-09-27,0.0
0T500,2027-10-04,0.0
0T500,2027-10-11,0.0
0T500,2027-10-18,0.0
0T500,2027-10-25,0.0
0T500,2027-11-01,0.0
0T500,2027-11-08,0.0
0T500,2027-11-15,0.0
0T500,2027-11-22,0.0
0T500,2027-11-29,0.0
0T500,2027-12-06,0.0
0T500,2027-12-13,0.0
0T500,2027-12-20,0.0
0T510,2025-12-29,0.0
0T510,2026-01-05,0.0
0T510,2026-01-12,0.0
0T510,2026-01-19,0.0
0T510,2026-01-26,0.0
0T510,2026-02-02,0.0
0T510,2026-02-09,0.0
0T510,2026-02-16,0.0
0T510,2026-02-23,0.0
0T510,2026-03-02,0.0
0T510,2026-03-09,0.0
0T510,2026-03-16,0.0
0T510,2026-03-23,0.0
0T510,2026-03-30,0.0
0T510,2026-04-06,0.0
0T510,2026-04-13,0.0
0T510,2026-04-20,0.0
0T510,2026-04-27,0.0
0T510,2026-05-04,0.0
0T510,2026-05-11,0.0
0T510,2026-05-18,0.0
0T510,2026-05-25,0.0
0T510,2026-06-01,0.0
0T510,2026-06-08,0.0
0T510,2026-06-15,0.0
0T510,2026-06-22,0.0
0T510,2026-06-29,0.0
0T510,2026-07-06,0.0
0T510,2026-07-13,0.0
0T510,2026-07-20,0.0
0T510,2026-07-27,0.0
0T510,2026-08-03,0.0
0T510,2026-08-10,0.0
0T510,2026-08-17,0.0
0T510,2026-08-24,0.0
0T510,2026-08-31,0.0
0T510,2026-09-07,0.0
0T510,2026-09-14,0.0
0T510,2026-09-21,0.0
0T510,2026-09-28,0.0
0T510,2026-10-05,0.0
0T510,2026-10-12,0.0
0T510,2026-10-19,0.0
0T510,2026-10-26,0.0
0T510,2026-11-02,0.0
0T510,2026-11-09,0.0
0T510,2026-11-16,0.0
0T510,2026-11-23,0.0
0T510,2026-11-30,0.0
0T510,2026-12-07,0.0
0T510,2026-12-14,0.0
0T510,2026-12-21,0.0
0T510,2026-12-28,0.0
0T510,2027-01-04,0.0
0T510,2027-01-11,0.0
0T510,2027-01-18,0.0
0T510,2027-01-25,0.0
0T510,2027-02-01,0.0
0T510,2027-02-08,0.0
0T510,2027-02-15,0.0
0T510,2027-02-22,0.0
0T510,2027-03-01,0.0
0T510,2027-03-08,0.0
0T510,2027-03-15,0.0
0T510,2027-03-22,0.0
0T510,2027-03-29,0.0
0T510,2027-04-05,0.0
0T510,2027-04-12,0.0
0T510,2027-04-19,0.0
0T510,2027-04-26,0.0
0T510,2027-05-03,0.0
0T510,2027-05-10,0.0
0T510,2027-05-17,0.0
0T510,2027-05-24,0.0
0T510,2027-05-31,0.0
0T510,2027-06-07,0.0
0T510,2027-06-14,0.0
0T510,2027-06-21,0.0
0T510,2027-06-28,0.0
0T510,2027-07-05,0.0
0T510,2027-07-12,0.0
0T510,2027-07-19,0.0
0T510,2027-07-26,0.0
0T510,2027-08-02,0.0
0T510,2027-08-09,0.0
0T510,2027-08-16,0.0
0T510,2027-08-23,0.0
0T510,2027-08-30,0.0
0T510,2027-09-06,0.0
0T510,2027-09-13,0.0
0T510,2027-09-20,0.0
0T510,2027-09-27,0.0
0T510,2027-10-04,0.0
0T510,2027-10-11,0.0
0T510,2027-10-18,0.0
0T510,2027-10-25,0.0
0T510,2027-11-01,0.0
0T510,2027-11-08,0.0
0T510,2027-11-15,0.0
0T510,2027-11-22,0.0
0T510,2027-11-29,0.0
0T510,2027-12-06,0.0
0T510,2027-12-13,0.0
0T510,2027-12-20,0.0
0T520,2025-12-29,0.0
0T520,2026-01-05,0.0
0T520,2026-01-12,0.0
0T520,2026-01-19,0.0
0T520,2026-01-26,0.0
0T520,2026-02-02,0.0
0T520,2026-02-09,0.0
0T520,2026-02-16,0.0
0T520,2026-02-23,0.0
0T520,2026-03-02,0.0
0T520,2026-03-09,0.0
0T520,2026-03-16,0.0
0T520,2026-03-23,0.0
0T520,2026-03-30,0.0
0T520,2026-04-06,0.0
0T520,2026-04-13,0.0
0T520,2026-04-20,0.0
0T520,2026-04-27,0.0
0T520,2026-05-04,0.0
0T520,2026-05-11,0.0
0T520,2026-05-18,0.0
0T520,2026-05-25,0.0
0T520,2026-06-01,0.0
0T520,2026-06-08,0.0
0T520,2026-06-15,0.0
0T520,2026-06-22,0.0
0T520,2026-06-29,0.0
0T520,2026-07-06,0.0
0T520,2026-07-13,0.0
0T520,2026-07-20,0.0
0T520,2026-07-27,0.0
0T520,2026-08-03,0.0
0T520,2026-08-10,0.0
0T520,2026-08-17,0.0
0T520,2026-08-24,0.0
0T520,2026-08-31,0.0
0T520,2026-09-07,0.0
0T520,2026-09-14,0.0
0T520,2026-09-21,0.0
0T520,2026-09-28,0.0
0T520,2026-10-05,0.0
0T520,2026-10-12,0.0
0T520,2026-10-19,0.0
0T520,2026-10-26,0.0
0T520,2026-11-02,0.0
0T520,2026-11-09,0.0
0T520,2026-11-16,0.0
0T520,2026-11-23,0.0
0T520,2026-11-30,0.0
0T520,2026-12-07,0.0
0T520,2026-12-14,0.0
0T520,2026-12-21,0.0
0T520,2026-12-28,0.0
0T520,2027-01-04,0.0
0T520,2027-01-11,0.0
0T520,2027-01-18,0.0
0T520,2027-01-25,0.0
0T520,2027-02-01,0.0
0T520,2027-02-08,0.0
0T520,2027-02-15,0.0
0T520,2027-02-22,0.0
0T520,2027-03-01,0.0
0T520,2027-03-08,0.0
0T520,2027-03-15,0.0
0T520,2027-03-22,0.0
0T520,2027-03-29,0.0
0T520,2027-04-05,0.0
0T520,2027-04-12,0.0
0T520,2027-04-19,0.0
0T520,2027-04-26,0.0
0T520,2027-05-03,0.0
0T520,2027-05-10,0.0
0T520,2027-05-17,0.0
0T520,2027-05-24,0.0
0T520,2027-05-31,0.0
0T520,2027-06-07,0.0
0T520,2027-06-14,0.0
0T520,2027-06-21,0.0
0T520,2027-06-28,0.0
0T520,2027-07-05,0.0
0T520,2027-07-12,0.0
0T520,2027-07-19,0.0
0T520,2027-07-26,0.0
0T520,2027-08-02,0.0
0T520,2027-08-09,0.0
0T520,2027-08-16,0.0
0T520,2027-08-23,0.0
0T520,2027-08-30,0.0
0T520,2027-09-06,0.0
0T520,2027-09-13,0.0
0T520,2027-09-20,0.0
0T520,2027-09-27,0.0
0T520,2027-10-04,0.0
0T520,2027-10-11,0.0
0T520,2027-10-18,0.0
0T520,2027-10-25,0.0
0T520,2027-11-01,0.0
0T520,2027-11-08,0.0
0T520,2027-11-15,0.0
0T520,2027-11-22,0.0
0T520,2027-11-29,0.0
0T520,2027-12-06,0.0
0T520,2027-12-13,0.0
0T520,2027-12-20,0.0
0V250,2025-12-29,0.0
0V250,2026-01-05,0.0
0V250,2026-01-12,0.0
0V250,2026-01-19,0.0
0V250,2026-01-26,0.0
0V250,2026-02-02,0.0
0V250,2026-02-09,0.0
0V250,2026-02-16,0.0
0V250,2026-02-23,0.0
0V250,2026-03-02,0.0
0V250,2026-03-09,0.0
0V250,2026-03-16,0.0
0V250,2026-03-23,0.0
0V250,2026-03-30,0.0
0V250,2026-04-06,0.0
0V250,2026-04-13,0.0
0V250,2026-04-20,0.0
0V250,2026-04-27,0.0
0V250,2026-05-04,0.0
0V250,2026-05-11,0.0
0V250,2026-05-18,0.0
0V250,2026-05-25,0.0
0V250,2026-06-01,0.0
0V250,2026-06-08,0.0
0V250,2026-06-15,0.0
0V250,2026-06-22,0.0
0V250,2026-06-29,0.0
0V250,2026-07-06,0.0
0V250,2026-07-13,0.0
0V250,2026-07-20,0.0
0V250,2026-07-27,0.0
0V250,2026-08-03,0.0
0V250,2026-08-10,0.0
0V250,2026-08-17,0.0
0V250,2026-08-24,0.0
0V250,2026-08-31,0.0
0V250,2026-09-07,0.0
0V250,2026-09-14,0.0
0V250,2026-09-21,0.0
0V250,2026-09-28,0.0
0V250,2026-10-05,0.0
0V250,2026-10-12,0.0
0V250,2026-10-19,0.0
0V250,2026-10-26,0.0
0V250,2026-11-02,0.0
0V250,2026-11-09,0.0
0V250,2026-11-16,0.0
0V250,2026-11-23,0.0
0V250,2026-11-30,0.0
0V250,2026-12-07,0.0
0V250,2026-12-14,0.0
0V250,2026-12-21,0.0
0V250,2026-12-28,0.0
0V250,2027-01-04,0.0
0V250,2027-01-11,0.0
0V250,2027-01-18,0.0
0V250,2027-01-25,0.0
0V250,2027-02-01,0.0
0V250,2027-02-08,0.0
0V250,2027-02-15,0.0
0V250,2027-02-22,0.0
0V250,2027-03-01,0.0
0V250,2027-03-08,0.0
0V250,2027-03-15,0.0
0V250,2027-03-22,0.0
0V250,2027-03-29,0.0
0V250,2027-04-05,0.0
0V250,2027-04-12,0.0
0V250,2027-04-19,0.0
0V250,2027-04-26,0.0
0V250,2027-05-03,0.0
0V250,2027-05-10,0.0
0V250,2027-05-17,0.0
0V250,2027-05-24,0.0
0V250,2027-05-31,0.0
0V250,2027-06-07,0.0
0V250,2027-06-14,0.0
0V250,2027-06-21,0.0
0V250,2027-06-28,0.0
0V250,2027-07-05,0.0
0V250,2027-07-12,0.0
0V250,2027-07-19,0.0
0V250,2027-07-26,0.0
0V250,2027-08-02,0.0
0V250,2027-08-09,0.0
0V250,2027-08-16,0.0
0V250,2027-08-23,0.0
0V250,2027-08-30,0.0
0V250,2027-09-06,0.0
0V250,2027-09-13,0.0
0V250,2027-09-20,0.0
0V250,2027-09-27,0.0
0V250,2027-10-04,0.0
0V250,2027-10-11,0.0
0V250,2027-10-18,0.0
0V250,2027-10-25,0.0
0V250,2027-11-01,0.0
0V250,2027-11-08,0.0
0V250,2027-11-15,0.0
0V250,2027-11-22,0.0
0V250,2027-11-29,0.0
0V250,2027-12-06,0.0
0V250,2027-12-13,0.0
0V250,2027-12-20,0.0
0W780,2025-12-29,0.0
0W780,2026-01-05,0.0
0W780,2026-01-12,0.0
0W780,2026-01-19,0.0
0W780,2026-01-26,0.0
0W780,2026-02-02,0.0
0W780,2026-02-09,0.0
0W780,2026-02-16,0.0
0W780,2026-02-23,0.0
0W780,2026-03-02,0.0
0W780,2026-03-09,0.0
0W780,2026-03-16,0.0
0W780,2026-03-23,0.0
0W780,2026-03-30,0.0
0W780,2026-04-06,0.0
0W780,2026-04-13,0.0
0W780,2026-04-20,0.0
0W780,2026-04-27,0.0
0W780,2026-05-04,0.0
0W780,2026-05-11,0.0
0W780,2026-05-18,0.0
0W780,2026-05-25,0.0
0W780,2026-06-01,0.0
0W780,2026-06-08,0.0
0W780,2026-06-15,0.0
0W780,2026-06-22,0.0
0W780,2026-06-29,0.0
0W780,2026-07-06,0.0
0W780,2026-07-13,0.0
0W780,2026-07-20,0.0
0W780,2026-07-27,0.0
0W780,2026-08-03,0.0
0W780,2026-08-10,0.0
0W780,2026-08-17,0.0
0W780,2026-08-24,0.0
0W780,2026-08-31,0.0
0W780,2026-09-07,0.0
0W780,2026-09-14,0.0
0W780,2026-09-21,0.0
0W780,2026-09-28,0.0
0W780,2026-10-05,0.0
0W780,2026-10-12,0.0
0W780,2026-10-19,0.0
0W780,2026-10-26,0.0
0W780,2026-11-02,0.0
0W780,2026-11-09,0.0
0W780,2026-11-16,0.0
0W780,2026-11-23,0.0
0W780,2026-11-30,0.0
0W780,2026-12-07,0.0
0W780,2026-12-14,0.0
0W780,2026-12-21,0.0
0W780,2026-12-28,0.0
0W780,2027-01-04,0.0
0W780,2027-01-11,0.0
0W780,2027-01-18,0.0
0W780,2027-01-25,0.0
0W780,2027-02-01,0.0
0W780,2027-02-08,0.0
0W780,2027-02-15,0.0
0W780,2027-02-22,0.0
0W780,2027-03-01,0.0
0W780,2027-03-08,0.0
0W780,2027-03-15,0.0
0W780,2027-03-22,0.0
0W780,2027-03-29,0.0
0W780,2027-04-05,0.0
0W780,2027-04-12,0.0
0W780,2027-04-19,0.0
0W780,2027-04-26,0.0
0W780,2027-05-03,0.0
0W780,2027-05-10,0.0
0W780,2027-05-17,0.0
0W780,2027-05-24,0.0
0W780,2027-05-31,0.0
0W780,2027-06-07,0.0
0W780,2027-06-14,0.0
0W780,2027-06-21,0.0
0W780,2027-06-28,0.0
0W780,2027-07-05,0.0
0W780,2027-07-12,0.0
0W780,2027-07-19,0.0
0W780,2027-07-26,0.0
0W780,2027-08-02,0.0
0W780,2027-08-09,0.0
0W780,2027-08-16,0.0
0W780,2027-08-23,0.0
0W780,2027-08-30,0.0
0W780,2027-09-06,0.0
0W780,2027-09-13,0.0
0W780,2027-09-20,0.0
0W780,2027-09-27,0.0
0W780,2027-10-04,0.0
0W780,2027-10-11,0.0
0W780,2027-10-18,0.0
0W780,2027-10-25,0.0
0W780,2027-11-01,0.0
0W780,2027-11-08,0.0
0W780,2027-11-15,0.0
0W780,2027-11-22,0.0
0W780,2027-11-29,0.0
0W780,2027-12-06,0.0
0W780,2027-12-13,0.0
0W780,2027-12-20,0.0
0TA20,2025-12-29,0.0
0TA20,2026-01-05,0.0
0TA20,2026-01-12,0.0
0TA20,2026-01-19,0.0
0TA20,2026-01-26,0.0
0TA20,2026-02-02,0.0
0TA20,2026-02-09,0.0
0TA20,2026-02-16,0.0
0TA20,2026-02-23,0.0
0TA20,2026-03-02,0.0
0TA20,2026-03-09,0.0
0TA20,2026-03-16,0.0
0TA20,2026-03-23,0.0
0TA20,2026-03-30,0.0
0TA20,2026-04-06,0.0
0TA20,2026-04-13,0.0
0TA20,2026-04-20,0.0
0TA20,2026-04-27,0.0
0TA20,2026-05-04,0.0
0TA20,2026-05-11,0.0
0TA20,2026-05-18,0.0
0TA20,2026-05-25,0.0
0TA20,2026-06-01,0.0
0TA20,2026-06-08,0.0
0TA20,2026-06-15,0.0
0TA20,2026-06-22,0.0
0TA20,2026-06-29,0.0
0TA20,2026-07-06,0.0
0TA20,2026-07-13,0.0
0TA20,2026-07-20,0.0
0TA20,2026-07-27,0.0
0TA20,2026-08-03,0.0
0TA20,2026-08-10,0.0
0TA20,2026-08-17,0.0
0TA20,2026-08-24,0.0
0TA20,2026-08-31,0.0
0TA20,2026-09-07,0.0
0TA20,2026-09-14,0.0
0TA20,2026-09-21,0.0
0TA20,2026-09-28,0.0
0TA20,2026-10-05,0.0
0TA20,2026-10-12,0.0
0TA20,2026-10-19,0.0
0TA20,2026-10-26,0.0
0TA20,2026-11-02,0.0
0TA20,2026-11-09,0.0
0TA20,2026-11-16,0.0
0TA20,2026-11-23,0.0
0TA20,2026-11-30,0.0
0TA20,2026-12-07,0.0
0TA20,2026-12-14,0.0
0TA20,2026-12-21,0.0
0TA20,2026-12-28,0.0
0TA20,2027-01-04,0.0
0TA20,2027-01-11,0.0
0TA20,2027-01-18,0.0
0TA20,2027-01-25,0.0
0TA20,2027-02-01,0.0
0TA20,2027-02-08,0.0
0TA20,2027-02-15,0.0
0TA20,2027-02-22,0.0
0TA20,2027-03-01,0.0
0TA20,2027-03-08,0.0
0TA20,2027-03-15,0.0
0TA20,2027-03-22,0.0
0TA20,2027-03-29,0.0
0TA20,2027-04-05,0.0
0TA20,2027-04-12,0.0
0TA20,2027-04-19,0.0
0TA20,2027-04-26,0.0
0TA20,2027-05-03,0.0
0TA20,2027-05-10,0.0
0TA20,2027-05-17,0.0
0TA20,2027-05-24,0.0
0TA20,2027-05-31,0.0
0TA20,2027-06-07,0.0
0TA20,2027-06-14,0.0
0TA20,2027-06-21,0.0
0TA20,2027-06-28,0.0
0TA20,2027-07-05,0.0
0TA20,2027-07-12,0.0
0TA20,2027-07-19,0.0
0TA20,2027-07-26,0.0
0TA20,2027-08-02,0.0
0TA20,2027-08-09,0.0
0TA20,2027-08-16,0.0
0TA20,2027-08-23,0.0
0TA20,2027-08-30,0.0
0TA20,2027-09-06,0.0
0TA20,2027-09-13,0.0
0TA20,2027-09-20,0.0
0TA20,2027-09-27,0.0
0TA20,2027-10-04,0.0
0TA20,2027-10-11,0.0
0TA20,2027-10-18,0.0
0TA20,2027-10-25,0.0
0TA20,2027-11-01,0.0
0TA20,2027-11-08,0.0
0TA20,2027-11-15,0.0
0TA20,2027-11-22,0.0
0TA20,2027-11-29,0.0
0TA20,2027-12-06,0.0
0TA20,2027-12-13,0.0
0TA20,2027-12-20,0.0
0TA30,2025-12-29,0.0
0TA30,2026-01-05,0.0
0TA30,2026-01-12,0.0
0TA30,2026-01-19,0.0
0TA30,2026-01-26,0.0
0TA30,2026-02-02,0.0
0TA30,2026-02-09,0.0
0TA30,2026-02-16,0.0
0TA30,2026-02-23,0.0
0TA30,2026-03-02,0.0
0TA30,2026-03-09,0.0
0TA30,2026-03-16,0.0
0TA30,2026-03-23,0.0
0TA30,2026-03-30,0.0
0TA30,2026-04-06,1176.0
0TA30,2026-04-13,0.0
0TA30,2026-04-20,0.0
0TA30,2026-04-27,0.0
0TA30,2026-05-04,0.0
0TA30,2026-05-11,0.0
0TA30,2026-05-18,1878.0
0TA30,2026-05-25,0.0
0TA30,2026-06-01,0.0
0TA30,2026-06-08,0.0
0TA30,2026-06-15,0.0
0TA30,2026-06-22,0.0
0TA30,2026-06-29,0.0
0TA30,2026-07-06,0.0
0TA30,2026-07-13,0.0
0TA30,2026-07-20,1151.0
0TA30,2026-07-27,0.0
0TA30,2026-08-03,0.0
0TA30,2026-08-10,0.0
0TA30,2026-08-17,0.0
0TA30,2026-08-24,0.0
0TA30,2026-08-31,1176.0
0TA30,2026-09-07,0.0
0TA30,2026-09-14,0.0
0TA30,2026-09-21,0.0
0TA30,2026-09-28,0.0
0TA30,2026-10-05,0.0
0TA30,2026-10-12,0.0
0TA30,2026-10-19,0.0
0TA30,2026-10-26,0.0
0TA30,2026-11-02,0.0
0TA30,2026-11-09,0.0
0TA30,2026-11-16,1176.0
0TA30,2026-11-23,0.0
0TA30,2026-11-30,0.0
0TA30,2026-12-07,0.0
0TA30,2026-12-14,0.0
0TA30,2026-12-21,0.0
0TA30,2026-12-28,0.0
0TA30,2027-01-04,0.0
0TA30,2027-01-11,0.0
0TA30,2027-01-18,0.0
0TA30,2027-01-25,1176.0
0TA30,2027-02-01,0.0
0TA30,2027-02-08,0.0
0TA30,2027-02-15,0.0
0TA30,2027-02-22,1176.0
0TA30,2027-03-01,0.0
0TA30,2027-03-08,0.0
0TA30,2027-03-15,0.0
0TA30,2027-03-22,1176.0
0TA30,2027-03-29,0.0
0TA30,2027-04-05,0.0
0TA30,2027-04-12,0.0
0TA30,2027-04-19,1176.0
0TA30,2027-04-26,1176.0
0TA30,2027-05-03,1176.0
0TA30,2027-05-10,1176.0
0TA30,2027-05-17,0.0
0TA30,2027-05-24,1176.0
0TA30,2027-05-31,0.0
0TA30,2027-06-07,1176.0
0TA30,2027-06-14,0.0
0TA30,2027-06-21,1176.0
0TA30,2027-06-28,1176.0
0TA30,2027-07-05,0.0
0TA30,2027-07-12,1176.0
0TA30,2027-07-19,1176.0
0TA30,2027-07-26,1176.0
0TA30,2027-08-02,1176.0
0TA30,2027-08-09,1176.0
0TA30,2027-08-16,0.0
0TA30,2027-08-23,1176.0
0TA30,2027-08-30,1176.0
0TA30,2027-09-06,0.0
0TA30,2027-09-13,1176.0
0TA30,2027-09-20,1176.0
0TA30,2027-09-27,0.0
0TA30,2027-10-04,1176.0
0TA30,2027-10-11,1176.0
0TA30,2027-10-18,1176.0
0TA30,2027-10-25,1176.0
0TA30,2027-11-01,1176.0
0TA30,2027-11-08,1176.0
0TA30,2027-11-15,1176.0
0TA30,2027-11-22,1176.0
0TA30,2027-11-29,1176.0
0TA30,2027-12-06,1176.0
0TA30,2027-12-13,1176.0
0TA30,2027-12-20,0.0
0TA40,2025-12-29,0.0
0TA40,2026-01-05,1440.0
0TA40,2026-01-12,0.0
0TA40,2026-01-19,0.0
0TA40,2026-01-26,0.0
0TA40,2026-02-02,0.0
0TA40,2026-02-09,1440.0
0TA40,2026-02-16,0.0
0TA40,2026-02-23,0.0
0TA40,2026-03-02,0.0
0TA40,2026-03-09,0.0
0TA40,2026-03-16,0.0
0TA40,2026-03-23,0.0
0TA40,2026-03-30,0.0
0TA40,2026-04-06,0.0
0TA40,2026-04-13,0.0
0TA40,2026-04-20,0.0
0TA40,2026-04-27,0.0
0TA40,2026-05-04,0.0
0TA40,2026-05-11,0.0
0TA40,2026-05-18,0.0
0TA40,2026-05-25,0.0
0TA40,2026-06-01,0.0
0TA40,2026-06-08,0.0
0TA40,2026-06-15,0.0
0TA40,2026-06-22,1440.0
0TA40,2026-06-29,0.0
0TA40,2026-07-06,0.0
0TA40,2026-07-13,0.0
0TA40,2026-07-20,0.0
0TA40,2026-07-27,1440.0
0TA40,2026-08-03,0.0
0TA40,2026-08-10,0.0
0TA40,2026-08-17,0.0
0TA40,2026-08-24,0.0
0TA40,2026-08-31,0.0
0TA40,2026-09-07,0.0
0TA40,2026-09-14,0.0
0TA40,2026-09-21,0.0
0TA40,2026-09-28,0.0
0TA40,2026-10-05,0.0
0TA40,2026-10-12,0.0
0TA40,2026-10-19,0.0
0TA40,2026-10-26,1440.0
0TA40,2026-11-02,0.0
0TA40,2026-11-09,0.0
0TA40,2026-11-16,0.0
0TA40,2026-11-23,0.0
0TA40,2026-11-30,0.0
0TA40,2026-12-07,0.0
0TA40,2026-12-14,0.0
0TA40,2026-12-21,0.0
0TA40,2026-12-28,0.0
0TA40,2027-01-04,0.0
0TA40,2027-01-11,0.0
0TA40,2027-01-18,0.0
0TA40,2027-01-25,1440.0
0TA40,2027-02-01,0.0
0TA40,2027-02-08,0.0
0TA40,2027-02-15,0.0
0TA40,2027-02-22,0.0
0TA40,2027-03-01,0.0
0TA40,2027-03-08,1440.0
0TA40,2027-03-15,0.0
0TA40,2027-03-22,0.0
0TA40,2027-03-29,0.0
0TA40,2027-04-05,1440.0
0TA40,2027-04-12,0.0
0TA40,2027-04-19,0.0
0TA40,2027-04-26,1440.0
0TA40,2027-05-03,0.0
0TA40,2027-05-10,0.0
0TA40,2027-05-17,0.0
0TA40,2027-05-24,1440.0
0TA40,2027-05-31,0.0
0TA40,2027-06-07,0.0
0TA40,2027-06-14,0.0
0TA40,2027-06-21,0.0
0TA40,2027-06-28,0.0
0TA40,2027-07-05,0.0
0TA40,2027-07-12,0.0
0TA40,2027-07-19,0.0
0TA40,2027-07-26,0.0
0TA40,2027-08-02,0.0
0TA40,2027-08-09,0.0
0TA40,2027-08-16,0.0
0TA40,2027-08-23,0.0
0TA40,2027-08-30,0.0
0TA40,2027-09-06,0.0
0TA40,2027-09-13,0.0
0TA40,2027-09-20,0.0
0TA40,2027-09-27,0.0
0TA40,2027-10-04,0.0
0TA40,2027-10-11,0.0
0TA40,2027-10-18,0.0
0TA40,2027-10-25,0.0
0TA40,2027-11-01,0.0
0TA40,2027-11-08,0.0
0TA40,2027-11-15,0.0
0TA40,2027-11-22,0.0
0TA40,2027-11-29,0.0
0TA40,2027-12-06,0.0
0TA40,2027-12-13,0.0
0TA40,2027-12-20,0.0
F2090,2025-12-29,0.0
F2090,2026-01-05,3960.0
F2090,2026-01-12,3960.0
F2090,2026-01-19,7920.0
F2090,2026-01-26,7920.0
F2090,2026-02-02,7920.0
F2090,2026-02-09,0.0
F2090,2026-02-16,0.0
F2090,2026-02-23,0.0
F2090,2026-03-02,15840.0
F2090,2026-03-09,3564.0
F2090,2026-03-16,3960.0
F2090,2026-03-23,0.0
F2090,2026-03-30,4284.0
F2090,2026-04-06,7920.0
F2090,2026-04-13,3960.0
F2090,2026-04-20,7524.0
F2090,2026-04-27,0.0
F2090,2026-05-04,0.0
F2090,2026-05-11,5544.0
F2090,2026-05-18,3960.0
F2090,2026-05-25,6732.0
F2090,2026-06-01,0.0
F2090,2026-06-08,15840.0
F2090,2026-06-15,0.0
F2090,2026-06-22,7920.0
F2090,2026-06-29,5940.0
F2090,2026-07-06,7920.0
F2090,2026-07-13,3960.0
F2090,2026-07-20,5940.0
F2090,2026-07-27,3960.0
F2090,2026-08-03,5940.0
F2090,2026-08-10,0.0
F2090,2026-08-17,0.0
F2090,2026-08-24,5940.0
F2090,2026-08-31,0.0
F2090,2026-09-07,0.0
F2090,2026-09-14,7920.0
F2090,2026-09-21,0.0
F2090,2026-09-28,7920.0
F2090,2026-10-05,0.0
F2090,2026-10-12,0.0
F2090,2026-10-19,7920.0
F2090,2026-10-26,0.0
F2090,2026-11-02,7920.0
F2090,2026-11-09,7920.0
F2090,2026-11-16,7920.0
F2090,2026-11-23,7920.0
F2090,2026-11-30,7920.0
F2090,2026-12-07,0.0
F2090,2026-12-14,0.0
F2090,2026-12-21,0.0
F2090,2026-12-28,0.0
F2090,2027-01-04,0.0
F2090,2027-01-11,7920.0
F2090,2027-01-18,0.0
F2090,2027-01-25,7920.0
F2090,2027-02-01,0.0
F2090,2027-02-08,7920.0
F2090,2027-02-15,0.0
F2090,2027-02-22,0.0
F2090,2027-03-01,7920.0
F2090,2027-03-08,0.0
F2090,2027-03-15,0.0
F2090,2027-03-22,3960.0
F2090,2027-03-29,0.0
F2090,2027-04-05,0.0
F2090,2027-04-12,1980.0
F2090,2027-04-19,0.0
F2090,2027-04-26,0.0
F2090,2027-05-03,0.0
F2090,2027-05-10,0.0
F2090,2027-05-17,0.0
F2090,2027-05-24,0.0
F2090,2027-05-31,0.0
F2090,2027-06-07,0.0
F2090,2027-06-14,0.0
F2090,2027-06-21,0.0
F2090,2027-06-28,0.0
F2090,2027-07-05,0.0
F2090,2027-07-12,0.0
F2090,2027-07-19,0.0
F2090,2027-07-26,0.0
F2090,2027-08-02,0.0
F2090,2027-08-09,0.0
F2090,2027-08-16,0.0
F2090,2027-08-23,0.0
F2090,2027-08-30,0.0
F2090,2027-09-06,0.0
F2090,2027-09-13,0.0
F2090,2027-09-20,0.0
F2090,2027-09-27,0.0
F2090,2027-10-04,0.0
F2090,2027-10-11,0.0
F2090,2027-10-18,0.0
F2090,2027-10-25,0.0
F2090,2027-11-01,0.0
F2090,2027-11-08,0.0
F2090,2027-11-15,0.0
F2090,2027-11-22,0.0
F2090,2027-11-29,0.0
F2090,2027-12-06,0.0
F2090,2027-12-13,0.0
F2090,2027-12-20,0.0
F2100,2025-12-29,0.0
F2100,2026-01-05,0.0
F2100,2026-01-12,0.0
F2100,2026-01-19,0.0
F2100,2026-01-26,0.0
F2100,2026-02-02,0.0
F2100,2026-02-09,0.0
F2100,2026-02-16,0.0
F2100,2026-02-23,0.0
F2100,2026-03-02,0.0
F2100,2026-03-09,0.0
F2100,2026-03-16,0.0
F2100,2026-03-23,0.0
F2100,2026-03-30,0.0
F2100,2026-04-06,0.0
F2100,2026-04-13,0.0
F2100,2026-04-20,0.0
F2100,2026-04-27,0.0
F2100,2026-05-04,0.0
F2100,2026-05-11,0.0
F2100,2026-05-18,0.0
F2100,2026-05-25,0.0
F2100,2026-06-01,0.0
F2100,2026-06-08,0.0
F2100,2026-06-15,0.0
F2100,2026-06-22,0.0
F2100,2026-06-29,0.0
F2100,2026-07-06,0.0
F2100,2026-07-13,0.0
F2100,2026-07-20,0.0
F2100,2026-07-27,0.0
F2100,2026-08-03,0.0
F2100,2026-08-10,0.0
F2100,2026-08-17,0.0
F2100,2026-08-24,0.0
F2100,2026-08-31,0.0
F2100,2026-09-07,0.0
F2100,2026-09-14,0.0
F2100,2026-09-21,0.0
F2100,2026-09-28,0.0
F2100,2026-10-05,0.0
F2100,2026-10-12,0.0
F2100,2026-10-19,0.0
F2100,2026-10-26,0.0
F2100,2026-11-02,0.0
F2100,2026-11-09,0.0
F2100,2026-11-16,0.0
F2100,2026-11-23,0.0
F2100,2026-11-30,0.0
F2100,2026-12-07,0.0
F2100,2026-12-14,0.0
F2100,2026-12-21,0.0
F2100,2026-12-28,0.0
F2100,2027-01-04,0.0
F2100,2027-01-11,0.0
F2100,2027-01-18,0.0
F2100,2027-01-25,0.0
F2100,2027-02-01,0.0
F2100,2027-02-08,0.0
F2100,2027-02-15,0.0
F2100,2027-02-22,0.0
F2100,2027-03-01,0.0
F2100,2027-03-08,0.0
F2100,2027-03-15,0.0
F2100,2027-03-22,0.0
F2100,2027-03-29,0.0
F2100,2027-04-05,0.0
F2100,2027-04-12,0.0
F2100,2027-04-19,0.0
F2100,2027-04-26,0.0
F2100,2027-05-03,0.0
F2100,2027-05-10,0.0
F2100,2027-05-17,0.0
F2100,2027-05-24,0.0
F2100,2027-05-31,0.0
F2100,2027-06-07,0.0
F2100,2027-06-14,0.0
F2100,2027-06-21,0.0
F2100,2027-06-28,0.0
F2100,2027-07-05,0.0
F2100,2027-07-12,0.0
F2100,2027-07-19,0.0
F2100,2027-07-26,0.0
F2100,2027-08-02,0.0
F2100,2027-08-09,0.0
F2100,2027-08-16,0.0
F2100,2027-08-23,0.0
F2100,2027-08-30,0.0
F2100,2027-09-06,0.0
F2100,2027-09-13,0.0
F2100,2027-09-20,0.0
F2100,2027-09-27,0.0
F2100,2027-10-04,0.0
F2100,2027-10-11,0.0
F2100,2027-10-18,0.0
F2100,2027-10-25,0.0
F2100,2027-11-01,0.0
F2100,2027-11-08,0.0
F2100,2027-11-15,0.0
F2100,2027-11-22,0.0
F2100,2027-11-29,0.0
F2100,2027-12-06,0.0
F2100,2027-12-13,0.0
F2100,2027-12-20,0.0
K0030,2025-12-29,0.0
K0030,2026-01-05,2400.0
K0030,2026-01-12,0.0
K0030,2026-01-19,0.0
K0030,2026-01-26,2400.0
K0030,2026-02-02,0.0
K0030,2026-02-09,0.0
K0030,2026-02-16,2400.0
K0030,2026-02-23,0.0
K0030,2026-03-02,2400.0
K0030,2026-03-09,0.0
K0030,2026-03-16,2400.0
K0030,2026-03-23,0.0
K0030,2026-03-30,0.0
K0030,2026-04-06,2400.0
K0030,2026-04-13,2400.0
K0030,2026-04-20,2400.0
K0030,2026-04-27,0.0
K0030,2026-05-04,0.0
K0030,2026-05-11,2400.0
K0030,2026-05-18,0.0
K0030,2026-05-25,2400.0
K0030,2026-06-01,0.0
K0030,2026-06-08,0.0
K0030,2026-06-15,0.0
K0030,2026-06-22,0.0
K0030,2026-06-29,0.0
K0030,2026-07-06,0.0
K0030,2026-07-13,0.0
K0030,2026-07-20,2400.0
K0030,2026-07-27,0.0
K0030,2026-08-03,0.0
K0030,2026-08-10,2400.0
K0030,2026-08-17,0.0
K0030,2026-08-24,0.0
K0030,2026-08-31,2400.0
K0030,2026-09-07,0.0
K0030,2026-09-14,2400.0
K0030,2026-09-21,0.0
K0030,2026-09-28,0.0
K0030,2026-10-05,2400.0
K0030,2026-10-12,0.0
K0030,2026-10-19,0.0
K0030,2026-10-26,0.0
K0030,2026-11-02,2400.0
K0030,2026-11-09,0.0
K0030,2026-11-16,0.0
K0030,2026-11-23,0.0
K0030,2026-11-30,2400.0
K0030,2026-12-07,0.0
K0030,2026-12-14,0.0
K0030,2026-12-21,0.0
K0030,2026-12-28,0.0
K0030,2027-01-04,0.0
K0030,2027-01-11,0.0
K0030,2027-01-18,960.0
K0030,2027-01-25,0.0
K0030,2027-02-01,0.0
K0030,2027-02-08,0.0
K0030,2027-02-15,0.0
K0030,2027-02-22,0.0
K0030,2027-03-01,0.0
K0030,2027-03-08,0.0
K0030,2027-03-15,0.0
K0030,2027-03-22,0.0
K0030,2027-03-29,0.0
K0030,2027-04-05,0.0
K0030,2027-04-12,0.0
K0030,2027-04-19,0.0
K0030,2027-04-26,0.0
K0030,2027-05-03,0.0
K0030,2027-05-10,0.0
K0030,2027-05-17,0.0
K0030,2027-05-24,0.0
K0030,2027-05-31,0.0
K0030,2027-06-07,0.0
K0030,2027-06-14,0.0
K0030,2027-06-21,0.0
K0030,2027-06-28,0.0
K0030,2027-07-05,0.0
K0030,2027-07-12,0.0
K0030,2027-07-19,0.0
K0030,2027-07-26,0.0
K0030,2027-08-02,0.0
K0030,2027-08-09,0.0
K0030,2027-08-16,0.0
K0030,2027-08-23,0.0
K0030,2027-08-30,0.0
K0030,2027-09-06,0.0
K0030,2027-09-13,0.0
K0030,2027-09-20,0.0
K0030,2027-09-27,0.0
K0030,2027-10-04,0.0
K0030,2027-10-11,0.0
K0030,2027-10-18,0.0
K0030,2027-10-25,0.0
K0030,2027-11-01,0.0
K0030,2027-11-08,0.0
K0030,2027-11-15,0.0
K0030,2027-11-22,0.0
K0030,2027-11-29,0.0
K0030,2027-12-06,0.0
K0030,2027-12-13,0.0
K0030,2027-12-20,0.0
K0050,2025-12-29,0.0
K0050,2026-01-05,0.0
K0050,2026-01-12,2420.0
K0050,2026-01-19,2420.0
K0050,2026-01-26,13552.0
K0050,2026-02-02,12584.0
K0050,2026-02-09,9680.0
K0050,2026-02-16,9680.0
K0050,2026-02-23,9680.0
K0050,2026-03-02,12584.0
K0050,2026-03-09,14520.0
K0050,2026-03-16,14520.0
K0050,2026-03-23,14520.0
K0050,2026-03-30,14520.0
K0050,2026-04-06,9680.0
K0050,2026-04-13,9680.0
K0050,2026-04-20,10648.0
K0050,2026-04-27,0.0
K0050,2026-05-04,0.0
K0050,2026-05-11,15972.0
K0050,2026-05-18,16940.0
K0050,2026-05-25,7260.0
K0050,2026-06-01,9680.0
K0050,2026-06-08,9680.0
K0050,2026-06-15,0.0
K0050,2026-06-22,11616.0
K0050,2026-06-29,7744.0
K0050,2026-07-06,14520.0
K0050,2026-07-13,9680.0
K0050,2026-07-20,0.0
K0050,2026-07-27,4840.0
K0050,2026-08-03,9680.0
K0050,2026-08-10,9680.0
K0050,2026-08-17,9680.0
K0050,2026-08-24,9680.0
K0050,2026-08-31,9680.0
K0050,2026-09-07,9680.0
K0050,2026-09-14,9680.0
K0050,2026-09-21,9680.0
K0050,2026-09-28,9680.0
K0050,2026-10-05,9680.0
K0050,2026-10-12,9680.0
K0050,2026-10-19,9680.0
K0050,2026-10-26,9680.0
K0050,2026-11-02,14520.0
K0050,2026-11-09,14520.0
K0050,2026-11-16,14520.0
K0050,2026-11-23,14520.0
K0050,2026-11-30,9680.0
K0050,2026-12-07,9680.0
K0050,2026-12-14,4840.0
K0050,2026-12-21,0.0
K0050,2026-12-28,0.0
K0050,2027-01-04,9680.0
K0050,2027-01-11,9680.0
K0050,2027-01-18,9680.0
K0050,2027-01-25,9680.0
K0050,2027-02-01,9680.0
K0050,2027-02-08,9680.0
K0050,2027-02-15,9680.0
K0050,2027-02-22,9680.0
K0050,2027-03-01,9680.0
K0050,2027-03-08,0.0
K0050,2027-03-15,9680.0
K0050,2027-03-22,0.0
K0050,2027-03-29,4840.0
K0050,2027-04-05,4840.0
K0050,2027-04-12,4840.0
K0050,2027-04-19,4840.0
K0050,2027-04-26,0.0
K0050,2027-05-03,4840.0
K0050,2027-05-10,4840.0
K0050,2027-05-17,4840.0
K0050,2027-05-24,4840.0
K0050,2027-05-31,2904.0
K0050,2027-06-07,0.0
K0050,2027-06-14,0.0
K0050,2027-06-21,0.0
K0050,2027-06-28,0.0
K0050,2027-07-05,0.0
K0050,2027-07-12,0.0
K0050,2027-07-19,0.0
K0050,2027-07-26,0.0
K0050,2027-08-02,0.0
K0050,2027-08-09,0.0
K0050,2027-08-16,0.0
K0050,2027-08-23,0.0
K0050,2027-08-30,0.0
K0050,2027-09-06,0.0
K0050,2027-09-13,0.0
K0050,2027-09-20,0.0
K0050,2027-09-27,0.0
K0050,2027-10-04,0.0
K0050,2027-10-11,0.0
K0050,2027-10-18,0.0
K0050,2027-10-25,0.0
K0050,2027-11-01,0.0
K0050,2027-11-08,0.0
K0050,2027-11-15,0.0
K0050,2027-11-22,0.0
K0050,2027-11-29,0.0
K0050,2027-12-06,0.0
K0050,2027-12-13,0.0
K0050,2027-12-20,0.0
0Q110,2025-12-29,0.0
0Q110,2026-01-05,0.0
0Q110,2026-01-12,0.0
0Q110,2026-01-19,0.0
0Q110,2026-01-26,0.0
0Q110,2026-02-02,0.0
0Q110,2026-02-09,0.0
0Q110,2026-02-16,0.0
0Q110,2026-02-23,0.0
0Q110,2026-03-02,0.0
0Q110,2026-03-09,0.0
0Q110,2026-03-16,0.0
0Q110,2026-03-23,0.0
0Q110,2026-03-30,0.0
0Q110,2026-04-06,0.0
0Q110,2026-04-13,0.0
0Q110,2026-04-20,0.0
0Q110,2026-04-27,0.0
0Q110,2026-05-04,0.0
0Q110,2026-05-11,0.0
0Q110,2026-05-18,0.0
0Q110,2026-05-25,0.0
0Q110,2026-06-01,0.0
0Q110,2026-06-08,0.0
0Q110,2026-06-15,0.0
0Q110,2026-06-22,0.0
0Q110,2026-06-29,0.0
0Q110,2026-07-06,0.0
0Q110,2026-07-13,0.0
0Q110,2026-07-20,0.0
0Q110,2026-07-27,0.0
0Q110,2026-08-03,0.0
0Q110,2026-08-10,0.0
0Q110,2026-08-17,0.0
0Q110,2026-08-24,0.0
0Q110,2026-08-31,0.0
0Q110,2026-09-07,0.0
0Q110,2026-09-14,0.0
0Q110,2026-09-21,0.0
0Q110,2026-09-28,0.0
0Q110,2026-10-05,0.0
0Q110,2026-10-12,0.0
0Q110,2026-10-19,0.0
0Q110,2026-10-26,0.0
0Q110,2026-11-02,0.0
0Q110,2026-11-09,0.0
0Q110,2026-11-16,0.0
0Q110,2026-11-23,0.0
0Q110,2026-11-30,0.0
0Q110,2026-12-07,0.0
0Q110,2026-12-14,0.0
0Q110,2026-12-21,0.0
0Q110,2026-12-28,0.0
0Q110,2027-01-04,0.0
0Q110,2027-01-11,0.0
0Q110,2027-01-18,0.0
0Q110,2027-01-25,0.0
0Q110,2027-02-01,0.0
0Q110,2027-02-08,0.0
0Q110,2027-02-15,0.0
0Q110,2027-02-22,0.0
0Q110,2027-03-01,0.0
0Q110,2027-03-08,0.0
0Q110,2027-03-15,0.0
0Q110,2027-03-22,0.0
0Q110,2027-03-29,0.0
0Q110,2027-04-05,0.0
0Q110,2027-04-12,0.0
0Q110,2027-04-19,0.0
0Q110,2027-04-26,0.0
0Q110,2027-05-03,0.0
0Q110,2027-05-10,0.0
0Q110,2027-05-17,0.0
0Q110,2027-05-24,0.0
0Q110,2027-05-31,0.0
0Q110,2027-06-07,0.0
0Q110,2027-06-14,0.0
0Q110,2027-06-21,0.0
0Q110,2027-06-28,0.0
0Q110,2027-07-05,0.0
0Q110,2027-07-12,0.0
0Q110,2027-07-19,0.0
0Q110,2027-07-26,0.0
0Q110,2027-08-02,0.0
0Q110,2027-08-09,0.0
0Q110,2027-08-16,0.0
0Q110,2027-08-23,0.0
0Q110,2027-08-30,0.0
0Q110,2027-09-06,0.0
0Q110,2027-09-13,0.0
0Q110,2027-09-20,0.0
0Q110,2027-09-27,0.0
0Q110,2027-10-04,0.0
0Q110,2027-10-11,0.0
0Q110,2027-10-18,0.0
0Q110,2027-10-25,0.0
0Q110,2027-11-01,0.0
0Q110,2027-11-08,0.0
0Q110,2027-11-15,0.0
0Q110,2027-11-22,0.0
0Q110,2027-11-29,0.0
0Q110,2027-12-06,0.0
0Q110,2027-12-13,0.0
0Q110,2027-12-20,0.0
0Q120,2025-12-29,0.0
0Q120,2026-01-05,0.0
0Q120,2026-01-12,0.0
0Q120,2026-01-19,0.0
0Q120,2026-01-26,0.0
0Q120,2026-02-02,0.0
0Q120,2026-02-09,0.0
0Q120,2026-02-16,0.0
0Q120,2026-02-23,0.0
0Q120,2026-03-02,0.0
0Q120,2026-03-09,0.0
0Q120,2026-03-16,0.0
0Q120,2026-03-23,0.0
0Q120,2026-03-30,0.0
0Q120,2026-04-06,0.0
0Q120,2026-04-13,0.0
0Q120,2026-04-20,0.0
0Q120,2026-04-27,0.0
0Q120,2026-05-04,0.0
0Q120,2026-05-11,0.0
0Q120,2026-05-18,0.0
0Q120,2026-05-25,0.0
0Q120,2026-06-01,0.0
0Q120,2026-06-08,0.0
0Q120,2026-06-15,0.0
0Q120,2026-06-22,0.0
0Q120,2026-06-29,0.0
0Q120,2026-07-06,0.0
0Q120,2026-07-13,0.0
0Q120,2026-07-20,0.0
0Q120,2026-07-27,0.0
0Q120,2026-08-03,0.0
0Q120,2026-08-10,0.0
0Q120,2026-08-17,0.0
0Q120,2026-08-24,0.0
0Q120,2026-08-31,0.0
0Q120,2026-09-07,0.0
0Q120,2026-09-14,0.0
0Q120,2026-09-21,0.0
0Q120,2026-09-28,0.0
0Q120,2026-10-05,0.0
0Q120,2026-10-12,0.0
0Q120,2026-10-19,0.0
0Q120,2026-10-26,0.0
0Q120,2026-11-02,0.0
0Q120,2026-11-09,0.0
0Q120,2026-11-16,0.0
0Q120,2026-11-23,0.0
0Q120,2026-11-30,0.0
0Q120,2026-12-07,0.0
0Q120,2026-12-14,0.0
0Q120,2026-12-21,0.0
0Q120,2026-12-28,0.0
0Q120,2027-01-04,0.0
0Q120,2027-01-11,0.0
0Q120,2027-01-18,0.0
0Q120,2027-01-25,0.0
0Q120,2027-02-01,0.0
0Q120,2027-02-08,0.0
0Q120,2027-02-15,0.0
0Q120,2027-02-22,0.0
0Q120,2027-03-01,0.0
0Q120,2027-03-08,0.0
0Q120,2027-03-15,0.0
0Q120,2027-03-22,0.0
0Q120,2027-03-29,0.0
0Q120,2027-04-05,0.0
0Q120,2027-04-12,0.0
0Q120,2027-04-19,0.0
0Q120,2027-04-26,0.0
0Q120,2027-05-03,0.0
0Q120,2027-05-10,0.0
0Q120,2027-05-17,0.0
0Q120,2027-05-24,0.0
0Q120,2027-05-31,0.0
0Q120,2027-06-07,0.0
0Q120,2027-06-14,0.0
0Q120,2027-06-21,0.0
0Q120,2027-06-28,0.0
0Q120,2027-07-05,0.0
0Q120,2027-07-12,0.0
0Q120,2027-07-19,0.0
0Q120,2027-07-26,0.0
0Q120,2027-08-02,0.0
0Q120,2027-08-09,0.0
0Q120,2027-08-16,0.0
0Q120,2027-08-23,0.0
0Q120,2027-08-30,0.0
0Q120,2027-09-06,0.0
0Q120,2027-09-13,0.0
0Q120,2027-09-20,0.0
0Q120,2027-09-27,0.0
0Q120,2027-10-04,0.0
0Q120,2027-10-11,0.0
0Q120,2027-10-18,0.0
0Q120,2027-10-25,0.0
0Q120,2027-11-01,0.0
0Q120,2027-11-08,0.0
0Q120,2027-11-15,0.0
0Q120,2027-11-22,0.0
0Q120,2027-11-29,0.0
0Q120,2027-12-06,0.0
0Q120,2027-12-13,0.0
0Q120,2027-12-20,0.0
0T690,2025-12-29,0.0
0T690,2026-01-05,0.0
0T690,2026-01-12,0.0
0T690,2026-01-19,0.0
0T690,2026-01-26,0.0
0T690,2026-02-02,0.0
0T690,2026-02-09,0.0
0T690,2026-02-16,0.0
0T690,2026-02-23,0.0
0T690,2026-03-02,0.0
0T690,2026-03-09,0.0
0T690,2026-03-16,0.0
0T690,2026-03-23,0.0
0T690,2026-03-30,0.0
0T690,2026-04-06,0.0
0T690,2026-04-13,0.0
0T690,2026-04-20,0.0
0T690,2026-04-27,0.0
0T690,2026-05-04,0.0
0T690,2026-05-11,0.0
0T690,2026-05-18,0.0
0T690,2026-05-25,0.0
0T690,2026-06-01,0.0
0T690,2026-06-08,0.0
0T690,2026-06-15,0.0
0T690,2026-06-22,0.0
0T690,2026-06-29,0.0
0T690,2026-07-06,0.0
0T690,2026-07-13,0.0
0T690,2026-07-20,0.0
0T690,2026-07-27,0.0
0T690,2026-08-03,0.0
0T690,2026-08-10,0.0
0T690,2026-08-17,0.0
0T690,2026-08-24,0.0
0T690,2026-08-31,0.0
0T690,2026-09-07,0.0
0T690,2026-09-14,0.0
0T690,2026-09-21,0.0
0T690,2026-09-28,0.0
0T690,2026-10-05,0.0
0T690,2026-10-12,0.0
0T690,2026-10-19,0.0
0T690,2026-10-26,0.0
0T690,2026-11-02,0.0
0T690,2026-11-09,0.0
0T690,2026-11-16,0.0
0T690,2026-11-23,0.0
0T690,2026-11-30,0.0
0T690,2026-12-07,0.0
0T690,2026-12-14,0.0
0T690,2026-12-21,0.0
0T690,2026-12-28,0.0
0T690,2027-01-04,0.0
0T690,2027-01-11,0.0
0T690,2027-01-18,0.0
0T690,2027-01-25,0.0
0T690,2027-02-01,0.0
0T690,2027-02-08,0.0
0T690,2027-02-15,0.0
0T690,2027-02-22,0.0
0T690,2027-03-01,0.0
0T690,2027-03-08,0.0
0T690,2027-03-15,0.0
0T690,2027-03-22,0.0
0T690,2027-03-29,0.0
0T690,2027-04-05,0.0
0T690,2027-04-12,0.0
0T690,2027-04-19,0.0
0T690,2027-04-26,0.0
0T690,2027-05-03,0.0
0T690,2027-05-10,0.0
0T690,2027-05-17,0.0
0T690,2027-05-24,0.0
0T690,2027-05-31,0.0
0T690,2027-06-07,0.0
0T690,2027-06-14,0.0
0T690,2027-06-21,0.0
0T690,2027-06-28,0.0
0T690,2027-07-05,0.0
0T690,2027-07-12,0.0
0T690,2027-07-19,0.0
0T690,2027-07-26,0.0
0T690,2027-08-02,0.0
0T690,2027-08-09,0.0
0T690,2027-08-16,0.0
0T690,2027-08-23,0.0
0T690,2027-08-30,0.0
0T690,2027-09-06,0.0
0T690,2027-09-13,0.0
0T690,2027-09-20,0.0
0T690,2027-09-27,0.0
0T690,2027-10-04,0.0
0T690,2027-10-11,0.0
0T690,2027-10-18,0.0
0T690,2027-10-25,0.0
0T690,2027-11-01,0.0
0T690,2027-11-08,0.0
0T690,2027-11-15,0.0
0T690,2027-11-22,0.0
0T690,2027-11-29,0.0
0T690,2027-12-06,0.0
0T690,2027-12-13,0.0
0T690,2027-12-20,0.0
0T720,2025-12-29,0.0
0T720,2026-01-05,0.0
0T720,2026-01-12,0.0
0T720,2026-01-19,0.0
0T720,2026-01-26,0.0
0T720,2026-02-02,0.0
0T720,2026-02-09,0.0
0T720,2026-02-16,0.0
0T720,2026-02-23,0.0
0T720,2026-03-02,0.0
0T720,2026-03-09,0.0
0T720,2026-03-16,0.0
0T720,2026-03-23,0.0
0T720,2026-03-30,0.0
0T720,2026-04-06,0.0
0T720,2026-04-13,0.0
0T720,2026-04-20,0.0
0T720,2026-04-27,0.0
0T720,2026-05-04,0.0
0T720,2026-05-11,0.0
0T720,2026-05-18,0.0
0T720,2026-05-25,0.0
0T720,2026-06-01,0.0
0T720,2026-06-08,0.0
0T720,2026-06-15,0.0
0T720,2026-06-22,0.0
0T720,2026-06-29,0.0
0T720,2026-07-06,0.0
0T720,2026-07-13,0.0
0T720,2026-07-20,0.0
0T720,2026-07-27,0.0
0T720,2026-08-03,0.0
0T720,2026-08-10,0.0
0T720,2026-08-17,0.0
0T720,2026-08-24,0.0
0T720,2026-08-31,0.0
0T720,2026-09-07,0.0
0T720,2026-09-14,0.0
0T720,2026-09-21,0.0
0T720,2026-09-28,0.0
0T720,2026-10-05,0.0
0T720,2026-10-12,0.0
0T720,2026-10-19,0.0
0T720,2026-10-26,0.0
0T720,2026-11-02,0.0
0T720,2026-11-09,0.0
0T720,2026-11-16,0.0
0T720,2026-11-23,0.0
0T720,2026-11-30,0.0
0T720,2026-12-07,0.0
0T720,2026-12-14,0.0
0T720,2026-12-21,0.0
0T720,2026-12-28,0.0
0T720,2027-01-04,0.0
0T720,2027-01-11,0.0
0T720,2027-01-18,0.0
0T720,2027-01-25,0.0
0T720,2027-02-01,0.0
0T720,2027-02-08,0.0
0T720,2027-02-15,0.0
0T720,2027-02-22,0.0
0T720,2027-03-01,0.0
0T720,2027-03-08,0.0
0T720,2027-03-15,0.0
0T720,2027-03-22,0.0
0T720,2027-03-29,0.0
0T720,2027-04-05,0.0
0T720,2027-04-12,0.0
0T720,2027-04-19,0.0
0T720,2027-04-26,0.0
0T720,2027-05-03,0.0
0T720,2027-05-10,0.0
0T720,2027-05-17,0.0
0T720,2027-05-24,0.0
0T720,2027-05-31,0.0
0T720,2027-06-07,0.0
0T720,2027-06-14,0.0
0T720,2027-06-21,0.0
0T720,2027-06-28,0.0
0T720,2027-07-05,0.0
0T720,2027-07-12,0.0
0T720,2027-07-19,0.0
0T720,2027-07-26,0.0
0T720,2027-08-02,0.0
0T720,2027-08-09,0.0
0T720,2027-08-16,0.0
0T720,2027-08-23,0.0
0T720,2027-08-30,0.0
0T720,2027-09-06,0.0
0T720,2027-09-13,0.0
0T720,2027-09-20,0.0
0T720,2027-09-27,0.0
0T720,2027-10-04,0.0
0T720,2027-10-11,0.0
0T720,2027-10-18,0.0
0T720,2027-10-25,0.0
0T720,2027-11-01,0.0
0T720,2027-11-08,0.0
0T720,2027-11-15,0.0
0T720,2027-11-22,0.0
0T720,2027-11-29,0.0
0T720,2027-12-06,0.0
0T720,2027-12-13,0.0
0T720,2027-12-20,0.0
0T730,2025-12-29,0.0
0T730,2026-01-05,0.0
0T730,2026-01-12,0.0
0T730,2026-01-19,0.0
0T730,2026-01-26,0.0
0T730,2026-02-02,0.0
0T730,2026-02-09,0.0
0T730,2026-02-16,0.0
0T730,2026-02-23,0.0
0T730,2026-03-02,0.0
0T730,2026-03-09,0.0
0T730,2026-03-16,0.0
0T730,2026-03-23,0.0
0T730,2026-03-30,0.0
0T730,2026-04-06,0.0
0T730,2026-04-13,0.0
0T730,2026-04-20,0.0
0T730,2026-04-27,0.0
0T730,2026-05-04,0.0
0T730,2026-05-11,0.0
0T730,2026-05-18,0.0
0T730,2026-05-25,0.0
0T730,2026-06-01,0.0
0T730,2026-06-08,0.0
0T730,2026-06-15,0.0
0T730,2026-06-22,0.0
0T730,2026-06-29,0.0
0T730,2026-07-06,0.0
0T730,2026-07-13,0.0
0T730,2026-07-20,0.0
0T730,2026-07-27,0.0
0T730,2026-08-03,0.0
0T730,2026-08-10,0.0
0T730,2026-08-17,0.0
0T730,2026-08-24,0.0
0T730,2026-08-31,0.0
0T730,2026-09-07,0.0
0T730,2026-09-14,0.0
0T730,2026-09-21,0.0
0T730,2026-09-28,0.0
0T730,2026-10-05,0.0
0T730,2026-10-12,0.0
0T730,2026-10-19,0.0
0T730,2026-10-26,0.0
0T730,2026-11-02,0.0
0T730,2026-11-09,0.0
0T730,2026-11-16,0.0
0T730,2026-11-23,0.0
0T730,2026-11-30,0.0
0T730,2026-12-07,0.0
0T730,2026-12-14,0.0
0T730,2026-12-21,0.0
0T730,2026-12-28,0.0
0T730,2027-01-04,0.0
0T730,2027-01-11,0.0
0T730,2027-01-18,0.0
0T730,2027-01-25,0.0
0T730,2027-02-01,0.0
0T730,2027-02-08,0.0
0T730,2027-02-15,0.0
0T730,2027-02-22,0.0
0T730,2027-03-01,0.0
0T730,2027-03-08,0.0
0T730,2027-03-15,0.0
0T730,2027-03-22,0.0
0T730,2027-03-29,0.0
0T730,2027-04-05,0.0
0T730,2027-04-12,0.0
0T730,2027-04-19,0.0
0T730,2027-04-26,0.0
0T730,2027-05-03,0.0
0T730,2027-05-10,0.0
0T730,2027-05-17,0.0
0T730,2027-05-24,0.0
0T730,2027-05-31,0.0
0T730,2027-06-07,0.0
0T730,2027-06-14,0.0
0T730,2027-06-21,0.0
0T730,2027-06-28,0.0
0T730,2027-07-05,0.0
0T730,2027-07-12,0.0
0T730,2027-07-19,0.0
0T730,2027-07-26,0.0
0T730,2027-08-02,0.0
0T730,2027-08-09,0.0
0T730,2027-08-16,0.0
0T730,2027-08-23,0.0
0T730,2027-08-30,0.0
0T730,2027-09-06,0.0
0T730,2027-09-13,0.0
0T730,2027-09-20,0.0
0T730,2027-09-27,0.0
0T730,2027-10-04,0.0
0T730,2027-10-11,0.0
0T730,2027-10-18,0.0
0T730,2027-10-25,0.0
0T730,2027-11-01,0.0
0T730,2027-11-08,0.0
0T730,2027-11-15,0.0
0T730,2027-11-22,0.0
0T730,2027-11-29,0.0
0T730,2027-12-06,0.0
0T730,2027-12-13,0.0
0T730,2027-12-20,0.0
0T740,2025-12-29,0.0
0T740,2026-01-05,0.0
0T740,2026-01-12,0.0
0T740,2026-01-19,0.0
0T740,2026-01-26,0.0
0T740,2026-02-02,0.0
0T740,2026-02-09,0.0
0T740,2026-02-16,0.0
0T740,2026-02-23,0.0
0T740,2026-03-02,0.0
0T740,2026-03-09,0.0
0T740,2026-03-16,0.0
0T740,2026-03-23,0.0
0T740,2026-03-30,0.0
0T740,2026-04-06,0.0
0T740,2026-04-13,0.0
0T740,2026-04-20,0.0
0T740,2026-04-27,0.0
0T740,2026-05-04,0.0
0T740,2026-05-11,0.0
0T740,2026-05-18,0.0
0T740,2026-05-25,0.0
0T740,2026-06-01,0.0
0T740,2026-06-08,0.0
0T740,2026-06-15,0.0
0T740,2026-06-22,0.0
0T740,2026-06-29,0.0
0T740,2026-07-06,0.0
0T740,2026-07-13,0.0
0T740,2026-07-20,0.0
0T740,2026-07-27,0.0
0T740,2026-08-03,0.0
0T740,2026-08-10,0.0
0T740,2026-08-17,0.0
0T740,2026-08-24,0.0
0T740,2026-08-31,0.0
0T740,2026-09-07,0.0
0T740,2026-09-14,0.0
0T740,2026-09-21,0.0
0T740,2026-09-28,0.0
0T740,2026-10-05,0.0
0T740,2026-10-12,0.0
0T740,2026-10-19,0.0
0T740,2026-10-26,0.0
0T740,2026-11-02,0.0
0T740,2026-11-09,0.0
0T740,2026-11-16,0.0
0T740,2026-11-23,0.0
0T740,2026-11-30,0.0
0T740,2026-12-07,0.0
0T740,2026-12-14,0.0
0T740,2026-12-21,0.0
0T740,2026-12-28,0.0
0T740,2027-01-04,0.0
0T740,2027-01-11,0.0
0T740,2027-01-18,0.0
0T740,2027-01-25,0.0
0T740,2027-02-01,0.0
0T740,2027-02-08,0.0
0T740,2027-02-15,0.0
0T740,2027-02-22,0.0
0T740,2027-03-01,0.0
0T740,2027-03-08,0.0
0T740,2027-03-15,0.0
0T740,2027-03-22,0.0
0T740,2027-03-29,0.0
0T740,2027-04-05,0.0
0T740,2027-04-12,0.0
0T740,2027-04-19,0.0
0T740,2027-04-26,0.0
0T740,2027-05-03,0.0
0T740,2027-05-10,0.0
0T740,2027-05-17,0.0
0T740,2027-05-24,0.0
0T740,2027-05-31,0.0
0T740,2027-06-07,0.0
0T740,2027-06-14,0.0
0T740,2027-06-21,0.0
0T740,2027-06-28,0.0
0T740,2027-07-05,0.0
0T740,2027-07-12,0.0
0T740,2027-07-19,0.0
0T740,2027-07-26,0.0
0T740,2027-08-02,0.0
0T740,2027-08-09,0.0
0T740,2027-08-16,0.0
0T740,2027-08-23,0.0
0T740,2027-08-30,0.0
0T740,2027-09-06,0.0
0T740,2027-09-13,0.0
0T740,2027-09-20,0.0
0T740,2027-09-27,0.0
0T740,2027-10-04,0.0
0T740,2027-10-11,0.0
0T740,2027-10-18,0.0
0T740,2027-10-25,0.0
0T740,2027-11-01,0.0
0T740,2027-11-08,0.0
0T740,2027-11-15,0.0
0T740,2027-11-22,0.0
0T740,2027-11-29,0.0
0T740,2027-12-06,0.0
0T740,2027-12-13,0.0
0T740,2027-12-20,0.0
0T750,2025-12-29,0.0
0T750,2026-01-05,1440.0
0T750,2026-01-12,0.0
0T750,2026-01-19,1440.0
0T750,2026-01-26,0.0
0T750,2026-02-02,1440.0
0T750,2026-02-09,0.0
0T750,2026-02-16,0.0
0T750,2026-02-23,0.0
0T750,2026-03-02,0.0
0T750,2026-03-09,1440.0
0T750,2026-03-16,1440.0
0T750,2026-03-23,0.0
0T750,2026-03-30,0.0
0T750,2026-04-06,0.0
0T750,2026-04-13,0.0
0T750,2026-04-20,1440.0
0T750,2026-04-27,0.0
0T750,2026-05-04,0.0
0T750,2026-05-11,0.0
0T750,2026-05-18,0.0
0T750,2026-05-25,0.0
0T750,2026-06-01,1440.0
0T750,2026-06-08,0.0
0T750,2026-06-15,0.0
0T750,2026-06-22,0.0
0T750,2026-06-29,0.0
0T750,2026-07-06,0.0
0T750,2026-07-13,1440.0
0T750,2026-07-20,0.0
0T750,2026-07-27,0.0
0T750,2026-08-03,0.0
0T750,2026-08-10,0.0
0T750,2026-08-17,0.0
0T750,2026-08-24,0.0
0T750,2026-08-31,0.0
0T750,2026-09-07,0.0
0T750,2026-09-14,1440.0
0T750,2026-09-21,0.0
0T750,2026-09-28,0.0
0T750,2026-10-05,0.0
0T750,2026-10-12,0.0
0T750,2026-10-19,0.0
0T750,2026-10-26,1400.0
0T750,2026-11-02,0.0
0T750,2026-11-09,0.0
0T750,2026-11-16,0.0
0T750,2026-11-23,0.0
0T750,2026-11-30,0.0
0T750,2026-12-07,0.0
0T750,2026-12-14,0.0
0T750,2026-12-21,0.0
0T750,2026-12-28,0.0
0T750,2027-01-04,0.0
0T750,2027-01-11,0.0
0T750,2027-01-18,0.0
0T750,2027-01-25,0.0
0T750,2027-02-01,0.0
0T750,2027-02-08,0.0
0T750,2027-02-15,0.0
0T750,2027-02-22,0.0
0T750,2027-03-01,0.0
0T750,2027-03-08,0.0
0T750,2027-03-15,0.0
0T750,2027-03-22,0.0
0T750,2027-03-29,0.0
0T750,2027-04-05,0.0
0T750,2027-04-12,0.0
0T750,2027-04-19,0.0
0T750,2027-04-26,0.0
0T750,2027-05-03,0.0
0T750,2027-05-10,0.0
0T750,2027-05-17,0.0
0T750,2027-05-24,0.0
0T750,2027-05-31,0.0
0T750,2027-06-07,0.0
0T750,2027-06-14,0.0
0T750,2027-06-21,0.0
0T750,2027-06-28,0.0
0T750,2027-07-05,0.0
0T750,2027-07-12,0.0
0T750,2027-07-19,0.0
0T750,2027-07-26,0.0
0T750,2027-08-02,0.0
0T750,2027-08-09,0.0
0T750,2027-08-16,0.0
0T750,2027-08-23,0.0
0T750,2027-08-30,0.0
0T750,2027-09-06,0.0
0T750,2027-09-13,0.0
0T750,2027-09-20,0.0
0T750,2027-09-27,0.0
0T750,2027-10-04,0.0
0T750,2027-10-11,0.0
0T750,2027-10-18,0.0
0T750,2027-10-25,0.0
0T750,2027-11-01,0.0
0T750,2027-11-08,0.0
0T750,2027-11-15,0.0
0T750,2027-11-22,0.0
0T750,2027-11-29,0.0
0T750,2027-12-06,0.0
0T750,2027-12-13,0.0
0T750,2027-12-20,0.0
F2180,2025-12-29,0.0
F2180,2026-01-05,0.0
F2180,2026-01-12,0.0
F2180,2026-01-19,0.0
F2180,2026-01-26,0.0
F2180,2026-02-02,0.0
F2180,2026-02-09,0.0
F2180,2026-02-16,0.0
F2180,2026-02-23,0.0
F2180,2026-03-02,0.0
F2180,2026-03-09,0.0
F2180,2026-03-16,0.0
F2180,2026-03-23,0.0
F2180,2026-03-30,0.0
F2180,2026-04-06,0.0
F2180,2026-04-13,0.0
F2180,2026-04-20,0.0
F2180,2026-04-27,0.0
F2180,2026-05-04,0.0
F2180,2026-05-11,0.0
F2180,2026-05-18,0.0
F2180,2026-05-25,0.0
F2180,2026-06-01,0.0
F2180,2026-06-08,0.0
F2180,2026-06-15,0.0
F2180,2026-06-22,0.0
F2180,2026-06-29,0.0
F2180,2026-07-06,0.0
F2180,2026-07-13,0.0
F2180,2026-07-20,0.0
F2180,2026-07-27,0.0
F2180,2026-08-03,0.0
F2180,2026-08-10,0.0
F2180,2026-08-17,0.0
F2180,2026-08-24,0.0
F2180,2026-08-31,0.0
F2180,2026-09-07,0.0
F2180,2026-09-14,0.0
F2180,2026-09-21,0.0
F2180,2026-09-28,0.0
F2180,2026-10-05,0.0
F2180,2026-10-12,0.0
F2180,2026-10-19,0.0
F2180,2026-10-26,0.0
F2180,2026-11-02,0.0
F2180,2026-11-09,0.0
F2180,2026-11-16,0.0
F2180,2026-11-23,0.0
F2180,2026-11-30,0.0
F2180,2026-12-07,0.0
F2180,2026-12-14,0.0
F2180,2026-12-21,0.0
F2180,2026-12-28,0.0
F2180,2027-01-04,0.0
F2180,2027-01-11,0.0
F2180,2027-01-18,0.0
F2180,2027-01-25,0.0
F2180,2027-02-01,0.0
F2180,2027-02-08,0.0
F2180,2027-02-15,0.0
F2180,2027-02-22,0.0
F2180,2027-03-01,0.0
F2180,2027-03-08,0.0
F2180,2027-03-15,0.0
F2180,2027-03-22,0.0
F2180,2027-03-29,0.0
F2180,2027-04-05,0.0
F2180,2027-04-12,0.0
F2180,2027-04-19,0.0
F2180,2027-04-26,0.0
F2180,2027-05-03,0.0
F2180,2027-05-10,0.0
F2180,2027-05-17,0.0
F2180,2027-05-24,0.0
F2180,2027-05-31,0.0
F2180,2027-06-07,0.0
F2180,2027-06-14,0.0
F2180,2027-06-21,0.0
F2180,2027-06-28,0.0
F2180,2027-07-05,0.0
F2180,2027-07-12,0.0
F2180,2027-07-19,0.0
F2180,2027-07-26,0.0
F2180,2027-08-02,0.0
F2180,2027-08-09,0.0
F2180,2027-08-16,0.0
F2180,2027-08-23,0.0
F2180,2027-08-30,0.0
F2180,2027-09-06,0.0
F2180,2027-09-13,0.0
F2180,2027-09-20,0.0
F2180,2027-09-27,0.0
F2180,2027-10-04,0.0
F2180,2027-10-11,0.0
F2180,2027-10-18,0.0
F2180,2027-10-25,0.0
F2180,2027-11-01,0.0
F2180,2027-11-08,0.0
F2180,2027-11-15,0.0
F2180,2027-11-22,0.0
F2180,2027-11-29,0.0
F2180,2027-12-06,0.0
F2180,2027-12-13,0.0
F2180,2027-12-20,0.0
F2210,2025-12-29,0.0
F2210,2026-01-05,0.0
F2210,2026-01-12,0.0
F2210,2026-01-19,0.0
F2210,2026-01-26,0.0
F2210,2026-02-02,0.0
F2210,2026-02-09,0.0
F2210,2026-02-16,0.0
F2210,2026-02-23,0.0
F2210,2026-03-02,0.0
F2210,2026-03-09,0.0
F2210,2026-03-16,0.0
F2210,2026-03-23,0.0
F2210,2026-03-30,0.0
F2210,2026-04-06,0.0
F2210,2026-04-13,0.0
F2210,2026-04-20,0.0
F2210,2026-04-27,0.0
F2210,2026-05-04,0.0
F2210,2026-05-11,0.0
F2210,2026-05-18,0.0
F2210,2026-05-25,0.0
F2210,2026-06-01,0.0
F2210,2026-06-08,0.0
F2210,2026-06-15,0.0
F2210,2026-06-22,0.0
F2210,2026-06-29,0.0
F2210,2026-07-06,0.0
F2210,2026-07-13,0.0
F2210,2026-07-20,0.0
F2210,2026-07-27,0.0
F2210,2026-08-03,0.0
F2210,2026-08-10,0.0
F2210,2026-08-17,0.0
F2210,2026-08-24,0.0
F2210,2026-08-31,0.0
F2210,2026-09-07,0.0
F2210,2026-09-14,0.0
F2210,2026-09-21,0.0
F2210,2026-09-28,0.0
F2210,2026-10-05,0.0
F2210,2026-10-12,0.0
F2210,2026-10-19,0.0
F2210,2026-10-26,0.0
F2210,2026-11-02,0.0
F2210,2026-11-09,0.0
F2210,2026-11-16,0.0
F2210,2026-11-23,0.0
F2210,2026-11-30,0.0
F2210,2026-12-07,0.0
F2210,2026-12-14,0.0
F2210,2026-12-21,0.0
F2210,2026-12-28,0.0
F2210,2027-01-04,0.0
F2210,2027-01-11,0.0
F2210,2027-01-18,0.0
F2210,2027-01-25,0.0
F2210,2027-02-01,0.0
F2210,2027-02-08,0.0
F2210,2027-02-15,0.0
F2210,2027-02-22,0.0
F2210,2027-03-01,0.0
F2210,2027-03-08,0.0
F2210,2027-03-15,0.0
F2210,2027-03-22,0.0
F2210,2027-03-29,0.0
F2210,2027-04-05,0.0
F2210,2027-04-12,0.0
F2210,2027-04-19,0.0
F2210,2027-04-26,0.0
F2210,2027-05-03,0.0
F2210,2027-05-10,0.0
F2210,2027-05-17,0.0
F2210,2027-05-24,0.0
F2210,2027-05-31,0.0
F2210,2027-06-07,0.0
F2210,2027-06-14,0.0
F2210,2027-06-21,0.0
F2210,2027-06-28,0.0
F2210,2027-07-05,0.0
F2210,2027-07-12,0.0
F2210,2027-07-19,0.0
F2210,2027-07-26,0.0
F2210,2027-08-02,0.0
F2210,2027-08-09,0.0
F2210,2027-08-16,0.0
F2210,2027-08-23,0.0
F2210,2027-08-30,0.0
F2210,2027-09-06,0.0
F2210,2027-09-13,0.0
F2210,2027-09-20,0.0
F2210,2027-09-27,0.0
F2210,2027-10-04,0.0
F2210,2027-10-11,0.0
F2210,2027-10-18,0.0
F2210,2027-10-25,0.0
F2210,2027-11-01,0.0
F2210,2027-11-08,0.0
F2210,2027-11-15,0.0
F2210,2027-11-22,0.0
F2210,2027-11-29,0.0
F2210,2027-12-06,0.0
F2210,2027-12-13,0.0
F2210,2027-12-20,0.0
0W770,2025-12-29,0.0
0W770,2026-01-05,0.0
0W770,2026-01-12,0.0
0W770,2026-01-19,0.0
0W770,2026-01-26,0.0
0W770,2026-02-02,0.0
0W770,2026-02-09,0.0
0W770,2026-02-16,0.0
0W770,2026-02-23,0.0
0W770,2026-03-02,0.0
0W770,2026-03-09,0.0
0W770,2026-03-16,0.0
0W770,2026-03-23,0.0
0W770,2026-03-30,0.0
0W770,2026-04-06,0.0
0W770,2026-04-13,0.0
0W770,2026-04-20,0.0
0W770,2026-04-27,0.0
0W770,2026-05-04,0.0
0W770,2026-05-11,0.0
0W770,2026-05-18,0.0
0W770,2026-05-25,0.0
0W770,2026-06-01,0.0
0W770,2026-06-08,0.0
0W770,2026-06-15,0.0
0W770,2026-06-22,0.0
0W770,2026-06-29,0.0
0W770,2026-07-06,0.0
0W770,2026-07-13,0.0
0W770,2026-07-20,0.0
0W770,2026-07-27,0.0
0W770,2026-08-03,0.0
0W770,2026-08-10,0.0
0W770,2026-08-17,0.0
0W770,2026-08-24,0.0
0W770,2026-08-31,0.0
0W770,2026-09-07,0.0
0W770,2026-09-14,0.0
0W770,2026-09-21,0.0
0W770,2026-09-28,0.0
0W770,2026-10-05,0.0
0W770,2026-10-12,0.0
0W770,2026-10-19,0.0
0W770,2026-10-26,0.0
0W770,2026-11-02,0.0
0W770,2026-11-09,0.0
0W770,2026-11-16,0.0
0W770,2026-11-23,0.0
0W770,2026-11-30,0.0
0W770,2026-12-07,0.0
0W770,2026-12-14,0.0
0W770,2026-12-21,0.0
0W770,2026-12-28,0.0
0W770,2027-01-04,0.0
0W770,2027-01-11,0.0
0W770,2027-01-18,0.0
0W770,2027-01-25,0.0
0W770,2027-02-01,0.0
0W770,2027-02-08,0.0
0W770,2027-02-15,0.0
0W770,2027-02-22,0.0
0W770,2027-03-01,0.0
0W770,2027-03-08,0.0
0W770,2027-03-15,0.0
0W770,2027-03-22,0.0
0W770,2027-03-29,0.0
0W770,2027-04-05,0.0
0W770,2027-04-12,0.0
0W770,2027-04-19,0.0
0W770,2027-04-26,0.0
0W770,2027-05-03,0.0
0W770,2027-05-10,0.0
0W770,2027-05-17,0.0
0W770,2027-05-24,0.0
0W770,2027-05-31,0.0
0W770,2027-06-07,0.0
0W770,2027-06-14,0.0
0W770,2027-06-21,0.0
0W770,2027-06-28,0.0
0W770,2027-07-05,0.0
0W770,2027-07-12,0.0
0W770,2027-07-19,0.0
0W770,2027-07-26,0.0
0W770,2027-08-02,0.0
0W770,2027-08-09,0.0
0W770,2027-08-16,0.0
0W770,2027-08-23,0.0
0W770,2027-08-30,0.0
0W770,2027-09-06,0.0
0W770,2027-09-13,0.0
0W770,2027-09-20,0.0
0W770,2027-09-27,0.0
0W770,2027-10-04,0.0
0W770,2027-10-11,0.0
0W770,2027-10-18,0.0
0W770,2027-10-25,0.0
0W770,2027-11-01,0.0
0W770,2027-11-08,0.0
0W770,2027-11-15,0.0
0W770,2027-11-22,0.0
0W770,2027-11-29,0.0
0W770,2027-12-06,0.0
0W770,2027-12-13,0.0
0W770,2027-12-20,0.0
0W750,2025-12-29,0.0
0W750,2026-01-05,0.0
0W750,2026-01-12,0.0
0W750,2026-01-19,0.0
0W750,2026-01-26,0.0
0W750,2026-02-02,0.0
0W750,2026-02-09,0.0
0W750,2026-02-16,0.0
0W750,2026-02-23,0.0
0W750,2026-03-02,0.0
0W750,2026-03-09,0.0
0W750,2026-03-16,0.0
0W750,2026-03-23,0.0
0W750,2026-03-30,0.0
0W750,2026-04-06,0.0
0W750,2026-04-13,0.0
0W750,2026-04-20,0.0
0W750,2026-04-27,0.0
0W750,2026-05-04,0.0
0W750,2026-05-11,0.0
0W750,2026-05-18,0.0
0W750,2026-05-25,0.0
0W750,2026-06-01,0.0
0W750,2026-06-08,0.0
0W750,2026-06-15,0.0
0W750,2026-06-22,0.0
0W750,2026-06-29,0.0
0W750,2026-07-06,0.0
0W750,2026-07-13,0.0
0W750,2026-07-20,0.0
0W750,2026-07-27,0.0
0W750,2026-08-03,0.0
0W750,2026-08-10,0.0
0W750,2026-08-17,0.0
0W750,2026-08-24,0.0
0W750,2026-08-31,0.0
0W750,2026-09-07,0.0
0W750,2026-09-14,0.0
0W750,2026-09-21,0.0
0W750,2026-09-28,0.0
0W750,2026-10-05,0.0
0W750,2026-10-12,0.0
0W750,2026-10-19,0.0
0W750,2026-10-26,0.0
0W750,2026-11-02,0.0
0W750,2026-11-09,0.0
0W750,2026-11-16,0.0
0W750,2026-11-23,0.0
0W750,2026-11-30,0.0
0W750,2026-12-07,0.0
0W750,2026-12-14,0.0
0W750,2026-12-21,0.0
0W750,2026-12-28,0.0
0W750,2027-01-04,0.0
0W750,2027-01-11,0.0
0W750,2027-01-18,0.0
0W750,2027-01-25,0.0
0W750,2027-02-01,0.0
0W750,2027-02-08,0.0
0W750,2027-02-15,0.0
0W750,2027-02-22,0.0
0W750,2027-03-01,0.0
0W750,2027-03-08,0.0
0W750,2027-03-15,0.0
0W750,2027-03-22,0.0
0W750,2027-03-29,0.0
0W750,2027-04-05,0.0
0W750,2027-04-12,0.0
0W750,2027-04-19,0.0
0W750,2027-04-26,0.0
0W750,2027-05-03,0.0
0W750,2027-05-10,0.0
0W750,2027-05-17,0.0
0W750,2027-05-24,0.0
0W750,2027-05-31,0.0
0W750,2027-06-07,0.0
0W750,2027-06-14,0.0
0W750,2027-06-21,0.0
0W750,2027-06-28,0.0
0W750,2027-07-05,0.0
0W750,2027-07-12,0.0
0W750,2027-07-19,0.0
0W750,2027-07-26,0.0
0W750,2027-08-02,0.0
0W750,2027-08-09,0.0
0W750,2027-08-16,0.0
0W750,2027-08-23,0.0
0W750,2027-08-30,0.0
0W750,2027-09-06,0.0
0W750,2027-09-13,0.0
0W750,2027-09-20,0.0
0W750,2027-09-27,0.0
0W750,2027-10-04,0.0
0W750,2027-10-11,0.0
0W750,2027-10-18,0.0
0W750,2027-10-25,0.0
0W750,2027-11-01,0.0
0W750,2027-11-08,0.0
0W750,2027-11-15,0.0
0W750,2027-11-22,0.0
0W750,2027-11-29,0.0
0W750,2027-12-06,0.0
0W750,2027-12-13,0.0
0W750,2027-12-20,0.0
F3060,2025-12-29,0.0
F3060,2026-01-05,11520.0
F3060,2026-01-12,11520.0
F3060,2026-01-19,11520.0
F3060,2026-01-26,11520.0
F3060,2026-02-02,11520.0
F3060,2026-02-09,11520.0
F3060,2026-02-16,11520.0
F3060,2026-02-23,11520.0
F3060,2026-03-02,11520.0
F3060,2026-03-09,11520.0
F3060,2026-03-16,5760.0
F3060,2026-03-23,11520.0
F3060,2026-03-30,11520.0
F3060,2026-04-06,11520.0
F3060,2026-04-13,11520.0
F3060,2026-04-20,11520.0
F3060,2026-04-27,0.0
F3060,2026-05-04,11520.0
F3060,2026-05-11,11520.0
F3060,2026-05-18,11520.0
F3060,2026-05-25,11520.0
F3060,2026-06-01,11520.0
F3060,2026-06-08,0.0
F3060,2026-06-15,0.0
F3060,2026-06-22,5760.0
F3060,2026-06-29,5760.0
F3060,2026-07-06,0.0
F3060,2026-07-13,11520.0
F3060,2026-07-20,11520.0
F3060,2026-07-27,11520.0
F3060,2026-08-03,5760.0
F3060,2026-08-10,11520.0
F3060,2026-08-17,11520.0
F3060,2026-08-24,11520.0
F3060,2026-08-31,11520.0
F3060,2026-09-07,11520.0
F3060,2026-09-14,11520.0
F3060,2026-09-21,5760.0
F3060,2026-09-28,5760.0
F3060,2026-10-05,11520.0
F3060,2026-10-12,11520.0
F3060,2026-10-19,5760.0
F3060,2026-10-26,11520.0
F3060,2026-11-02,11520.0
F3060,2026-11-09,17280.0
F3060,2026-11-16,17280.0
F3060,2026-11-23,11520.0
F3060,2026-11-30,11520.0
F3060,2026-12-07,11520.0
F3060,2026-12-14,5760.0
F3060,2026-12-21,0.0
F3060,2026-12-28,0.0
F3060,2027-01-04,5760.0
F3060,2027-01-11,11520.0
F3060,2027-01-18,11520.0
F3060,2027-01-25,11520.0
F3060,2027-02-01,5760.0
F3060,2027-02-08,11520.0
F3060,2027-02-15,5760.0
F3060,2027-02-22,5760.0
F3060,2027-03-01,5760.0
F3060,2027-03-08,11520.0
F3060,2027-03-15,5760.0
F3060,2027-03-22,5760.0
F3060,2027-03-29,5760.0
F3060,2027-04-05,0.0
F3060,2027-04-12,5760.0
F3060,2027-04-19,5760.0
F3060,2027-04-26,5760.0
F3060,2027-05-03,0.0
F3060,2027-05-10,5760.0
F3060,2027-05-17,4320.0
F3060,2027-05-24,0.0
F3060,2027-05-31,0.0
F3060,2027-06-07,5280.0
F3060,2027-06-14,0.0
F3060,2027-06-21,0.0
F3060,2027-06-28,0.0
F3060,2027-07-05,0.0
F3060,2027-07-12,0.0
F3060,2027-07-19,0.0
F3060,2027-07-26,0.0
F3060,2027-08-02,0.0
F3060,2027-08-09,0.0
F3060,2027-08-16,0.0
F3060,2027-08-23,0.0
F3060,2027-08-30,0.0
F3060,2027-09-06,0.0
F3060,2027-09-13,0.0
F3060,2027-09-20,0.0
F3060,2027-09-27,0.0
F3060,2027-10-04,0.0
F3060,2027-10-11,0.0
F3060,2027-10-18,0.0
F3060,2027-10-25,0.0
F3060,2027-11-01,0.0
F3060,2027-11-08,0.0
F3060,2027-11-15,0.0
F3060,2027-11-22,0.0
F3060,2027-11-29,0.0
F3060,2027-12-06,0.0
F3060,2027-12-13,0.0
F3060,2027-12-20,0.0
0T860,2025-12-29,0.0
0T860,2026-01-05,5760.0
0T860,2026-01-12,8640.0
0T860,2026-01-19,8640.0
0T860,2026-01-26,8640.0
0T860,2026-02-02,4320.0
0T860,2026-02-09,0.0
0T860,2026-02-16,3360.0
0T860,2026-02-23,7360.0
0T860,2026-03-02,0.0
0T860,2026-03-09,8640.0
0T860,2026-03-16,4320.0
0T860,2026-03-23,4320.0
0T860,2026-03-30,4320.0
0T860,2026-04-06,4320.0
0T860,2026-04-13,4320.0
0T860,2026-04-20,4320.0
0T860,2026-04-27,0.0
0T860,2026-05-04,4320.0
0T860,2026-05-11,0.0
0T860,2026-05-18,4320.0
0T860,2026-05-25,4320.0
0T860,2026-06-01,8640.0
0T860,2026-06-08,4320.0
0T860,2026-06-15,0.0
0T860,2026-06-22,2880.0
0T860,2026-06-29,4320.0
0T860,2026-07-06,4320.0
0T860,2026-07-13,0.0
0T860,2026-07-20,0.0
0T860,2026-07-27,2880.0
0T860,2026-08-03,4320.0
0T860,2026-08-10,4320.0
0T860,2026-08-17,4320.0
0T860,2026-08-24,4320.0
0T860,2026-08-31,4320.0
0T860,2026-09-07,4320.0
0T860,2026-09-14,0.0
0T860,2026-09-21,4320.0
0T860,2026-09-28,4320.0
0T860,2026-10-05,4320.0
0T860,2026-10-12,4320.0
0T860,2026-10-19,4320.0
0T860,2026-10-26,2880.0
0T860,2026-11-02,4320.0
0T860,2026-11-09,4320.0
0T860,2026-11-16,4320.0
0T860,2026-11-23,4320.0
0T860,2026-11-30,4320.0
0T860,2026-12-07,4320.0
0T860,2026-12-14,0.0
0T860,2026-12-21,0.0
0T860,2026-12-28,0.0
0T860,2027-01-04,0.0
0T860,2027-01-11,4320.0
0T860,2027-01-18,4320.0
0T860,2027-01-25,4320.0
0T860,2027-02-01,4320.0
0T860,2027-02-08,4320.0
0T860,2027-02-15,0.0
0T860,2027-02-22,4320.0
0T860,2027-03-01,0.0
0T860,2027-03-08,4320.0
0T860,2027-03-15,0.0
0T860,2027-03-22,4320.0
0T860,2027-03-29,0.0
0T860,2027-04-05,0.0
0T860,2027-04-12,0.0
0T860,2027-04-19,0.0
0T860,2027-04-26,0.0
0T860,2027-05-03,0.0
0T860,2027-05-10,0.0
0T860,2027-05-17,0.0
0T860,2027-05-24,0.0
0T860,2027-05-31,0.0
0T860,2027-06-07,0.0
0T860,2027-06-14,0.0
0T860,2027-06-21,0.0
0T860,2027-06-28,0.0
0T860,2027-07-05,0.0
0T860,2027-07-12,0.0
0T860,2027-07-19,0.0
0T860,2027-07-26,0.0
0T860,2027-08-02,0.0
0T860,2027-08-09,0.0
0T860,2027-08-16,0.0
0T860,2027-08-23,0.0
0T860,2027-08-30,0.0
0T860,2027-09-06,0.0
0T860,2027-09-13,0.0
0T860,2027-09-20,0.0
0T860,2027-09-27,0.0
0T860,2027-10-04,0.0
0T860,2027-10-11,0.0
0T860,2027-10-18,0.0
0T860,2027-10-25,0.0
0T860,2027-11-01,0.0
0T860,2027-11-08,0.0
0T860,2027-11-15,0.0
0T860,2027-11-22,0.0
0T860,2027-11-29,0.0
0T860,2027-12-06,0.0
0T860,2027-12-13,0.0
0T860,2027-12-20,0.0
0T880,2025-12-29,0.0
0T880,2026-01-05,0.0
0T880,2026-01-12,0.0
0T880,2026-01-19,0.0
0T880,2026-01-26,0.0
0T880,2026-02-02,0.0
0T880,2026-02-09,0.0
0T880,2026-02-16,0.0
0T880,2026-02-23,0.0
0T880,2026-03-02,0.0
0T880,2026-03-09,0.0
0T880,2026-03-16,0.0
0T880,2026-03-23,0.0
0T880,2026-03-30,0.0
0T880,2026-04-06,0.0
0T880,2026-04-13,0.0
0T880,2026-04-20,0.0
0T880,2026-04-27,0.0
0T880,2026-05-04,0.0
0T880,2026-05-11,0.0
0T880,2026-05-18,0.0
0T880,2026-05-25,0.0
0T880,2026-06-01,0.0
0T880,2026-06-08,0.0
0T880,2026-06-15,0.0
0T880,2026-06-22,0.0
0T880,2026-06-29,0.0
0T880,2026-07-06,0.0
0T880,2026-07-13,0.0
0T880,2026-07-20,0.0
0T880,2026-07-27,0.0
0T880,2026-08-03,0.0
0T880,2026-08-10,0.0
0T880,2026-08-17,0.0
0T880,2026-08-24,0.0
0T880,2026-08-31,0.0
0T880,2026-09-07,0.0
0T880,2026-09-14,0.0
0T880,2026-09-21,0.0
0T880,2026-09-28,0.0
0T880,2026-10-05,0.0
0T880,2026-10-12,0.0
0T880,2026-10-19,0.0
0T880,2026-10-26,0.0
0T880,2026-11-02,0.0
0T880,2026-11-09,0.0
0T880,2026-11-16,0.0
0T880,2026-11-23,0.0
0T880,2026-11-30,0.0
0T880,2026-12-07,0.0
0T880,2026-12-14,0.0
0T880,2026-12-21,0.0
0T880,2026-12-28,0.0
0T880,2027-01-04,0.0
0T880,2027-01-11,0.0
0T880,2027-01-18,0.0
0T880,2027-01-25,0.0
0T880,2027-02-01,0.0
0T880,2027-02-08,0.0
0T880,2027-02-15,0.0
0T880,2027-02-22,0.0
0T880,2027-03-01,0.0
0T880,2027-03-08,0.0
0T880,2027-03-15,0.0
0T880,2027-03-22,0.0
0T880,2027-03-29,0.0
0T880,2027-04-05,0.0
0T880,2027-04-12,0.0
0T880,2027-04-19,0.0
0T880,2027-04-26,0.0
0T880,2027-05-03,0.0
0T880,2027-05-10,0.0
0T880,2027-05-17,0.0
0T880,2027-05-24,0.0
0T880,2027-05-31,0.0
0T880,2027-06-07,0.0
0T880,2027-06-14,0.0
0T880,2027-06-21,0.0
0T880,2027-06-28,0.0
0T880,2027-07-05,0.0
0T880,2027-07-12,0.0
0T880,2027-07-19,0.0
0T880,2027-07-26,0.0
0T880,2027-08-02,0.0
0T880,2027-08-09,0.0
0T880,2027-08-16,0.0
0T880,2027-08-23,0.0
0T880,2027-08-30,0.0
0T880,2027-09-06,0.0
0T880,2027-09-13,0.0
0T880,2027-09-20,0.0
0T880,2027-09-27,0.0
0T880,2027-10-04,0.0
0T880,2027-10-11,0.0
0T880,2027-10-18,0.0
0T880,2027-10-25,0.0
0T880,2027-11-01,0.0
0T880,2027-11-08,0.0
0T880,2027-11-15,0.0
0T880,2027-11-22,0.0
0T880,2027-11-29,0.0
0T880,2027-12-06,0.0
0T880,2027-12-13,0.0
0T880,2027-12-20,0.0
F2350,2025-12-29,0.0
F2350,2026-01-05,0.0
F2350,2026-01-12,0.0
F2350,2026-01-19,0.0
F2350,2026-01-26,0.0
F2350,2026-02-02,0.0
F2350,2026-02-09,0.0
F2350,2026-02-16,0.0
F2350,2026-02-23,0.0
F2350,2026-03-02,0.0
F2350,2026-03-09,0.0
F2350,2026-03-16,0.0
F2350,2026-03-23,3240.0
F2350,2026-03-30,0.0
F2350,2026-04-06,0.0
F2350,2026-04-13,0.0
F2350,2026-04-20,0.0
F2350,2026-04-27,0.0
F2350,2026-05-04,0.0
F2350,2026-05-11,3240.0
F2350,2026-05-18,1620.0
F2350,2026-05-25,0.0
F2350,2026-06-01,0.0
F2350,2026-06-08,0.0
F2350,2026-06-15,0.0
F2350,2026-06-22,0.0
F2350,2026-06-29,3240.0
F2350,2026-07-06,0.0
F2350,2026-07-13,0.0
F2350,2026-07-20,3240.0
F2350,2026-07-27,0.0
F2350,2026-08-03,0.0
F2350,2026-08-10,0.0
F2350,2026-08-17,3240.0
F2350,2026-08-24,0.0
F2350,2026-08-31,0.0
F2350,2026-09-07,0.0
F2350,2026-09-14,0.0
F2350,2026-09-21,3240.0
F2350,2026-09-28,0.0
F2350,2026-10-05,0.0
F2350,2026-10-12,0.0
F2350,2026-10-19,0.0
F2350,2026-10-26,3240.0
F2350,2026-11-02,3240.0
F2350,2026-11-09,0.0
F2350,2026-11-16,0.0
F2350,2026-11-23,3240.0
F2350,2026-11-30,0.0
F2350,2026-12-07,3240.0
F2350,2026-12-14,0.0
F2350,2026-12-21,0.0
F2350,2026-12-28,0.0
F2350,2027-01-04,0.0
F2350,2027-01-11,3240.0
F2350,2027-01-18,0.0
F2350,2027-01-25,0.0
F2350,2027-02-01,0.0
F2350,2027-02-08,0.0
F2350,2027-02-15,0.0
F2350,2027-02-22,3240.0
F2350,2027-03-01,0.0
F2350,2027-03-08,0.0
F2350,2027-03-15,1620.0
F2350,2027-03-22,0.0
F2350,2027-03-29,0.0
F2350,2027-04-05,0.0
F2350,2027-04-12,1080.0
F2350,2027-04-19,0.0
F2350,2027-04-26,0.0
F2350,2027-05-03,0.0
F2350,2027-05-10,0.0
F2350,2027-05-17,0.0
F2350,2027-05-24,0.0
F2350,2027-05-31,0.0
F2350,2027-06-07,0.0
F2350,2027-06-14,0.0
F2350,2027-06-21,0.0
F2350,2027-06-28,0.0
F2350,2027-07-05,0.0
F2350,2027-07-12,0.0
F2350,2027-07-19,0.0
F2350,2027-07-26,0.0
F2350,2027-08-02,0.0
F2350,2027-08-09,0.0
F2350,2027-08-16,0.0
F2350,2027-08-23,0.0
F2350,2027-08-30,0.0
F2350,2027-09-06,0.0
F2350,2027-09-13,0.0
F2350,2027-09-20,0.0
F2350,2027-09-27,0.0
F2350,2027-10-04,0.0
F2350,2027-10-11,0.0
F2350,2027-10-18,0.0
F2350,2027-10-25,0.0
F2350,2027-11-01,0.0
F2350,2027-11-08,0.0
F2350,2027-11-15,0.0
F2350,2027-11-22,0.0
F2350,2027-11-29,0.0
F2350,2027-12-06,0.0
F2350,2027-12-13,0.0
F2350,2027-12-20,0.0
F2290,2025-12-29,0.0
F2290,2026-01-05,0.0
F2290,2026-01-12,0.0
F2290,2026-01-19,0.0
F2290,2026-01-26,0.0
F2290,2026-02-02,0.0
F2290,2026-02-09,0.0
F2290,2026-02-16,0.0
F2290,2026-02-23,0.0
F2290,2026-03-02,0.0
F2290,2026-03-09,0.0
F2290,2026-03-16,0.0
F2290,2026-03-23,0.0
F2290,2026-03-30,0.0
F2290,2026-04-06,0.0
F2290,2026-04-13,0.0
F2290,2026-04-20,0.0
F2290,2026-04-27,0.0
F2290,2026-05-04,0.0
F2290,2026-05-11,0.0
F2290,2026-05-18,1980.0
F2290,2026-05-25,0.0
F2290,2026-06-01,0.0
F2290,2026-06-08,0.0
F2290,2026-06-15,0.0
F2290,2026-06-22,0.0
F2290,2026-06-29,0.0
F2290,2026-07-06,0.0
F2290,2026-07-13,0.0
F2290,2026-07-20,0.0
F2290,2026-07-27,1920.0
F2290,2026-08-03,0.0
F2290,2026-08-10,0.0
F2290,2026-08-17,0.0
F2290,2026-08-24,1980.0
F2290,2026-08-31,0.0
F2290,2026-09-07,0.0
F2290,2026-09-14,0.0
F2290,2026-09-21,0.0
F2290,2026-09-28,1980.0
F2290,2026-10-05,0.0
F2290,2026-10-12,0.0
F2290,2026-10-19,3960.0
F2290,2026-10-26,0.0
F2290,2026-11-02,0.0
F2290,2026-11-09,0.0
F2290,2026-11-16,0.0
F2290,2026-11-23,0.0
F2290,2026-11-30,3960.0
F2290,2026-12-07,0.0
F2290,2026-12-14,0.0
F2290,2026-12-21,0.0
F2290,2026-12-28,0.0
F2290,2027-01-04,0.0
F2290,2027-01-11,0.0
F2290,2027-01-18,0.0
F2290,2027-01-25,0.0
F2290,2027-02-01,1980.0
F2290,2027-02-08,0.0
F2290,2027-02-15,0.0
F2290,2027-02-22,0.0
F2290,2027-03-01,1584.0
F2290,2027-03-08,0.0
F2290,2027-03-15,0.0
F2290,2027-03-22,0.0
F2290,2027-03-29,0.0
F2290,2027-04-05,0.0
F2290,2027-04-12,0.0
F2290,2027-04-19,0.0
F2290,2027-04-26,0.0
F2290,2027-05-03,0.0
F2290,2027-05-10,0.0
F2290,2027-05-17,0.0
F2290,2027-05-24,0.0
F2290,2027-05-31,0.0
F2290,2027-06-07,0.0
F2290,2027-06-14,0.0
F2290,2027-06-21,0.0
F2290,2027-06-28,0.0
F2290,2027-07-05,0.0
F2290,2027-07-12,0.0
F2290,2027-07-19,0.0
F2290,2027-07-26,0.0
F2290,2027-08-02,0.0
F2290,2027-08-09,0.0
F2290,2027-08-16,0.0
F2290,2027-08-23,0.0
F2290,2027-08-30,0.0
F2290,2027-09-06,0.0
F2290,2027-09-13,0.0
F2290,2027-09-20,0.0
F2290,2027-09-27,0.0
F2290,2027-10-04,0.0
F2290,2027-10-11,0.0
F2290,2027-10-18,0.0
F2290,2027-10-25,0.0
F2290,2027-11-01,0.0
F2290,2027-11-08,0.0
F2290,2027-11-15,0.0
F2290,2027-11-22,0.0
F2290,2027-11-29,0.0
F2290,2027-12-06,0.0
F2290,2027-12-13,0.0
F2290,2027-12-20,0.0
V14,2025-12-29,0.0
V14,2026-01-05,0.0
V14,2026-01-12,0.0
V14,2026-01-19,0.0
V14,2026-01-26,0.0
V14,2026-02-02,0.0
V14,2026-02-09,0.0
V14,2026-02-16,0.0
V14,2026-02-23,0.0
V14,2026-03-02,0.0
V14,2026-03-09,0.0
V14,2026-03-16,0.0
V14,2026-03-23,0.0
V14,2026-03-30,0.0
V14,2026-04-06,0.0
V14,2026-04-13,0.0
V14,2026-04-20,0.0
V14,2026-04-27,0.0
V14,2026-05-04,0.0
V14,2026-05-11,0.0
V14,2026-05-18,0.0
V14,2026-05-25,0.0
V14,2026-06-01,0.0
V14,2026-06-08,0.0
V14,2026-06-15,0.0
V14,2026-06-22,0.0
V14,2026-06-29,0.0
V14,2026-07-06,0.0
V14,2026-07-13,0.0
V14,2026-07-20,0.0
V14,2026-07-27,0.0
V14,2026-08-03,0.0
V14,2026-08-10,0.0
V14,2026-08-17,0.0
V14,2026-08-24,0.0
V14,2026-08-31,0.0
V14,2026-09-07,0.0
V14,2026-09-14,0.0
V14,2026-09-21,0.0
V14,2026-09-28,0.0
V14,2026-10-05,0.0
V14,2026-10-12,0.0
V14,2026-10-19,0.0
V14,2026-10-26,0.0
V14,2026-11-02,0.0
V14,2026-11-09,0.0
V14,2026-11-16,0.0
V14,2026-11-23,0.0
V14,2026-11-30,0.0
V14,2026-12-07,0.0
V14,2026-12-14,0.0
V14,2026-12-21,0.0
V14,2026-12-28,0.0
V14,2027-01-04,0.0
V14,2027-01-11,0.0
V14,2027-01-18,0.0
V14,2027-01-25,0.0
V14,2027-02-01,0.0
V14,2027-02-08,0.0
V14,2027-02-15,0.0
V14,2027-02-22,0.0
V14,2027-03-01,0.0
V14,2027-03-08,0.0
V14,2027-03-15,0.0
V14,2027-03-22,0.0
V14,2027-03-29,0.0
V14,2027-04-05,0.0
V14,2027-04-12,0.0
V14,2027-04-19,0.0
V14,2027-04-26,0.0
V14,2027-05-03,0.0
V14,2027-05-10,0.0
V14,2027-05-17,0.0
V14,2027-05-24,0.0
V14,2027-05-31,0.0
V14,2027-06-07,0.0
V14,2027-06-14,0.0
V14,2027-06-21,0.0
V14,2027-06-28,0.0
V14,2027-07-05,0.0
V14,2027-07-12,0.0
V14,2027-07-19,0.0
V14,2027-07-26,0.0
V14,2027-08-02,0.0
V14,2027-08-09,0.0
V14,2027-08-16,0.0
V14,2027-08-23,0.0
V14,2027-08-30,0.0
V14,2027-09-06,0.0
V14,2027-09-13,0.0
V14,2027-09-20,0.0
V14,2027-09-27,0.0
V14,2027-10-04,0.0
V14,2027-10-11,0.0
V14,2027-10-18,0.0
V14,2027-10-25,0.0
V14,2027-11-01,0.0
V14,2027-11-08,0.0
V14,2027-11-15,0.0
V14,2027-11-22,0.0
V14,2027-11-29,0.0
V14,2027-12-06,0.0
V14,2027-12-13,0.0
V14,2027-12-20,0.0
V02,2025-12-29,0.0
V02,2026-01-05,0.0
V02,2026-01-12,0.0
V02,2026-01-19,0.0
V02,2026-01-26,0.0
V02,2026-02-02,0.0
V02,2026-02-09,0.0
V02,2026-02-16,0.0
V02,2026-02-23,0.0
V02,2026-03-02,4032.0
V02,2026-03-09,0.0
V02,2026-03-16,4032.0
V02,2026-03-23,0.0
V02,2026-03-30,0.0
V02,2026-04-06,0.0
V02,2026-04-13,4032.0
V02,2026-04-20,0.0
V02,2026-04-27,0.0
V02,2026-05-04,0.0
V02,2026-05-11,4032.0
V02,2026-05-18,0.0
V02,2026-05-25,0.0
V02,2026-06-01,0.0
V02,2026-06-08,4032.0
V02,2026-06-15,0.0
V02,2026-06-22,0.0
V02,2026-06-29,0.0
V02,2026-07-06,4032.0
V02,2026-07-13,0.0
V02,2026-07-20,0.0
V02,2026-07-27,0.0
V02,2026-08-03,0.0
V02,2026-08-10,0.0
V02,2026-08-17,4032.0
V02,2026-08-24,4032.0
V02,2026-08-31,0.0
V02,2026-09-07,4032.0
V02,2026-09-14,0.0
V02,2026-09-21,0.0
V02,2026-09-28,0.0
V02,2026-10-05,0.0
V02,2026-10-12,4032.0
V02,2026-10-19,0.0
V02,2026-10-26,0.0
V02,2026-11-02,0.0
V02,2026-11-09,0.0
V02,2026-11-16,0.0
V02,2026-11-23,4032.0
V02,2026-11-30,0.0
V02,2026-12-07,0.0
V02,2026-12-14,0.0
V02,2026-12-21,0.0
V02,2026-12-28,0.0
V02,2027-01-04,0.0
V02,2027-01-11,0.0
V02,2027-01-18,4032.0
V02,2027-01-25,0.0
V02,2027-02-01,0.0
V02,2027-02-08,0.0
V02,2027-02-15,4032.0
V02,2027-02-22,0.0
V02,2027-03-01,0.0
V02,2027-03-08,0.0
V02,2027-03-15,0.0
V02,2027-03-22,0.0
V02,2027-03-29,0.0
V02,2027-04-05,0.0
V02,2027-04-12,0.0
V02,2027-04-19,0.0
V02,2027-04-26,0.0
V02,2027-05-03,0.0
V02,2027-05-10,0.0
V02,2027-05-17,0.0
V02,2027-05-24,0.0
V02,2027-05-31,0.0
V02,2027-06-07,0.0
V02,2027-06-14,0.0
V02,2027-06-21,0.0
V02,2027-06-28,0.0
V02,2027-07-05,0.0
V02,2027-07-12,0.0
V02,2027-07-19,0.0
V02,2027-07-26,0.0
V02,2027-08-02,0.0
V02,2027-08-09,0.0
V02,2027-08-16,0.0
V02,2027-08-23,0.0
V02,2027-08-30,0.0
V02,2027-09-06,0.0
V02,2027-09-13,0.0
V02,2027-09-20,0.0
V02,2027-09-27,0.0
V02,2027-10-04,0.0
V02,2027-10-11,0.0
V02,2027-10-18,0.0
V02,2027-10-25,0.0
V02,2027-11-01,0.0
V02,2027-11-08,0.0
V02,2027-11-15,0.0
V02,2027-11-22,0.0
V02,2027-11-29,0.0
V02,2027-12-06,0.0
V02,2027-12-13,0.0
V02,2027-12-20,0.0
0T390,2025-12-29,0.0
0T390,2026-01-05,672.0
0T390,2026-01-12,672.0
0T390,2026-01-19,336.0
0T390,2026-01-26,336.0
0T390,2026-02-02,336.0
0T390,2026-02-09,672.0
0T390,2026-02-16,672.0
0T390,2026-02-23,672.0
0T390,2026-03-02,336.0
0T390,2026-03-09,672.0
0T390,2026-03-16,336.0
0T390,2026-03-23,336.0
0T390,2026-03-30,0.0
0T390,2026-04-06,0.0
0T390,2026-04-13,336.0
0T390,2026-04-20,336.0
0T390,2026-04-27,0.0
0T390,2026-05-04,336.0
0T390,2026-05-11,336.0
0T390,2026-05-18,336.0
0T390,2026-05-25,0.0
0T390,2026-06-01,336.0
0T390,2026-06-08,0.0
0T390,2026-06-15,0.0
0T390,2026-06-22,336.0
0T390,2026-06-29,336.0
0T390,2026-07-06,672.0
0T390,2026-07-13,672.0
0T390,2026-07-20,672.0
0T390,2026-07-27,336.0
0T390,2026-08-03,672.0
0T390,2026-08-10,336.0
0T390,2026-08-17,672.0
0T390,2026-08-24,336.0
0T390,2026-08-31,0.0
0T390,2026-09-07,336.0
0T390,2026-09-14,336.0
0T390,2026-09-21,336.0
0T390,2026-09-28,0.0
0T390,2026-10-05,252.0
0T390,2026-10-12,252.0
0T390,2026-10-19,252.0
0T390,2026-10-26,252.0
0T390,2026-11-02,252.0
0T390,2026-11-09,252.0
0T390,2026-11-16,252.0
0T390,2026-11-23,252.0
0T390,2026-11-30,201.6
0T390,2026-12-07,201.6
0T390,2026-12-14,201.6
0T390,2026-12-21,201.6
0T390,2026-12-28,201.6
0T390,2027-01-04,252.0
0T390,2027-01-11,252.0
0T390,2027-01-18,252.0
0T390,2027-01-25,252.0
0T390,2027-02-01,252.0
0T390,2027-02-08,252.0
0T390,2027-02-15,252.0
0T390,2027-02-22,252.0
0T390,2027-03-01,201.6
0T390,2027-03-08,201.6
0T390,2027-03-15,201.6
0T390,2027-03-22,201.6
0T390,2027-03-29,26.8
0T390,2027-04-05,26.8
0T390,2027-04-12,26.8
0T390,2027-04-19,26.8
0T390,2027-04-26,26.8
0T390,2027-05-03,29.25
0T390,2027-05-10,29.25
0T390,2027-05-17,29.25
0T390,2027-05-24,29.25
0T390,2027-05-31,23.6
0T390,2027-06-07,23.6
0T390,2027-06-14,23.6
0T390,2027-06-21,23.6
0T390,2027-06-28,27.5
0T390,2027-07-05,27.5
0T390,2027-07-12,27.5
0T390,2027-07-19,27.5
0T390,2027-07-26,27.5
0T390,2027-08-02,27.0
0T390,2027-08-09,27.0
0T390,2027-08-16,27.0
0T390,2027-08-23,27.0
0T390,2027-08-30,18.8
0T390,2027-09-06,18.8
0T390,2027-09-13,18.8
0T390,2027-09-20,18.8
0T390,2027-09-27,18.8
0T390,2027-10-04,20.0
0T390,2027-10-11,20.0
0T390,2027-10-18,20.0
0T390,2027-10-25,20.0
0T390,2027-11-01,15.75
0T390,2027-11-08,15.75
0T390,2027-11-15,15.75
0T390,2027-11-22,15.75
0T390,2027-11-29,43.4
0T390,2027-12-06,43.4
0T390,2027-12-13,43.4
0T390,2027-12-20,43.4
0C170,2025-12-29,0.0
0C170,2026-01-05,240.0
0C170,2026-01-12,0.0
0C170,2026-01-19,240.0
0C170,2026-01-26,0.0
0C170,2026-02-02,480.0
0C170,2026-02-09,240.0
0C170,2026-02-16,240.0
0C170,2026-02-23,240.0
0C170,2026-03-02,240.0
0C170,2026-03-09,240.0
0C170,2026-03-16,480.0
0C170,2026-03-23,240.0
0C170,2026-03-30,480.0
0C170,2026-04-06,240.0
0C170,2026-04-13,480.0
0C170,2026-04-20,0.0
0C170,2026-04-27,0.0
0C170,2026-05-04,240.0
0C170,2026-05-11,480.0
0C170,2026-05-18,0.0
0C170,2026-05-25,240.0
0C170,2026-06-01,240.0
0C170,2026-06-08,240.0
0C170,2026-06-15,240.0
0C170,2026-06-22,480.0
0C170,2026-06-29,0.0
0C170,2026-07-06,240.0
0C170,2026-07-13,480.0
0C170,2026-07-20,0.0
0C170,2026-07-27,0.0
0C170,2026-08-03,0.0
0C170,2026-08-10,240.0
0C170,2026-08-17,0.0
0C170,2026-08-24,0.0
0C170,2026-08-31,240.0
0C170,2026-09-07,0.0
0C170,2026-09-14,0.0
0C170,2026-09-21,0.0
0C170,2026-09-28,240.0
0C170,2026-10-05,240.0
0C170,2026-10-12,240.0
0C170,2026-10-19,240.0
0C170,2026-10-26,240.0
0C170,2026-11-02,240.0
0C170,2026-11-09,240.0
0C170,2026-11-16,240.0
0C170,2026-11-23,240.0
0C170,2026-11-30,192.0
0C170,2026-12-07,192.0
0C170,2026-12-14,192.0
0C170,2026-12-21,192.0
0C170,2026-12-28,192.0
0C170,2027-01-04,240.0
0C170,2027-01-11,240.0
0C170,2027-01-18,240.0
0C170,2027-01-25,240.0
0C170,2027-02-01,240.0
0C170,2027-02-08,240.0
0C170,2027-02-15,240.0
0C170,2027-02-22,240.0
0C170,2027-03-01,192.0
0C170,2027-03-08,192.0
0C170,2027-03-15,192.0
0C170,2027-03-22,192.0
0C170,2027-03-29,27.4
0C170,2027-04-05,27.4
0C170,2027-04-12,27.4
0C170,2027-04-19,27.4
0C170,2027-04-26,27.4
0C170,2027-05-03,35.0
0C170,2027-05-10,35.0
0C170,2027-05-17,35.0
0C170,2027-05-24,35.0
0C170,2027-05-31,30.6
0C170,2027-06-07,30.6
0C170,2027-06-14,30.6
0C170,2027-06-21,30.6
0C170,2027-06-28,35.25
0C170,2027-07-05,35.25
0C170,2027-07-12,35.25
0C170,2027-07-19,35.25
0C170,2027-07-26,35.25
0C170,2027-08-02,35.25
0C170,2027-08-09,35.25
0C170,2027-08-16,35.25
0C170,2027-08-23,35.25
0C170,2027-08-30,30.2
0C170,2027-09-06,30.2
0C170,2027-09-13,30.2
0C170,2027-09-20,30.2
0C170,2027-09-27,30.2
0C170,2027-10-04,31.5
0C170,2027-10-11,31.5
0C170,2027-10-18,31.5
0C170,2027-10-25,31.5
0C170,2027-11-01,16.5
0C170,2027-11-08,16.5
0C170,2027-11-15,16.5
0C170,2027-11-22,16.5
0C170,2027-11-29,19.6
0C170,2027-12-06,19.6
0C170,2027-12-13,19.6
0C170,2027-12-20,19.6
SOL-20P,2025-12-29,0.0
SOL-20P,2026-01-05,0.0
SOL-20P,2026-01-12,0.0
SOL-20P,2026-01-19,0.0
SOL-20P,2026-01-26,0.0
SOL-20P,2026-02-02,0.0
SOL-20P,2026-02-09,0.0
SOL-20P,2026-02-16,0.0
SOL-20P,2026-02-23,0.0
SOL-20P,2026-03-02,0.0
SOL-20P,2026-03-09,0.0
SOL-20P,2026-03-16,0.0
SOL-20P,2026-03-23,0.0
SOL-20P,2026-03-30,0.0
SOL-20P,2026-04-06,0.0
SOL-20P,2026-04-13,0.0
SOL-20P,2026-04-20,0.0
SOL-20P,2026-04-27,0.0
SOL-20P,2026-05-04,0.0
SOL-20P,2026-05-11,0.0
SOL-20P,2026-05-18,0.0
SOL-20P,2026-05-25,0.0
SOL-20P,2026-06-01,0.0
SOL-20P,2026-06-08,0.0
SOL-20P,2026-06-15,0.0
SOL-20P,2026-06-22,0.0
SOL-20P,2026-06-29,0.0
SOL-20P,2026-07-06,0.0
SOL-20P,2026-07-13,0.0
SOL-20P,2026-07-20,0.0
SOL-20P,2026-07-27,0.0
SOL-20P,2026-08-03,0.0
SOL-20P,2026-08-10,0.0
SOL-20P,2026-08-17,0.0
SOL-20P,2026-08-24,0.0
SOL-20P,2026-08-31,0.0
SOL-20P,2026-09-07,0.0
SOL-20P,2026-09-14,0.0
SOL-20P,2026-09-21,0.0
SOL-20P,2026-09-28,0.0
SOL-20P,2026-10-05,0.0
SOL-20P,2026-10-12,0.0
SOL-20P,2026-10-19,0.0
SOL-20P,2026-10-26,0.0
SOL-20P,2026-11-02,0.0
SOL-20P,2026-11-09,0.0
SOL-20P,2026-11-16,0.0
SOL-20P,2026-11-23,0.0
SOL-20P,2026-11-30,0.0
SOL-20P,2026-12-07,0.0
SOL-20P,2026-12-14,0.0
SOL-20P,2026-12-21,0.0
SOL-20P,2026-12-28,0.0
SOL-20P,2027-01-04,0.0
SOL-20P,2027-01-11,0.0
SOL-20P,2027-01-18,0.0
SOL-20P,2027-01-25,0.0
SOL-20P,2027-02-01,0.0
SOL-20P,2027-02-08,0.0
SOL-20P,2027-02-15,0.0
SOL-20P,2027-02-22,0.0
SOL-20P,2027-03-01,0.0
SOL-20P,2027-03-08,0.0
SOL-20P,2027-03-15,0.0
SOL-20P,2027-03-22,0.0
SOL-20P,2027-03-29,0.0
SOL-20P,2027-04-05,0.0
SOL-20P,2027-04-12,0.0
SOL-20P,2027-04-19,0.0
SOL-20P,2027-04-26,0.0
SOL-20P,2027-05-03,0.0
SOL-20P,2027-05-10,0.0
SOL-20P,2027-05-17,0.0
SOL-20P,2027-05-24,0.0
SOL-20P,2027-05-31,0.0
SOL-20P,2027-06-07,0.0
SOL-20P,2027-06-14,0.0
SOL-20P,2027-06-21,0.0
SOL-20P,2027-06-28,0.0
SOL-20P,2027-07-05,0.0
SOL-20P,2027-07-12,0.0
SOL-20P,2027-07-19,0.0
SOL-20P,2027-07-26,0.0
SOL-20P,2027-08-02,0.0
SOL-20P,2027-08-09,0.0
SOL-20P,2027-08-16,0.0
SOL-20P,2027-08-23,0.0
SOL-20P,2027-08-30,0.0
SOL-20P,2027-09-06,0.0
SOL-20P,2027-09-13,0.0
SOL-20P,2027-09-20,0.0
SOL-20P,2027-09-27,0.0
SOL-20P,2027-10-04,0.0
SOL-20P,2027-10-11,0.0
SOL-20P,2027-10-18,0.0
SOL-20P,2027-10-25,0.0
SOL-20P,2027-11-01,0.0
SOL-20P,2027-11-08,0.0
SOL-20P,2027-11-15,0.0
SOL-20P,2027-11-22,0.0
SOL-20P,2027-11-29,0.0
SOL-20P,2027-12-06,0.0
SOL-20P,2027-12-13,0.0
SOL-20P,2027-12-20,0.0
SOL-SH,2025-12-29,0.0
SOL-SH,2026-01-05,0.0
SOL-SH,2026-01-12,0.0
SOL-SH,2026-01-19,0.0
SOL-SH,2026-01-26,0.0
SOL-SH,2026-02-02,0.0
SOL-SH,2026-02-09,0.0
SOL-SH,2026-02-16,0.0
SOL-SH,2026-02-23,0.0
SOL-SH,2026-03-02,0.0
SOL-SH,2026-03-09,0.0
SOL-SH,2026-03-16,0.0
SOL-SH,2026-03-23,0.0
SOL-SH,2026-03-30,0.0
SOL-SH,2026-04-06,0.0
SOL-SH,2026-04-13,0.0
SOL-SH,2026-04-20,0.0
SOL-SH,2026-04-27,0.0
SOL-SH,2026-05-04,0.0
SOL-SH,2026-05-11,0.0
SOL-SH,2026-05-18,0.0
SOL-SH,2026-05-25,0.0
SOL-SH,2026-06-01,0.0
SOL-SH,2026-06-08,0.0
SOL-SH,2026-06-15,0.0
SOL-SH,2026-06-22,0.0
SOL-SH,2026-06-29,0.0
SOL-SH,2026-07-06,0.0
SOL-SH,2026-07-13,0.0
SOL-SH,2026-07-20,0.0
SOL-SH,2026-07-27,0.0
SOL-SH,2026-08-03,0.0
SOL-SH,2026-08-10,1.0
SOL-SH,2026-08-17,0.0
SOL-SH,2026-08-24,0.0
SOL-SH,2026-08-31,0.0
SOL-SH,2026-09-07,0.0
SOL-SH,2026-09-14,0.0
SOL-SH,2026-09-21,0.0
SOL-SH,2026-09-28,0.0
SOL-SH,2026-10-05,0.0
SOL-SH,2026-10-12,0.0
SOL-SH,2026-10-19,0.0
SOL-SH,2026-10-26,0.0
SOL-SH,2026-11-02,0.0
SOL-SH,2026-11-09,0.0
SOL-SH,2026-11-16,0.0
SOL-SH,2026-11-23,0.0
SOL-SH,2026-11-30,0.0
SOL-SH,2026-12-07,0.0
SOL-SH,2026-12-14,0.0
SOL-SH,2026-12-21,0.0
SOL-SH,2026-12-28,0.0
SOL-SH,2027-01-04,0.0
SOL-SH,2027-01-11,0.0
SOL-SH,2027-01-18,0.0
SOL-SH,2027-01-25,0.0
SOL-SH,2027-02-01,0.0
SOL-SH,2027-02-08,0.0
SOL-SH,2027-02-15,0.0
SOL-SH,2027-02-22,0.0
SOL-SH,2027-03-01,0.0
SOL-SH,2027-03-08,0.0
SOL-SH,2027-03-15,0.0
SOL-SH,2027-03-22,0.0
SOL-SH,2027-03-29,0.0
SOL-SH,2027-04-05,0.0
SOL-SH,2027-04-12,0.0
SOL-SH,2027-04-19,0.0
SOL-SH,2027-04-26,0.0
SOL-SH,2027-05-03,0.0
SOL-SH,2027-05-10,0.0
SOL-SH,2027-05-17,0.0
SOL-SH,2027-05-24,0.0
SOL-SH,2027-05-31,0.0
SOL-SH,2027-06-07,0.0
SOL-SH,2027-06-14,0.0
SOL-SH,2027-06-21,0.0
SOL-SH,2027-06-28,0.0
SOL-SH,2027-07-05,0.0
SOL-SH,2027-07-12,0.0
SOL-SH,2027-07-19,0.0
SOL-SH,2027-07-26,0.0
SOL-SH,2027-08-02,0.0
SOL-SH,2027-08-09,0.0
SOL-SH,2027-08-16,0.0
SOL-SH,2027-08-23,0.0
SOL-SH,2027-08-30,0.0
SOL-SH,2027-09-06,0.0
SOL-SH,2027-09-13,0.0
SOL-SH,2027-09-20,0.0
SOL-SH,2027-09-27,0.0
SOL-SH,2027-10-04,0.0
SOL-SH,2027-10-11,0.0
SOL-SH,2027-10-18,0.0
SOL-SH,2027-10-25,0.0
SOL-SH,2027-11-01,0.0
SOL-SH,2027-11-08,0.0
SOL-SH,2027-11-15,0.0
SOL-SH,2027-11-22,0.0
SOL-SH,2027-11-29,0.0
SOL-SH,2027-12-06,0.0
SOL-SH,2027-12-13,0.0
SOL-SH,2027-12-20,0.0
SOL-SCH,2025-12-29,0.0
SOL-SCH,2026-01-05,0.0
SOL-SCH,2026-01-12,0.0
SOL-SCH,2026-01-19,0.0
SOL-SCH,2026-01-26,0.0
SOL-SCH,2026-02-02,0.0
SOL-SCH,2026-02-09,0.0
SOL-SCH,2026-02-16,0.0
SOL-SCH,2026-02-23,0.0
SOL-SCH,2026-03-02,0.0
SOL-SCH,2026-03-09,0.0
SOL-SCH,2026-03-16,0.0
SOL-SCH,2026-03-23,0.0
SOL-SCH,2026-03-30,0.0
SOL-SCH,2026-04-06,0.0
SOL-SCH,2026-04-13,0.0
SOL-SCH,2026-04-20,0.0
SOL-SCH,2026-04-27,0.0
SOL-SCH,2026-05-04,0.0
SOL-SCH,2026-05-11,0.0
SOL-SCH,2026-05-18,0.0
SOL-SCH,2026-05-25,0.0
SOL-SCH,2026-06-01,0.0
SOL-SCH,2026-06-08,0.0
SOL-SCH,2026-06-15,0.0
SOL-SCH,2026-06-22,0.0
SOL-SCH,2026-06-29,1.0
SOL-SCH,2026-07-06,0.0
SOL-SCH,2026-07-13,1.0
SOL-SCH,2026-07-20,1.0
SOL-SCH,2026-07-27,1.0
SOL-SCH,2026-08-03,1.0
SOL-SCH,2026-08-10,1.0
SOL-SCH,2026-08-17,1.0
SOL-SCH,2026-08-24,1.0
SOL-SCH,2026-08-31,1.0
SOL-SCH,2026-09-07,1.0
SOL-SCH,2026-09-14,1.0
SOL-SCH,2026-09-21,1.0
SOL-SCH,2026-09-28,1.0
SOL-SCH,2026-10-05,1.0
SOL-SCH,2026-10-12,1.0
SOL-SCH,2026-10-19,1.0
SOL-SCH,2026-10-26,1.0
SOL-SCH,2026-11-02,2.0
SOL-SCH,2026-11-09,1.0
SOL-SCH,2026-11-16,1.0
SOL-SCH,2026-11-23,1.0
SOL-SCH,2026-11-30,1.0
SOL-SCH,2026-12-07,0.0
SOL-SCH,2026-12-14,0.0
SOL-SCH,2026-12-21,0.0
SOL-SCH,2026-12-28,1.0
SOL-SCH,2027-01-04,1.0
SOL-SCH,2027-01-11,1.0
SOL-SCH,2027-01-18,1.0
SOL-SCH,2027-01-25,1.0
SOL-SCH,2027-02-01,1.0
SOL-SCH,2027-02-08,0.0
SOL-SCH,2027-02-15,1.0
SOL-SCH,2027-02-22,1.0
SOL-SCH,2027-03-01,1.0
SOL-SCH,2027-03-08,0.0
SOL-SCH,2027-03-15,1.0
SOL-SCH,2027-03-22,0.0
SOL-SCH,2027-03-29,0.0
SOL-SCH,2027-04-05,1.0
SOL-SCH,2027-04-12,0.0
SOL-SCH,2027-04-19,1.0
SOL-SCH,2027-04-26,0.0
SOL-SCH,2027-05-03,0.0
SOL-SCH,2027-05-10,0.0
SOL-SCH,2027-05-17,0.0
SOL-SCH,2027-05-24,1.0
SOL-SCH,2027-05-31,0.0
SOL-SCH,2027-06-07,0.0
SOL-SCH,2027-06-14,0.0
SOL-SCH,2027-06-21,0.0
SOL-SCH,2027-06-28,0.0
SOL-SCH,2027-07-05,0.0
SOL-SCH,2027-07-12,0.0
SOL-SCH,2027-07-19,0.0
SOL-SCH,2027-07-26,0.0
SOL-SCH,2027-08-02,0.0
SOL-SCH,2027-08-09,0.0
SOL-SCH,2027-08-16,0.0
SOL-SCH,2027-08-23,0.0
SOL-SCH,2027-08-30,0.0
SOL-SCH,2027-09-06,0.0
SOL-SCH,2027-09-13,0.0
SOL-SCH,2027-09-20,0.0
SOL-SCH,2027-09-27,0.0
SOL-SCH,2027-10-04,0.0
SOL-SCH,2027-10-11,0.0
SOL-SCH,2027-10-18,0.0
SOL-SCH,2027-10-25,0.0
SOL-SCH,2027-11-01,0.0
SOL-SCH,2027-11-08,0.0
SOL-SCH,2027-11-15,0.0
SOL-SCH,2027-11-22,0.0
SOL-SCH,2027-11-29,0.0
SOL-SCH,2027-12-06,0.0
SOL-SCH,2027-12-13,0.0
SOL-SCH,2027-12-20,0.0
SOL-10H,2025-12-29,0.0
SOL-10H,2026-01-05,0.0
SOL-10H,2026-01-12,0.0
SOL-10H,2026-01-19,0.0
SOL-10H,2026-01-26,0.0
SOL-10H,2026-02-02,0.0
SOL-10H,2026-02-09,0.0
SOL-10H,2026-02-16,0.0
SOL-10H,2026-02-23,0.0
SOL-10H,2026-03-02,0.0
SOL-10H,2026-03-09,0.0
SOL-10H,2026-03-16,0.0
SOL-10H,2026-03-23,0.0
SOL-10H,2026-03-30,0.0
SOL-10H,2026-04-06,0.0
SOL-10H,2026-04-13,0.0
SOL-10H,2026-04-20,0.0
SOL-10H,2026-04-27,0.0
SOL-10H,2026-05-04,0.0
SOL-10H,2026-05-11,0.0
SOL-10H,2026-05-18,0.0
SOL-10H,2026-05-25,0.0
SOL-10H,2026-06-01,0.0
SOL-10H,2026-06-08,0.0
SOL-10H,2026-06-15,0.0
SOL-10H,2026-06-22,0.0
SOL-10H,2026-06-29,2.0
SOL-10H,2026-07-06,1.0
SOL-10H,2026-07-13,2.0
SOL-10H,2026-07-20,1.0
SOL-10H,2026-07-27,1.0
SOL-10H,2026-08-03,1.0
SOL-10H,2026-08-10,1.0
SOL-10H,2026-08-17,1.0
SOL-10H,2026-08-24,2.0
SOL-10H,2026-08-31,1.0
SOL-10H,2026-09-07,1.0
SOL-10H,2026-09-14,2.0
SOL-10H,2026-09-21,1.0
SOL-10H,2026-09-28,1.0
SOL-10H,2026-10-05,2.0
SOL-10H,2026-10-12,1.0
SOL-10H,2026-10-19,3.0
SOL-10H,2026-10-26,2.0
SOL-10H,2026-11-02,2.0
SOL-10H,2026-11-09,2.0
SOL-10H,2026-11-16,3.0
SOL-10H,2026-11-23,1.0
SOL-10H,2026-11-30,2.0
SOL-10H,2026-12-07,0.0
SOL-10H,2026-12-14,0.0
SOL-10H,2026-12-21,0.0
SOL-10H,2026-12-28,1.0
SOL-10H,2027-01-04,2.0
SOL-10H,2027-01-11,1.0
SOL-10H,2027-01-18,1.0
SOL-10H,2027-01-25,2.0
SOL-10H,2027-02-01,1.0
SOL-10H,2027-02-08,2.0
SOL-10H,2027-02-15,0.0
SOL-10H,2027-02-22,1.0
SOL-10H,2027-03-01,0.0
SOL-10H,2027-03-08,0.0
SOL-10H,2027-03-15,1.0
SOL-10H,2027-03-22,0.0
SOL-10H,2027-03-29,1.0
SOL-10H,2027-04-05,0.0
SOL-10H,2027-04-12,1.0
SOL-10H,2027-04-19,0.0
SOL-10H,2027-04-26,1.0
SOL-10H,2027-05-03,0.0
SOL-10H,2027-05-10,1.0
SOL-10H,2027-05-17,0.0
SOL-10H,2027-05-24,0.0
SOL-10H,2027-05-31,0.0
SOL-10H,2027-06-07,0.0
SOL-10H,2027-06-14,0.0
SOL-10H,2027-06-21,0.0
SOL-10H,2027-06-28,0.0
SOL-10H,2027-07-05,0.0
SOL-10H,2027-07-12,0.0
SOL-10H,2027-07-19,0.0
SOL-10H,2027-07-26,0.0
SOL-10H,2027-08-02,0.0
SOL-10H,2027-08-09,0.0
SOL-10H,2027-08-16,0.0
SOL-10H,2027-08-23,0.0
SOL-10H,2027-08-30,0.0
SOL-10H,2027-09-06,0.0
SOL-10H,2027-09-13,0.0
SOL-10H,2027-09-20,0.0
SOL-10H,2027-09-27,0.0
SOL-10H,2027-10-04,0.0
SOL-10H,2027-10-11,0.0
SOL-10H,2027-10-18,0.0
SOL-10H,2027-10-25,0.0
SOL-10H,2027-11-01,0.0
SOL-10H,2027-11-08,0.0
SOL-10H,2027-11-15,0.0
SOL-10H,2027-11-22,0.0
SOL-10H,2027-11-29,0.0
SOL-10H,2027-12-06,0.0
SOL-10H,2027-12-13,0.0
SOL-10H,2027-12-20,0.0
SOL-10H VW,2025-12-29,0.0
SOL-10H VW,2026-01-05,0.0
SOL-10H VW,2026-01-12,0.0
SOL-10H VW,2026-01-19,0.0
SOL-10H VW,2026-01-26,0.0
SOL-10H VW,2026-02-02,0.0
SOL-10H VW,2026-02-09,0.0
SOL-10H VW,2026-02-16,0.0
SOL-10H VW,2026-02-23,0.0
SOL-10H VW,2026-03-02,0.0
SOL-10H VW,2026-03-09,0.0
SOL-10H VW,2026-03-16,0.0
SOL-10H VW,2026-03-23,0.0
SOL-10H VW,2026-03-30,0.0
SOL-10H VW,2026-04-06,0.0
SOL-10H VW,2026-04-13,0.0
SOL-10H VW,2026-04-20,0.0
SOL-10H VW,2026-04-27,0.0
SOL-10H VW,2026-05-04,0.0
SOL-10H VW,2026-05-11,0.0
SOL-10H VW,2026-05-18,0.0
SOL-10H VW,2026-05-25,0.0
SOL-10H VW,2026-06-01,0.0
SOL-10H VW,2026-06-08,0.0
SOL-10H VW,2026-06-15,0.0
SOL-10H VW,2026-06-22,0.0
SOL-10H VW,2026-06-29,1.0
SOL-10H VW,2026-07-06,0.0
SOL-10H VW,2026-07-13,0.0
SOL-10H VW,2026-07-20,0.0
SOL-10H VW,2026-07-27,0.0
SOL-10H VW,2026-08-03,0.0
SOL-10H VW,2026-08-10,0.0
SOL-10H VW,2026-08-17,0.0
SOL-10H VW,2026-08-24,0.0
SOL-10H VW,2026-08-31,0.0
SOL-10H VW,2026-09-07,0.0
SOL-10H VW,2026-09-14,0.0
SOL-10H VW,2026-09-21,0.0
SOL-10H VW,2026-09-28,0.0
SOL-10H VW,2026-10-05,1.0
SOL-10H VW,2026-10-12,0.0
SOL-10H VW,2026-10-19,0.0
SOL-10H VW,2026-10-26,0.0
SOL-10H VW,2026-11-02,0.0
SOL-10H VW,2026-11-09,0.0
SOL-10H VW,2026-11-16,0.0
SOL-10H VW,2026-11-23,0.0
SOL-10H VW,2026-11-30,0.0
SOL-10H VW,2026-12-07,0.0
SOL-10H VW,2026-12-14,0.0
SOL-10H VW,2026-12-21,0.0
SOL-10H VW,2026-12-28,0.0
SOL-10H VW,2027-01-04,0.0
SOL-10H VW,2027-01-11,0.0
SOL-10H VW,2027-01-18,0.0
SOL-10H VW,2027-01-25,0.0
SOL-10H VW,2027-02-01,0.0
SOL-10H VW,2027-02-08,0.0
SOL-10H VW,2027-02-15,0.0
SOL-10H VW,2027-02-22,0.0
SOL-10H VW,2027-03-01,0.0
SOL-10H VW,2027-03-08,0.0
SOL-10H VW,2027-03-15,0.0
SOL-10H VW,2027-03-22,0.0
SOL-10H VW,2027-03-29,0.0
SOL-10H VW,2027-04-05,0.0
SOL-10H VW,2027-04-12,0.0
SOL-10H VW,2027-04-19,0.0
SOL-10H VW,2027-04-26,0.0
SOL-10H VW,2027-05-03,0.0
SOL-10H VW,2027-05-10,0.0
SOL-10H VW,2027-05-17,0.0
SOL-10H VW,2027-05-24,0.0
SOL-10H VW,2027-05-31,0.0
SOL-10H VW,2027-06-07,0.0
SOL-10H VW,2027-06-14,0.0
SOL-10H VW,2027-06-21,0.0
SOL-10H VW,2027-06-28,0.0
SOL-10H VW,2027-07-05,0.0
SOL-10H VW,2027-07-12,0.0
SOL-10H VW,2027-07-19,0.0
SOL-10H VW,2027-07-26,0.0
SOL-10H VW,2027-08-02,0.0
SOL-10H VW,2027-08-09,0.0
SOL-10H VW,2027-08-16,0.0
SOL-10H VW,2027-08-23,0.0
SOL-10H VW,2027-08-30,0.0
SOL-10H VW,2027-09-06,0.0
SOL-10H VW,2027-09-13,0.0
SOL-10H VW,2027-09-20,0.0
SOL-10H VW,2027-09-27,0.0
SOL-10H VW,2027-10-04,0.0
SOL-10H VW,2027-10-11,0.0
SOL-10H VW,2027-10-18,0.0
SOL-10H VW,2027-10-25,0.0
SOL-10H VW,2027-11-01,0.0
SOL-10H VW,2027-11-08,0.0
SOL-10H VW,2027-11-15,0.0
SOL-10H VW,2027-11-22,0.0
SOL-10H VW,2027-11-29,0.0
SOL-10H VW,2027-12-06,0.0
SOL-10H VW,2027-12-13,0.0
SOL-10H VW,2027-12-20,0.0
SOL-85D,2025-12-29,0.0
SOL-85D,2026-01-05,0.0
SOL-85D,2026-01-12,0.0
SOL-85D,2026-01-19,0.0
SOL-85D,2026-01-26,0.0
SOL-85D,2026-02-02,0.0
SOL-85D,2026-02-09,0.0
SOL-85D,2026-02-16,0.0
SOL-85D,2026-02-23,0.0
SOL-85D,2026-03-02,0.0
SOL-85D,2026-03-09,0.0
SOL-85D,2026-03-16,0.0
SOL-85D,2026-03-23,0.0
SOL-85D,2026-03-30,0.0
SOL-85D,2026-04-06,0.0
SOL-85D,2026-04-13,0.0
SOL-85D,2026-04-20,0.0
SOL-85D,2026-04-27,0.0
SOL-85D,2026-05-04,0.0
SOL-85D,2026-05-11,0.0
SOL-85D,2026-05-18,0.0
SOL-85D,2026-05-25,0.0
SOL-85D,2026-06-01,0.0
SOL-85D,2026-06-08,0.0
SOL-85D,2026-06-15,0.0
SOL-85D,2026-06-22,0.0
SOL-85D,2026-06-29,0.0
SOL-85D,2026-07-06,1.0
SOL-85D,2026-07-13,1.0
SOL-85D,2026-07-20,0.0
SOL-85D,2026-07-27,1.0
SOL-85D,2026-08-03,2.0
SOL-85D,2026-08-10,0.0
SOL-85D,2026-08-17,1.0
SOL-85D,2026-08-24,1.0
SOL-85D,2026-08-31,1.0
SOL-85D,2026-09-07,0.0
SOL-85D,2026-09-14,1.0
SOL-85D,2026-09-21,0.0
SOL-85D,2026-09-28,1.0
SOL-85D,2026-10-05,1.0
SOL-85D,2026-10-12,0.0
SOL-85D,2026-10-19,1.0
SOL-85D,2026-10-26,2.0
SOL-85D,2026-11-02,1.0
SOL-85D,2026-11-09,1.0
SOL-85D,2026-11-16,1.0
SOL-85D,2026-11-23,1.0
SOL-85D,2026-11-30,0.0
SOL-85D,2026-12-07,1.0
SOL-85D,2026-12-14,0.0
SOL-85D,2026-12-21,0.0
SOL-85D,2026-12-28,0.0
SOL-85D,2027-01-04,1.0
SOL-85D,2027-01-11,1.0
SOL-85D,2027-01-18,0.0
SOL-85D,2027-01-25,1.0
SOL-85D,2027-02-01,0.0
SOL-85D,2027-02-08,1.0
SOL-85D,2027-02-15,0.0
SOL-85D,2027-02-22,1.0
SOL-85D,2027-03-01,0.0
SOL-85D,2027-03-08,1.0
SOL-85D,2027-03-15,0.0
SOL-85D,2027-03-22,0.0
SOL-85D,2027-03-29,0.0
SOL-85D,2027-04-05,1.0
SOL-85D,2027-04-12,0.0
SOL-85D,2027-04-19,0.0
SOL-85D,2027-04-26,0.0
SOL-85D,2027-05-03,1.0
SOL-85D,2027-05-10,0.0
SOL-85D,2027-05-17,0.0
SOL-85D,2027-05-24,0.0
SOL-85D,2027-05-31,0.0
SOL-85D,2027-06-07,0.0
SOL-85D,2027-06-14,0.0
SOL-85D,2027-06-21,0.0
SOL-85D,2027-06-28,0.0
SOL-85D,2027-07-05,0.0
SOL-85D,2027-07-12,0.0
SOL-85D,2027-07-19,0.0
SOL-85D,2027-07-26,0.0
SOL-85D,2027-08-02,0.0
SOL-85D,2027-08-09,0.0
SOL-85D,2027-08-16,0.0
SOL-85D,2027-08-23,0.0
SOL-85D,2027-08-30,0.0
SOL-85D,2027-09-06,0.0
SOL-85D,2027-09-13,0.0
SOL-85D,2027-09-20,0.0
SOL-85D,2027-09-27,0.0
SOL-85D,2027-10-04,0.0
SOL-85D,2027-10-11,0.0
SOL-85D,2027-10-18,0.0
SOL-85D,2027-10-25,0.0
SOL-85D,2027-11-01,0.0
SOL-85D,2027-11-08,0.0
SOL-85D,2027-11-15,0.0
SOL-85D,2027-11-22,0.0
SOL-85D,2027-11-29,0.0
SOL-85D,2027-12-06,0.0
SOL-85D,2027-12-13,0.0
SOL-85D,2027-12-20,0.0
SOL-250D,2025-12-29,0.0
SOL-250D,2026-01-05,0.0
SOL-250D,2026-01-12,0.0
SOL-250D,2026-01-19,0.0
SOL-250D,2026-01-26,0.0
SOL-250D,2026-02-02,0.0
SOL-250D,2026-02-09,0.0
SOL-250D,2026-02-16,0.0
SOL-250D,2026-02-23,0.0
SOL-250D,2026-03-02,0.0
SOL-250D,2026-03-09,0.0
SOL-250D,2026-03-16,0.0
SOL-250D,2026-03-23,0.0
SOL-250D,2026-03-30,0.0
SOL-250D,2026-04-06,0.0
SOL-250D,2026-04-13,0.0
SOL-250D,2026-04-20,0.0
SOL-250D,2026-04-27,0.0
SOL-250D,2026-05-04,0.0
SOL-250D,2026-05-11,0.0
SOL-250D,2026-05-18,0.0
SOL-250D,2026-05-25,0.0
SOL-250D,2026-06-01,0.0
SOL-250D,2026-06-08,0.0
SOL-250D,2026-06-15,0.0
SOL-250D,2026-06-22,0.0
SOL-250D,2026-06-29,0.0
SOL-250D,2026-07-06,0.0
SOL-250D,2026-07-13,0.0
SOL-250D,2026-07-20,0.0
SOL-250D,2026-07-27,0.0
SOL-250D,2026-08-03,0.0
SOL-250D,2026-08-10,0.0
SOL-250D,2026-08-17,0.0
SOL-250D,2026-08-24,0.0
SOL-250D,2026-08-31,0.0
SOL-250D,2026-09-07,0.0
SOL-250D,2026-09-14,0.0
SOL-250D,2026-09-21,0.0
SOL-250D,2026-09-28,0.0
SOL-250D,2026-10-05,0.0
SOL-250D,2026-10-12,0.0
SOL-250D,2026-10-19,0.0
SOL-250D,2026-10-26,0.0
SOL-250D,2026-11-02,0.0
SOL-250D,2026-11-09,0.0
SOL-250D,2026-11-16,0.0
SOL-250D,2026-11-23,0.0
SOL-250D,2026-11-30,0.0
SOL-250D,2026-12-07,0.0
SOL-250D,2026-12-14,0.0
SOL-250D,2026-12-21,0.0
SOL-250D,2026-12-28,0.0
SOL-250D,2027-01-04,0.0
SOL-250D,2027-01-11,0.0
SOL-250D,2027-01-18,0.0
SOL-250D,2027-01-25,0.0
SOL-250D,2027-02-01,0.0
SOL-250D,2027-02-08,0.0
SOL-250D,2027-02-15,0.0
SOL-250D,2027-02-22,0.0
SOL-250D,2027-03-01,0.0
SOL-250D,2027-03-08,0.0
SOL-250D,2027-03-15,0.0
SOL-250D,2027-03-22,0.0
SOL-250D,2027-03-29,0.0
SOL-250D,2027-04-05,0.0
SOL-250D,2027-04-12,0.0
SOL-250D,2027-04-19,0.0
SOL-250D,2027-04-26,0.0
SOL-250D,2027-05-03,0.0
SOL-250D,2027-05-10,0.0
SOL-250D,2027-05-17,0.0
SOL-250D,2027-05-24,0.0
SOL-250D,2027-05-31,0.0
SOL-250D,2027-06-07,0.0
SOL-250D,2027-06-14,0.0
SOL-250D,2027-06-21,0.0
SOL-250D,2027-06-28,0.0
SOL-250D,2027-07-05,0.0
SOL-250D,2027-07-12,0.0
SOL-250D,2027-07-19,0.0
SOL-250D,2027-07-26,0.0
SOL-250D,2027-08-02,0.0
SOL-250D,2027-08-09,0.0
SOL-250D,2027-08-16,0.0
SOL-250D,2027-08-23,0.0
SOL-250D,2027-08-30,0.0
SOL-250D,2027-09-06,0.0
SOL-250D,2027-09-13,0.0
SOL-250D,2027-09-20,0.0
SOL-250D,2027-09-27,0.0
SOL-250D,2027-10-04,0.0
SOL-250D,2027-10-11,0.0
SOL-250D,2027-10-18,0.0
SOL-250D,2027-10-25,0.0
SOL-250D,2027-11-01,0.0
SOL-250D,2027-11-08,0.0
SOL-250D,2027-11-15,0.0
SOL-250D,2027-11-22,0.0
SOL-250D,2027-11-29,0.0
SOL-250D,2027-12-06,0.0
SOL-250D,2027-12-13,0.0
SOL-250D,2027-12-20,0.0
Ester Film,2026-06-01,5.0
Ester Film,2026-06-08,5.0
Ester Film,2026-06-15,5.0
Ester Film,2026-06-22,5.0
Ester Film,2026-06-29,5.0
Ester Film,2026-07-06,5.0
Ester Film,2026-07-13,5.0
Ester Film,2026-07-20,5.0
Ester Film,2026-07-27,5.0
Ester Film,2026-08-03,5.0
Ester Film,2026-08-10,5.0
Ester Film,2026-08-17,5.0
Ester Film,2026-08-24,5.0
Ester Film,2026-08-31,5.0
Ester Film,2026-09-07,5.0
Ester Film,2026-09-14,5.0
Ester Film,2026-09-21,5.0
Ester Film,2026-09-28,5.0
Ester Film,2026-10-05,5.0
Ester Film,2026-10-12,5.0
Ester Film,2026-10-19,5.0
Ester Film,2026-10-26,5.0
Ester Film,2026-11-02,5.0
Ester Film,2026-11-09,5.0
Ester Film,2026-11-16,5.0
Ester Film,2026-11-23,5.0
Ester Film,2026-11-30,5.0
Ester Film,2026-12-07,5.0
Ester Film,2026-12-14,5.0
Ester Film,2026-12-21,5.0
Ester Film,2026-12-28,5.0
Ester Film,2027-01-04,5.0
Ester Film,2027-01-11,5.0
Ester Film,2027-01-18,5.0
Ester Film,2027-01-25,5.0
Ester Film,2027-02-01,5.0
Ester Film,2027-02-08,5.0
Ester Film,2027-02-15,5.0
Ester Film,2027-02-22,5.0
Ester Film,2027-03-01,5.0
Ester Film,2027-03-08,5.0
Ester Film,2027-03-15,5.0
Ester Film,2027-03-22,5.0
Ester Film,2027-03-29,5.0
Ester Film,2027-04-05,5.0
Ester Film,2027-04-12,5.0
Ester Film,2027-04-19,5.0
Ester Film,2027-04-26,5.0
Ester Film,2027-05-03,5.0
Ester Film,2027-05-10,5.0
Ester Film,2027-05-17,5.0
Ester Film,2027-05-24,5.0
PP Film,2026-06-01,21.0
PP Film,2026-06-08,18.0
PP Film,2026-06-15,0.0
PP Film,2026-06-22,4.0
PP Film,2026-06-29,15.0
PP Film,2026-07-06,9.0
PP Film,2026-07-13,12.0
PP Film,2026-07-20,16.0
PP Film,2026-07-27,16.0
PP Film,2026-08-03,20.0
PP Film,2026-08-10,17.0
PP Film,2026-08-17,6.0
PP Film,2026-08-24,12.0
PP Film,2026-08-31,7.0
PP Film,2026-09-07,13.0
PP Film,2026-09-14,19.0
PP Film,2026-09-21,16.0
PP Film,2026-09-28,16.0
PP Film,2026-10-05,18.0
PP Film,2026-10-12,19.0
PP Film,2026-10-19,18.0
PP Film,2026-10-26,23.0
PP Film,2026-11-02,26.0
PP Film,2026-11-09,26.0
PP Film,2026-11-16,26.0
PP Film,2026-11-23,19.0
PP Film,2026-11-30,23.0
PP Film,2026-12-07,10.0
PP Film,2026-12-14,10.0
PP Film,2026-12-21,0.0
PP Film,2026-12-28,0.0
PP Film,2027-01-04,13.0
PP Film,2027-01-11,16.0
PP Film,2027-01-18,24.0
PP Film,2027-01-25,16.0
PP Film,2027-02-01,19.0
PP Film,2027-02-08,15.0
PP Film,2027-02-15,10.0
PP Film,2027-02-22,16.0
PP Film,2027-03-01,16.0
PP Film,2027-03-08,6.0
PP Film,2027-03-15,9.0
PP Film,2027-03-22,13.0
PP Film,2027-03-29,3.0
PP Film,2027-04-05,6.0
PP Film,2027-04-12,9.0
PP Film,2027-04-19,11.0
PP Film,2027-04-26,0.0
PP Film,2027-05-03,5.0
PP Film,2027-05-10,0.0
PP Film,2027-05-17,0.0
PP Film,2027-05-24,0.0
